Scenario,Time,P0,P1,P2,P3,P4,P5,P6,P7,P8,P9,P10,P11,P12,P13,P14,P15,P16,P17,P18,P19,P20,P21,P22,P23,P24,P25,P26,P27,P28,P29,P30,P31,ECG,AX,AY,AZ,QW,QX,QY,QZ,CS,CA,CG,CM
paper,13:10:00.103,29263,7185,3001,1296,870,1221,725,1946,1248,689,773,1920,2794,29214,29074,29039,28986,29096,1511,1248,3225,1098,2329,2794,1103,1050,997,870,1300,2729,29030,29192,2147483647,64558,65487,9,2056,11351,2564,54187,1,3,3,1
paper,13:10:00.121,29320,7171,3010,1283,905,1221,729,1946,1230,725,747,1916,2781,29170,29065,28937,28937,29034,1472,1239,3181,1111,2403,2821,1111,1054,988,834,1287,2702,29144,29276,2147483647,64565,65486,65535,2051,11350,2560,54185,1,3,3,1
paper,13:10:00.303,29232,7171,2979,1300,848,1239,738,1933,1256,764,738,1924,2816,29241,29148,28920,28990,29144,1463,1239,3150,1129,2355,2825,1094,1067,979,839,1327,2663,29078,29210,2147483647,64554,65484,2,2048,11351,2563,54186,1,3,3,1
paper,13:10:00.318,29289,7202,3005,1305,909,1208,738,1946,1265,764,760,1907,2786,29192,29056,28999,29025,29091,1489,1252,3164,1129,2355,2830,1089,1037,1001,878,1322,2724,29157,29285,2147483647,64558,65483,65535,2049,11345,2562,54180,1,3,3,1
paper,13:10:00.503,29276,7180,3041,1291,896,1221,751,1920,1252,725,711,1911,2794,29192,29091,28937,28924,29096,1507,1256,3155,1160,2399,2786,1125,1054,1006,865,1283,2768,29061,29210,2147483647,64557,65484,1,2049,11344,2564,54179,1,3,3,1
paper,13:10:00.518,29263,7176,3005,1296,892,1212,742,1933,1221,703,755,1920,2816,29157,29091,28990,29012,29104,1472,1217,3164,1142,2373,2825,1103,1067,1006,830,1305,2724,29113,29276,2147483647,64556,65485,8,2049,11342,2563,54177,1,3,3,1
paper,13:10:00.703,29245,7141,3032,1291,900,1256,782,1916,1252,773,769,1916,2790,29197,29091,28889,28981,29069,1502,1217,3199,1177,2395,2786,1120,1037,1028,861,1309,2707,29039,29219,2147483647,64552,65478,65530,2049,11339,2562,54173,1,3,3,1
paper,13:10:00.803,29175,7185,2983,1283,909,1221,773,1955,1270,760,755,1920,2821,29245,29232,29043,28933,29228,1445,1265,3208,1173,2386,2799,1107,1019,997,878,1305,2720,29140,29162,2147483647,64554,65488,1,2047,11341,2561,54175,1,3,3,1
paper,13:10:00.903,29241,7136,3023,1313,883,1217,760,1955,1248,733,711,1929,2733,29179,29047,28911,28937,29052,1511,1204,3177,1138,2377,2816,1111,1032,1041,865,1252,2733,28986,29197,2147483647,64551,65477,65535,2047,11340,2561,54174,1,3,3,1
paper,13:10:01.003,29276,7154,2988,1291,909,1204,786,1937,1252,729,755,1920,2799,29228,29197,28986,29008,29113,1498,1226,3181,1168,2355,2812,1129,1041,1037,830,1313,2737,29091,29298,2147483647,64564,65485,3,2045,11336,2566,54171,1,3,3,1
paper,13:10:01.104,29241,7127,2957,1274,878,1230,720,1959,1274,769,751,1872,2803,29148,29170,28894,28924,29236,1507,1168,3159,1142,2386,2816,1125,1059,1045,892,1305,2750,29061,29206,2147483647,64558,65484,1,2046,11333,2566,54168,1,3,3,1
paper,13:10:01.204,29192,7145,3014,1291,883,1239,694,1968,1270,720,769,1911,2737,29223,29197,28986,28937,29241,1428,1226,3150,1155,2390,2812,1116,1072,1037,852,1344,2750,29113,29228,2147483647,64558,65484,2,2047,11328,2565,54163,1,3,3,1
paper,13:10:01.303,29293,7185,3067,1296,914,1265,738,1916,1239,729,725,1907,2799,29140,29118,28924,28933,29175,1511,1212,3190,1146,2390,2834,1133,1059,993,874,1283,2724,29109,29289,2147483647,64556,65483,65534,2054,11318,2556,54153,1,3,3,1
paper,13:10:01.404,29179,7136,3023,1283,896,1252,747,1955,1199,742,764,1889,2781,29263,29241,28973,28995,29219,1529,1252,3159,1142,2381,2790,1125,1063,988,852,1318,2729,29069,29197,2147483647,64558,65488,6,2057,11315,2555,54150,1,3,3,1
paper,13:10:01.504,29214,7163,2979,1278,905,1248,747,1955,1234,742,747,1907,2799,29188,29166,28959,28898,29175,1485,1217,3177,1129,2399,2764,1116,1054,975,843,1313,2733,29197,29201,2147483647,64547,65493,0,2058,11317,2557,54152,1,3,3,1
paper,13:10:01.604,29047,7189,3023,1274,870,1248,742,1911,1248,720,777,1907,2803,29214,29104,28889,29104,29096,1498,1208,3186,1138,2342,2799,1129,1032,993,887,1296,2724,28828,29061,2147483647,64555,65485,10,2053,11305,2564,54142,1,3,3,1
paper,13:10:01.703,29179,7176,2997,1287,874,1234,751,1955,1234,716,773,1920,2759,29179,29201,28964,28964,29214,1494,1226,3203,1190,2373,2777,1107,1045,1019,870,1283,2724,29065,29096,2147483647,64564,65479,8,2059,11278,2554,54113,1,3,3,1
paper,13:10:01.814,29126,7158,3001,1287,896,1212,742,1924,1278,733,725,1858,2794,29170,29140,29065,29083,29148,1485,1248,3199,1098,2403,2803,1120,1089,1015,856,1274,2733,29017,29148,2147483647,64538,65484,21,2062,11274,2547,54108,1,3,3,1
paper,13:10:01.828,28894,7167,3001,1278,922,1226,742,1920,1256,711,729,1911,2764,29192,29184,29236,29214,29241,1502,1195,3164,1120,2355,2790,1138,1094,997,830,1296,2724,28977,28924,2147483647,64555,65483,13,2059,11272,2546,54105,1,3,3,1
paper,13:10:02.003,28806,7132,2966,1270,883,1252,769,1933,1265,751,760,1867,2772,29153,29170,29030,29091,29135,1485,1234,3172,1168,2377,2816,1089,1072,1015,843,1278,2689,28762,28810,2147483647,64568,65482,4,2060,11253,2546,54087,1,3,3,1
paper,13:10:02.103,29131,7189,3010,1291,900,1212,755,1911,1256,764,764,1933,2781,29245,29228,29083,29069,29245,1498,1208,3142,1129,2408,2803,1085,1023,1015,896,1291,2742,29096,29126,2147483647,64563,65481,16,2061,11254,2547,54089,1,3,3,1
paper,13:10:02.203,29087,7167,3005,1274,883,1243,760,1933,1248,769,738,1916,2755,29100,29148,29047,29017,29162,1467,1208,3203,1142,2395,2768,1094,1072,979,848,1278,2707,29069,29118,2147483647,64545,65484,11,2060,11260,2540,54093,1,3,3,1
paper,13:10:02.304,29144,7154,3067,1305,892,1261,725,1929,1291,755,769,1929,2768,29342,29214,29065,29091,29219,1480,1217,3199,1195,2386,2856,1103,1037,988,843,1252,2693,29087,29170,2147483647,64552,65474,24,2060,11259,2540,54092,1,3,3,1
paper,13:10:02.403,29122,7154,3023,1283,914,1234,782,1920,1239,764,694,1916,2755,29214,29179,29056,29083,29197,1516,1226,3186,1125,2373,2786,1111,1032,1015,839,1291,2733,29043,29039,2147483647,64542,65490,27,2054,11264,2545,54097,1,3,3,1
paper,13:10:02.503,29083,7141,2997,1296,905,1230,751,1937,1243,720,742,1880,2790,29254,29228,28955,28911,29201,1458,1234,3177,1164,2381,2786,1133,1063,997,861,1305,2724,29131,29144,2147483647,64557,65486,22,2047,11250,2558,54084,1,3,3,1
paper,13:10:02.603,29104,7189,3010,1309,883,1234,751,1946,1270,747,742,1894,2812,29223,29157,28977,28973,29206,1485,1270,3190,1155,2381,2768,1098,1054,1054,865,1287,2750,29069,29069,2147483647,64565,65482,17,2042,11239,2560,54073,1,3,3,1
paper,13:10:02.703,29109,7141,2988,1309,883,1195,751,1933,1243,738,703,1911,2821,29179,29245,28942,28986,29258,1507,1221,3172,1155,2351,2772,1120,1059,1019,843,1274,2685,29100,29061,2147483647,64556,65486,24,2040,11241,2560,54075,1,3,3,1
paper,13:10:02.803,29175,7171,3023,1305,896,1265,769,1986,1243,707,738,1889,2750,29175,29166,28995,28990,29197,1480,1204,3208,1160,2359,2786,1098,1076,1010,834,1283,2689,29052,29100,2147483647,64560,65472,15,2034,11234,2562,54067,1,3,3,1
paper,13:10:02.903,29135,7158,2988,1300,861,1186,773,1946,1274,733,720,1907,2781,29254,29223,29052,29100,29250,1489,1283,3159,1151,2346,2786,1125,1063,1006,848,1300,2702,29083,29091,2147483647,64558,65482,13,2028,11234,2567,54067,1,3,3,1
paper,13:10:03.003,29201,7163,3001,1300,896,1221,747,1964,1291,751,738,1828,2812,29192,29179,28937,28964,29157,1520,1226,3159,1151,2403,2830,1103,1072,1010,826,1313,2711,29113,29157,2147483647,64565,65475,18,2027,11228,2566,54061,1,3,3,1
paper,13:10:03.103,29104,7163,3045,1278,870,1256,729,1942,1256,694,773,1959,2790,29148,29192,28916,28920,29162,1485,1212,3150,1142,2395,2803,1120,1059,979,826,1313,2711,29131,29175,2147483647,64560,65481,17,2022,11225,2569,54058,1,3,3,1
paper,13:10:03.203,29179,7149,2983,1335,905,1248,751,1916,1283,755,729,1902,2759,29271,29219,29104,29091,29201,1498,1208,3229,1146,2342,2799,1116,1010,1023,834,1296,2729,29043,29170,2147483647,64566,65476,22,2018,11223,2574,54057,1,3,3,1
paper,13:10:03.303,29109,7189,3023,1274,892,1239,747,1916,1243,742,747,1898,2777,29223,29188,29039,29025,29166,1480,1261,3212,1138,2355,2838,1173,1089,1032,830,1274,2742,28986,29140,2147483647,64553,65478,23,2017,11218,2576,54051,1,3,3,1
paper,13:10:03.423,29236,7145,3036,1318,892,1234,764,1929,1291,729,733,1907,2777,29289,29214,28968,28959,29228,1476,1221,3221,1186,2346,2786,1107,1076,1023,843,1335,2755,29052,29258,2147483647,64559,65477,22,2017,11216,2579,54050,1,3,3,1
paper,13:10:03.503,29003,7167,3014,1296,900,1234,773,1955,1256,751,720,1889,2755,29113,28889,28999,29065,28933,1502,1234,3177,1142,2377,2852,1085,1054,1010,870,1322,2724,28959,28977,2147483647,64563,65467,15,2017,11213,2579,54048,1,3,3,1
paper,13:10:03.604,28924,7185,2983,1322,874,1217,760,1959,1221,733,716,1894,2764,29285,29135,28973,29096,29192,1489,1217,3203,1142,2364,2768,1129,1037,1028,856,1291,2729,28867,28823,2147483647,64558,65484,17,2021,11219,2575,54053,1,3,3,1
paper,13:10:03.703,29096,7132,2983,1322,914,1239,720,1955,1261,720,725,1894,2772,29201,29148,28898,28929,29153,1472,1270,3208,1177,2399,2803,1103,1054,1010,861,1291,2733,28973,29113,2147483647,64557,65478,13,2025,11213,2572,54047,1,3,3,1
paper,13:10:03.803,29126,7176,3014,1313,922,1243,742,1951,1270,720,760,1898,2772,29351,29223,29113,29065,29197,1480,1217,3155,1125,2359,2781,1089,1045,1006,896,1287,2724,29012,29153,2147483647,64562,65479,15,2023,11214,2573,54048,1,3,3,1
paper,13:10:03.903,29122,7141,2997,1248,865,1212,777,1920,1283,751,751,1876,2777,29241,29118,28977,28990,29157,1507,1204,3137,1155,2377,2803,1107,1067,1050,861,1313,2702,28951,29091,2147483647,64554,65476,19,2024,11213,2573,54048,1,3,3,1
paper,13:10:03.918,29140,7127,3001,1287,887,1234,720,1977,1256,711,760,1929,2720,29307,29245,29083,29104,29236,1467,1221,3186,1142,2364,2812,1129,1107,1001,839,1296,2711,28973,29126,2147483647,64551,65477,18,2025,11209,2572,54043,1,3,3,1
paper,13:10:04.103,28964,7141,2979,1283,852,1217,755,1946,1256,725,720,1885,2834,29271,29157,29210,29166,29175,1485,1173,3190,1129,2342,2812,1142,1076,1041,843,1296,2729,29003,28889,2147483647,64564,65477,22,2026,11204,2571,54039,1,3,3,1
paper,13:10:04.118,29126,7127,3001,1283,892,1234,725,1937,1252,751,755,1885,2724,29223,29276,28964,28986,29254,1507,1212,3229,1138,2359,2790,1067,1059,1019,852,1291,2715,28911,29104,2147483647,64566,65472,13,2027,11200,2574,54036,1,3,3,1
paper,13:10:04.303,29192,7132,3027,1309,887,1252,773,1964,1256,751,725,1920,2799,29232,29122,29083,29034,29087,1472,1283,3190,1146,2359,2790,1089,1076,1015,870,1322,2693,29047,29166,2147483647,64553,65479,22,2029,11205,2580,54042,1,3,3,1
paper,13:10:04.319,29148,7079,3005,1313,870,1243,755,1924,1261,729,747,1885,2781,29293,29179,29056,29061,29258,1502,1248,3177,1111,2333,2772,1133,1059,1010,843,1274,2733,28929,29083,2147483647,64567,65475,25,2034,11201,2573,54038,1,3,3,1
paper,13:10:04.503,29166,7154,2997,1287,900,1208,755,1920,1226,738,711,1845,2781,29210,29285,28920,28933,29188,1489,1248,3155,1164,2359,2786,1045,1045,1006,865,1296,2698,28990,29100,2147483647,64565,65483,36,2028,11210,2573,54044,1,3,3,1
paper,13:10:04.520,29104,7149,2983,1309,883,1239,742,1951,1226,773,747,1894,2772,29250,29206,28999,29021,29223,1485,1195,3194,1138,2390,2786,1089,1089,984,865,1291,2737,29039,29153,2147483647,64548,65477,34,2030,11214,2570,54049,1,3,3,1
paper,13:10:04.704,29162,7163,3014,1340,896,1217,764,1911,1234,742,711,1902,2781,29337,29241,29104,29100,29170,1529,1208,3172,1129,2351,2777,1098,1045,1006,830,1287,2724,28902,29170,2147483647,64543,65476,19,2034,11209,2580,54047,1,3,3,1
paper,13:10:04.803,29122,7136,3010,1296,896,1226,742,1955,1234,729,685,1902,2768,29140,29184,28973,28937,29228,1489,1182,3177,1120,2342,2799,1098,1063,1006,782,1300,2693,28885,29065,2147483647,64558,65470,6,2035,11205,2593,54044,0,3,3,1
paper,13:10:04.903,29175,7114,3041,1287,883,1265,751,1964,1217,711,720,1916,2737,29232,29263,28946,28977,29219,1516,1186,3155,1151,2289,2794,1146,1045,1001,874,1296,2724,28858,29179,2147483647,64567,65471,13,2027,11198,2604,54040,0,3,3,1
go to fist,13:10:05.004,29069,7132,2983,1313,887,1226,747,1929,1261,725,733,1898,2790,29333,29258,29043,29012,29157,1472,1234,3159,1146,2337,2790,1072,1059,993,812,1283,2742,28656,29131,2147483647,64565,65473,17,2021,11200,2611,54043,0,3,3,1
go to fist,13:10:05.103,28937,7114,3076,1296,878,1265,729,1955,1256,729,738,1872,2803,29293,29135,28951,29144,29184,1498,1243,3155,1164,2351,2830,1098,1037,1019,878,1313,2746,28876,28977,2147483647,64558,65467,23,2022,11193,2609,54036,0,3,3,1
go to fist,13:10:05.213,29188,7154,3027,1278,883,1234,760,1955,1261,698,755,1894,2794,29263,29131,29065,29069,29126,1507,1226,3181,1138,2359,2786,1120,1059,997,834,1318,2737,28647,29126,2147483647,64555,65473,19,2011,11192,2624,54035,0,3,3,1
go to fist,13:10:05.303,28924,7119,2997,1327,870,1243,769,1907,1248,729,760,1907,2772,29346,29228,29267,29228,29206,1498,1248,3181,1133,2346,2772,1085,1045,944,848,1322,2711,29109,28885,2147483647,64559,65469,27,2002,11192,2634,54037,0,3,3,1
go to fist,13:10:05.403,29153,7180,2992,1278,865,1234,747,1924,1217,729,733,1894,2799,29271,29144,29078,29052,29219,1498,1221,3159,1160,2342,2772,1085,1054,1001,887,1274,2720,28612,29153,2147483647,64573,65467,22,1999,11185,2633,54028,0,3,3,1
go to fist,13:10:05.504,29131,7083,2948,1274,883,1239,764,1955,1252,729,742,1885,2786,29377,29228,29069,29122,29214,1458,1230,3164,1116,2337,2808,1142,1032,988,834,1287,2720,28867,29104,2147483647,64549,65468,22,1997,11192,2632,54036,0,3,3,1
go to fist,13:10:05.604,29214,7110,2983,1287,909,1217,755,1898,1230,738,733,1902,2786,29179,29170,28920,28937,29170,1498,1208,3194,1133,2351,2808,1125,1032,1019,843,1291,2772,28669,29135,2147483647,64551,65466,15,1999,11184,2634,54031,0,3,3,1
go to fist,13:10:05.703,29153,7132,3032,1278,892,1226,729,1942,1256,698,733,1898,2812,29250,29236,28924,29008,29219,1472,1182,3133,1138,2307,2746,1089,1067,988,821,1291,2711,28573,29087,2147483647,64569,65478,24,1998,11182,2642,54028,0,3,3,1
go to fist,13:10:05.804,29118,7207,2988,1309,900,1217,782,1885,1248,729,707,1880,2777,29320,29153,29043,29030,29201,1476,1243,3199,1160,2324,2764,1103,1050,979,852,1331,2746,28951,29140,2147483647,64549,65472,11,1996,11187,2642,54033,0,3,3,1
go to fist,13:10:05.819,29131,7136,2979,1300,905,1265,703,1911,1291,716,733,1889,2755,29197,29175,28959,28929,29179,1472,1243,3159,1151,2329,2794,1120,1063,1006,834,1265,2707,28863,29162,2147483647,64553,65467,24,1992,11180,2638,54023,0,3,3,1
go to fist,13:10:06.014,29219,7136,2953,1270,852,1221,769,1942,1243,755,738,1889,2790,29135,29236,29025,29030,29263,1467,1239,3164,1125,2364,2764,1133,1098,988,843,1283,2720,28749,29126,2147483647,64561,65463,27,1984,11182,2640,54024,0,3,3,1
go to fist,13:10:06.103,28907,7145,3010,1248,865,1217,729,1937,1234,738,720,1911,2812,29206,29179,29065,29083,29131,1502,1221,3168,1142,2368,2777,1120,1072,988,834,1322,2737,29153,28885,2147483647,64555,65468,23,1976,11175,2649,54019,0,3,3,1
go to fist,13:10:06.214,28916,7163,2944,1300,874,1234,755,1968,1278,733,747,1924,2808,29263,29135,28986,29179,29219,1472,1270,3208,1146,2412,2825,1094,1116,1010,896,1291,2698,28920,28823,2147483647,64567,65468,37,1975,11177,2649,54021,0,3,3,1
go to fist,13:10:06.303,29003,7136,3014,1291,896,1230,729,1942,1278,729,777,1889,2772,29170,29241,29087,29061,29197,1489,1234,3177,1142,2368,2812,1129,1054,993,843,1305,2693,29087,28832,2147483647,64562,65465,38,1972,11175,2642,54018,0,3,3,1
go to fist,13:10:06.403,29157,7185,2979,1283,883,1243,742,1933,1234,738,755,1911,2812,29254,29210,29091,29131,29232,1467,1248,3168,1125,2337,2777,1138,1072,984,817,1261,2685,28674,29170,2147483647,64569,65467,13,1977,11173,2645,54015,0,3,3,1
go to fist,13:10:06.418,29219,7136,2970,1252,865,1261,720,1946,1252,698,733,1933,2834,29043,29214,28995,29030,29210,1467,1230,3181,1138,2342,2786,1103,1037,1006,834,1278,2764,28735,29140,2147483647,64553,65481,14,1979,11181,2643,54023,0,3,3,1
go to fist,13:10:06.519,29122,7149,2979,1300,918,1243,764,1894,1278,716,751,1920,2746,29232,29219,29100,29091,29188,1498,1234,3190,1133,2386,2821,1085,1041,988,861,1300,2715,28731,29109,2147483647,64565,65463,19,1982,11176,2643,54019,0,3,3,1
go to fist,13:10:06.704,29131,7149,3058,1318,892,1226,747,1933,1221,742,738,1942,2816,29148,29148,29065,29039,29223,1480,1199,3190,1138,2346,2808,1094,1098,1001,821,1283,2707,28630,29131,2147483647,64549,65457,18,1989,11165,2649,54008,0,3,3,1
go to fist,13:10:06.804,29122,7242,3014,1274,940,1243,755,1933,1256,716,773,1946,2808,29228,29223,29083,29096,29223,1520,1252,3190,1199,2403,2821,1116,1081,993,848,1291,2724,28880,29113,2147483647,64541,65471,15,1976,11167,2640,54012,0,3,3,1
go to fist,13:10:06.903,29162,7224,3019,1287,852,1252,742,1942,1230,729,751,1951,2799,29201,29192,29135,29135,29175,1498,1217,3208,1129,2373,2834,1138,1089,1001,843,1335,2720,28784,29236,2147483647,64557,65469,29,1976,11159,2643,54003,0,3,3,1
go to fist,13:10:07.004,29122,7141,3032,1291,887,1230,804,1946,1230,707,747,1942,2764,29219,29184,29056,29091,29219,1494,1243,3208,1125,2399,2812,1103,1085,966,865,1344,2715,28894,29140,2147483647,64566,65479,38,1987,11158,2640,54006,1,3,3,1
go to fist,13:10:07.104,29153,7202,3084,1296,909,1265,782,1942,1248,703,689,1937,2808,29087,29219,29175,29122,29166,1476,1248,3172,1160,2355,2781,1120,1098,1010,861,1318,2733,28608,29179,2147483647,64557,65471,15,1980,11193,2644,54039,1,3,3,1
go to fist,13:10:07.204,29140,7136,3093,1287,870,1239,751,1924,1234,725,782,1937,2856,29087,29175,29188,29192,29214,1502,1261,3194,1186,2377,2808,1098,1054,1050,852,1296,2715,28845,29135,2147483647,64561,65478,17,1965,11219,2647,54058,1,3,3,1
go to fist,13:10:07.219,29219,7229,3014,1300,909,1239,791,1959,1208,751,747,1933,2830,29201,29223,29219,29271,29236,1524,1230,3177,1129,2346,2838,1133,1045,984,839,1270,2707,28687,29175,2147483647,64546,65473,8,1961,11233,2649,54074,1,3,3,1
go to fist,13:10:07.404,29074,7207,3001,1278,887,1256,782,1955,1265,760,751,1911,2852,29056,29192,29061,29056,29258,1485,1243,3146,1133,2390,2825,1120,1063,1019,852,1309,2746,28700,29065,2147483647,64560,65460,32,1962,11250,2661,54092,1,3,3,1
go to fist,13:10:07.503,29162,7193,3071,1287,909,1226,747,1916,1256,733,782,1955,2812,29184,29311,29131,29122,29254,1498,1208,3199,1103,2408,2856,1094,1063,1019,870,1278,2737,28823,29206,2147483647,64553,65468,65531,1953,11275,2667,54120,1,3,3,1
go to fist,13:10:07.603,29122,7229,3093,1291,909,1239,791,1955,1278,751,747,1964,2838,29148,29206,29188,29166,29170,1507,1243,3146,1116,2390,2803,1098,1076,1028,861,1283,2764,28608,29118,2147483647,64560,65473,65531,1940,11293,2671,54134,0,3,3,1
go to fist,13:10:07.704,29201,7193,3041,1270,927,1270,760,1924,1252,716,711,1955,2830,29153,29210,29254,29197,29219,1502,1186,3186,1125,2416,2860,1120,1050,1006,856,1278,2742,28608,29153,2147483647,64549,65473,65524,1954,11289,2666,54131,0,3,3,1
go to fist,13:10:07.719,29118,7229,3067,1344,900,1239,751,1968,1226,698,777,1911,2838,29113,29219,29135,29223,29214,1520,1239,3181,1133,2412,2816,1138,1059,1019,826,1291,2786,28647,29074,2147483647,64558,65468,65506,1964,11317,2669,54166,0,3,3,1
go to fist,13:10:07.824,29144,7290,3128,1300,861,1278,738,1955,1252,720,747,1981,2913,29148,29030,29223,29241,29140,1520,1243,3221,1160,2364,2869,1076,1037,1045,826,1296,2720,28828,29188,2147483647,64577,65485,65525,1946,11366,2681,54210,0,3,3,1
go to fist,13:10:08.004,28889,7316,3203,1278,940,1265,769,1955,1230,720,755,1898,2882,29104,29236,28973,29126,29206,1511,1239,3221,1125,2381,2878,1111,1094,1010,834,1305,2746,29069,28916,2147483647,64559,65477,65524,1907,11430,2680,54268,0,3,3,1
go to fist,13:10:08.103,29091,7338,3208,1252,878,1239,782,1981,1243,738,751,1951,2882,29118,29223,29280,29276,29214,1542,1226,3199,1129,2408,2917,1072,1059,1015,856,1287,2755,28604,29122,2147483647,64544,65468,65516,1895,11463,2646,54291,0,3,3,1
go to fist,13:10:08.204,29166,7303,3120,1274,918,1226,751,1924,1252,738,755,1986,2869,29091,29140,29052,29061,29175,1533,1252,3181,1089,2412,2869,1089,1063,979,826,1305,2737,28806,29135,2147483647,64544,65469,65531,1895,11461,2640,54288,0,3,3,1
go to fist,13:10:08.303,29140,7290,3186,1309,900,1221,738,1951,1274,729,733,1933,2878,29148,29210,29170,29170,29228,1494,1221,3229,1098,2421,2887,1081,1094,997,821,1300,2764,28770,29135,2147483647,64555,65476,65521,1902,11437,2623,54260,0,3,3,1
go to fist,13:10:08.318,29170,7255,3111,1296,909,1243,782,1977,1234,755,742,1955,2856,29157,29228,29245,29210,29179,1467,1226,3190,1155,2416,2856,1094,1107,988,861,1296,2764,28973,29175,2147483647,64556,65482,65503,1898,11452,2630,54277,0,3,3,1
go to fist,13:10:08.419,29091,7198,3076,1291,914,1221,720,1968,1234,747,711,1924,2856,29052,29144,29201,29232,29179,1485,1217,3225,1151,2487,2891,1120,1037,1019,892,1291,2698,28595,29104,2147483647,64533,65474,65490,1895,11471,2644,54299,0,3,3,1
go to fist,13:10:08.603,29210,7141,3019,1318,905,1248,742,1973,1248,685,729,1929,2913,29100,29223,29219,29250,29254,1480,1239,3216,1151,2478,2860,1125,1076,1006,861,1296,2729,28951,29170,2147483647,64542,65465,65529,1907,11471,2654,54303,0,3,3,1
go to fist,13:10:08.619,29175,7136,2988,1278,914,1252,742,1955,1234,755,733,1916,2869,29197,29280,29223,29188,29337,1467,1226,3190,1125,2496,2830,1142,1081,993,848,1331,2715,28691,29078,2147483647,64556,65465,65496,1923,11450,2662,54287,0,3,3,1
go to fist,13:10:08.804,29192,7154,2992,1278,931,1252,764,1942,1252,733,773,1942,2887,29126,29228,29223,29285,29214,1520,1204,3194,1177,2522,2874,1111,1120,971,843,1327,2750,29025,29166,2147483647,64561,65486,65520,1934,11449,2669,54290,0,3,3,1
go to fist,13:10:08.903,29175,7127,2970,1322,900,1217,751,1973,1252,751,733,1916,2891,29039,29232,29192,29228,29175,1529,1217,3199,1116,2535,2852,1098,1076,975,848,1265,2755,28951,29118,2147483647,64572,65479,65507,1951,11451,2666,54293,0,3,3,1
go to fist,13:10:09.003,29232,7092,2970,1283,878,1243,751,1990,1230,738,725,1951,2878,29140,29250,29258,29258,29289,1507,1226,3260,1120,2575,2847,1120,1076,1006,821,1283,2759,28990,29206,2147483647,64567,65485,65509,1953,11466,2667,54310,0,3,3,1
go to fist,13:10:09.103,28902,7136,2957,1300,931,1217,738,1968,1239,738,755,1911,2874,29096,29162,29148,29188,29206,1498,1230,3251,1107,2562,2909,1107,1063,1006,817,1291,2768,29039,29008,2147483647,64562,65474,65507,1960,11476,2678,54323,0,3,3,1
go to fist,13:10:09.203,29087,7110,2944,1318,918,1199,733,1920,1274,711,742,1955,2882,29113,29250,29298,29241,29232,1502,1217,3203,1107,2610,2909,1125,1063,984,887,1300,2781,29025,29003,2147483647,64566,65473,65512,1973,11474,2689,54326,0,3,3,1
go to fist,13:10:09.303,28757,7141,2944,1309,896,1256,760,1968,1248,725,777,1959,2895,29109,29122,29219,29236,29091,1529,1226,3221,1120,2557,2891,1089,1054,975,896,1283,2772,29012,28946,2147483647,64543,65475,65512,1989,11479,2698,54336,0,3,3,1
go to fist,13:10:09.403,29030,7149,2922,1300,909,1239,764,1964,1278,729,747,1964,2878,29232,29386,29293,29271,29373,1507,1248,3194,1151,2601,2895,1103,1041,1001,861,1322,2759,28942,29030,2147483647,64558,65477,65512,1995,11478,2710,54340,0,3,3,1
go to fist,13:10:09.503,29056,7119,2948,1278,909,1243,747,1937,1252,729,769,1924,2895,29056,29210,29232,29144,29157,1480,1243,3208,1116,2597,2904,1103,1098,1010,856,1305,2764,28999,29074,2147483647,64551,65471,65495,1998,11477,2718,54341,0,3,3,1
go to fist,13:10:09.519,29043,7075,2957,1283,944,1252,716,2025,1261,711,747,1937,2891,29126,29236,29214,29245,29267,1511,1195,3234,1155,2583,2891,1142,1094,1010,848,1278,2750,28942,29025,2147483647,64544,65485,65507,2002,11489,2727,54356,0,3,3,1
go to fist,13:10:09.704,29065,7092,2953,1305,949,1221,733,2043,1221,738,751,1951,2874,28876,29276,29236,29201,29298,1489,1221,3186,1129,2592,2926,1107,1089,997,870,1278,2746,29184,29109,2147483647,64553,65476,65504,2005,11487,2731,54354,0,3,3,1
go to fist,13:10:09.804,29078,7092,2975,1296,931,1283,738,1964,1230,738,747,1937,2852,29184,29307,29166,29206,29311,1507,1287,3186,1111,2579,2891,1089,1059,979,861,1296,2750,28937,28942,2147483647,64580,65480,65521,2008,11477,2734,54347,0,3,3,1
go to fist,13:10:09.904,29021,7079,2939,1291,927,1208,733,1955,1226,760,747,1937,2878,29219,29311,29214,29201,29346,1516,1221,3168,1155,2641,2887,1142,1094,1050,870,1270,2724,28964,29069,2147483647,64548,65477,65509,2009,11486,2737,54356,0,3,3,1
go to fist,13:10:09.919,28929,7123,2737,1283,936,1243,751,1986,1261,760,742,1973,2891,29091,29184,29214,29206,29192,1489,1261,3208,1098,2601,2887,1107,1067,1032,870,1296,2724,28990,28942,2147483647,64550,65483,65495,2020,11466,2729,54336,0,3,3,1
wait in fist,13:10:10.104,28801,7057,2953,1278,944,1234,716,1973,1199,729,729,1964,2895,29219,29364,29228,29228,29381,1502,1248,3216,1107,2641,2882,1107,1098,1001,896,1309,2715,29021,28854,2147483647,64554,65477,65509,2029,11454,2739,54328,0,3,3,1
wait in fist,13:10:10.204,28801,7070,2988,1305,931,1256,703,1986,1226,733,760,1920,2878,29192,29289,29179,29188,29289,1472,1256,3229,1107,2632,2860,1125,1067,1054,839,1291,2750,28898,28770,2147483647,64557,65483,65515,2036,11443,2745,54319,0,3,3,1
wait in fist,13:10:10.314,28889,7070,3010,1291,900,1243,729,2003,1217,738,729,1902,2852,29201,29329,29245,29219,29403,1502,1239,3251,1160,2667,2891,1098,1085,1010,843,1274,2781,28959,28959,2147483647,64570,65480,65521,2042,11428,2758,54309,0,3,3,1
wait in fist,13:10:10.403,29030,7145,2935,1270,940,1204,742,1999,1226,738,720,1894,2882,29069,29285,29135,29162,29280,1507,1248,3229,1164,2680,2882,1129,1081,1010,852,1274,2772,29025,29034,2147483647,64565,65478,65497,2058,11404,2762,54288,0,3,3,1
wait in fist,13:10:10.504,28823,7075,2917,1283,927,1221,764,1942,1256,707,755,1937,2900,29096,29184,29219,29280,29223,1485,1221,3199,1142,2733,2891,1103,1081,1019,852,1327,2794,29109,28792,2147483647,64562,65474,65502,2070,11387,2776,54276,0,3,3,1
wait in fist,13:10:10.604,29078,7070,2909,1230,927,1243,747,2003,1243,729,751,1973,2891,28929,29302,28937,29078,29381,1454,1234,3265,1151,2707,2895,1138,1059,993,852,1331,2764,29025,29034,2147483647,64567,65479,65511,2068,11384,2785,54275,0,3,3,1
wait in fist,13:10:10.704,28920,7092,2852,1270,900,1252,751,2008,1252,742,742,1955,2904,29131,29236,29228,29232,29285,1494,1256,3225,1120,2737,2887,1125,1085,988,887,1327,2733,28968,28770,2147483647,64561,65481,65507,2070,11378,2798,54272,0,3,3,1
wait in fist,13:10:10.804,28823,7070,2931,1252,896,1265,769,1999,1226,711,755,1955,2895,29083,29162,29166,29153,29210,1516,1256,3251,1072,2746,2917,1138,1076,1054,874,1313,2724,28968,28801,2147483647,64562,65472,65526,2080,11346,2805,54244,0,3,3,1
wait in fist,13:10:10.819,28916,7040,2887,1300,949,1230,733,1955,1248,703,773,1955,2939,29267,29228,29201,29241,29254,1498,1234,3251,1160,2742,2900,1098,1045,1041,821,1287,2689,28916,28669,2147483647,64566,65475,65522,2083,11348,2809,54248,0,3,3,1
wait in fist,13:10:11.004,28924,7044,2909,1274,909,1243,742,2034,1234,733,755,1929,2878,29188,29140,29179,29188,29188,1538,1243,3251,1116,2737,2882,1103,1054,1006,839,1291,2707,29034,28801,2147483647,64543,65470,65513,2091,11344,2813,54246,0,3,3,1
wait in fist,13:10:11.104,29184,7031,2891,1287,962,1230,698,2017,1217,716,764,1959,2913,28841,29351,28990,29043,29364,1489,1248,3203,1142,2768,2882,1067,1063,1028,791,1305,2729,29241,29232,2147483647,64566,65469,65529,2096,11340,2815,54244,0,3,3,1
wait in fist,13:10:11.204,28911,7088,2961,1265,922,1248,729,1977,1243,698,733,1959,2887,29135,29069,29280,29271,29113,1437,1208,3194,1111,2755,2909,1111,1059,984,812,1265,2786,28885,28731,2147483647,64549,65471,65535,2100,11341,2813,54245,0,3,3,1
wait in fist,13:10:11.303,28955,7048,2961,1230,979,1248,755,1981,1217,729,755,1946,2865,29179,29157,29214,29214,29175,1489,1234,3203,1120,2742,2830,1085,1098,1001,861,1274,2737,28937,28898,2147483647,64548,65478,65533,2106,11337,2815,54242,0,3,3,1
wait in fist,13:10:11.404,28841,7066,2939,1283,944,1204,733,1995,1212,733,733,1968,2913,29254,29254,29223,29166,29236,1524,1239,3190,1138,2737,2856,1111,1089,1019,870,1278,2737,28973,28823,2147483647,64546,65475,65527,2111,11330,2818,54237,0,3,3,1
wait in fist,13:10:11.503,28854,7097,2922,1278,966,1256,725,2030,1226,742,795,1894,2913,29087,29025,29289,29245,29039,1507,1226,3216,1125,2799,2860,1146,1010,962,870,1291,2772,28902,28929,2147483647,64561,65476,1,2116,11329,2822,54238,0,3,3,1
wait in fist,13:10:11.605,28775,7075,2900,1305,953,1256,729,1990,1217,698,777,1951,2860,29232,29214,29254,29271,29223,1494,1221,3216,1138,2772,2838,1098,1067,993,839,1278,2755,28955,28801,2147483647,64559,65472,65530,2118,11326,2826,54236,0,3,3,1
wait in fist,13:10:11.703,28823,7035,2874,1296,936,1243,769,1986,1212,729,782,1902,2891,29021,29113,29179,29201,29047,1507,1186,3203,1094,2799,2865,1094,1059,988,826,1283,2707,28920,28894,2147483647,64556,65474,65521,2119,11332,2830,54244,0,3,3,1
wait in fist,13:10:11.803,28977,7000,2887,1296,962,1230,725,1955,1204,716,720,1894,2882,29100,29078,29236,29241,28955,1489,1252,3243,1120,2786,2878,1107,1076,1041,817,1296,2733,28959,28810,2147483647,64561,65462,65527,2122,11330,2835,54243,0,3,3,1
wait in fist,13:10:11.904,28973,7026,2856,1278,922,1234,711,2003,1243,711,738,1933,2917,29126,29104,29122,29148,29109,1494,1270,3243,1168,2772,2808,1098,1054,1023,804,1300,2702,28924,28775,2147483647,64561,65482,65520,2120,11331,2833,54244,0,3,3,1
wait in fist,13:10:12.004,28722,7044,2878,1248,971,1230,729,1986,1265,747,716,1942,2931,29250,29223,29214,29192,29188,1511,1226,3247,1151,2777,2878,1142,1067,984,830,1331,2777,28964,28740,2147483647,64577,65466,65526,2118,11330,2835,54243,0,3,3,1
wait in fist,13:10:12.103,28924,7000,2860,1261,958,1270,742,1995,1208,707,751,1885,2874,29153,29157,29140,29201,29135,1458,1248,3181,1142,2790,2821,1133,1072,988,883,1318,2768,28924,28683,2147483647,64555,65469,65520,2114,11333,2839,54246,0,3,3,1
wait in fist,13:10:12.203,28863,6991,2838,1261,971,1270,720,2047,1221,729,707,1872,2838,29118,29157,29206,29271,29083,1516,1221,3225,1168,2825,2830,1125,1103,1041,883,1296,2737,28951,28709,2147483647,64557,65472,65531,2117,11332,2843,54246,0,3,3,1
wait in fist,13:10:12.303,28810,6996,2830,1230,958,1256,751,1964,1270,698,733,1916,2917,28990,29118,29258,29254,29083,1472,1243,3251,1151,2821,2856,1125,1081,1006,848,1296,2711,28986,28858,2147483647,64561,65468,65529,2119,11331,2845,54247,1,3,3,1
wait in fist,13:10:12.403,28740,7026,2869,1248,953,1274,742,2021,1217,742,742,1924,2874,29034,29184,29153,29179,29201,1489,1278,3216,1133,2821,2834,1120,1089,1028,887,1300,2750,28894,28718,2147483647,64569,65473,65535,2123,11326,2846,54242,1,3,3,1
wait in fist,13:10:12.504,28749,7022,2843,1278,931,1252,773,2003,1226,738,742,1894,2874,29047,29188,29210,29192,29179,1520,1252,3212,1111,2812,2830,1107,1045,1015,848,1309,2698,28924,28709,2147483647,64565,65478,65507,2121,11332,2849,54249,1,3,3,1
wait in fist,13:10:12.520,28735,7018,2874,1296,975,1265,725,2030,1274,738,733,1885,2913,29069,29052,29109,29179,29034,1494,1195,3212,1111,2799,2847,1094,1111,984,878,1270,2750,28942,28880,2147483647,64556,65471,65523,2121,11338,2854,54256,1,3,3,1
wait in fist,13:10:12.704,28744,7000,2856,1274,966,1212,729,2030,1252,698,777,1929,2865,29091,29250,29192,29157,29197,1516,1256,3221,1125,2816,2830,1081,1111,1001,870,1243,2750,29003,28674,2147483647,64556,65467,65521,2123,11344,2852,54262,1,3,3,1
wait in fist,13:10:12.804,28770,6991,2830,1291,984,1226,738,2030,1261,760,773,1933,2869,29047,29021,29201,29157,29047,1520,1226,3243,1116,2816,2852,1125,1072,1019,865,1322,2680,28898,28907,2147483647,64559,65465,65519,2118,11346,2856,54264,1,3,3,1
wait in fist,13:10:12.904,28727,7044,2830,1243,966,1239,703,1995,1239,747,742,1920,2878,29047,29210,29245,29241,29175,1476,1190,3225,1125,2865,2816,1103,1072,1015,830,1318,2693,28924,28678,2147483647,64545,65473,65528,2112,11346,2862,54264,1,3,3,1
wait in fist,13:10:12.919,28727,6982,2856,1270,971,1195,733,1933,1199,676,751,1924,2909,28990,29131,29153,29188,29148,1472,1248,3225,1133,2799,2895,1103,1076,966,839,1296,2707,28885,28898,2147483647,64560,65469,1,2099,11347,2880,54267,1,3,3,1
wait in fist,13:10:13.104,28916,7018,2852,1265,971,1221,729,1977,1226,729,738,1946,2917,29170,28968,29236,29298,28995,1502,1221,3212,1142,2786,2834,1107,1094,1015,843,1305,2777,28788,28929,2147483647,64561,65471,65534,2093,11339,2887,54260,1,3,3,1
wait in fist,13:10:13.204,28845,7031,2830,1300,944,1256,760,1999,1243,747,773,1880,2922,29069,29104,29122,29135,29192,1516,1208,3225,1138,2843,2816,1107,1098,1032,852,1230,2742,28858,28630,2147483647,64555,65463,65530,2093,11341,2888,54262,1,3,3,1
wait in fist,13:10:13.303,28674,7031,2834,1261,953,1248,755,2012,1252,729,738,1907,2882,29087,29192,29206,29245,29236,1520,1243,3203,1155,2847,2812,1063,1120,1028,878,1322,2750,28986,28744,2147483647,64551,65461,65515,2096,11337,2890,54259,1,3,3,1
wait in fist,13:10:13.404,28959,6987,2830,1278,953,1230,751,2025,1243,742,755,1880,2882,29096,29135,29254,29250,29144,1441,1204,3181,1133,2869,2834,1142,1059,1010,865,1331,2737,28898,28894,2147483647,64564,65469,65525,2099,11328,2887,54250,1,3,3,1
wait in fist,13:10:13.504,28951,7022,2808,1261,975,1239,725,1995,1248,747,751,1907,2869,29219,29087,29153,29179,29100,1472,1234,3208,1146,2821,2843,1085,1098,997,839,1283,2698,28916,28902,2147483647,64553,65462,65525,2106,11336,2884,54259,1,3,3,1
wait in fist,13:10:13.605,29017,7000,2852,1287,936,1221,738,2043,1239,760,769,1916,2882,29162,28999,29166,29135,29017,1520,1234,3238,1133,2830,2794,1107,1072,997,870,1265,2724,28916,29012,2147483647,64549,65470,65526,2113,11328,2888,54253,1,3,3,1
wait in fist,13:10:13.704,28981,6965,2834,1270,966,1265,773,1986,1252,689,760,1894,2939,29192,28894,29184,29170,28867,1511,1252,3208,1107,2821,2852,1081,1063,1037,843,1287,2698,28766,28942,2147483647,64548,65468,65527,2114,11325,2889,54250,1,3,3,1
wait in fist,13:10:13.804,29034,6960,2821,1300,953,1274,747,2003,1212,733,751,1929,2904,29109,29118,29293,29298,29118,1476,1234,3221,1138,2821,2830,1129,1067,1019,848,1309,2707,28937,29034,2147483647,64553,65468,65529,2114,11326,2889,54251,1,3,3,1
wait in fist,13:10:13.904,28942,6996,2816,1274,953,1256,742,1986,1239,742,760,1937,2847,29135,29188,29263,29302,29184,1489,1226,3199,1129,2860,2852,1107,1063,1010,874,1300,2750,28880,28968,2147483647,64547,65469,65531,2117,11322,2890,54248,1,3,3,1
wait in fist,13:10:14.003,28973,6982,2821,1252,936,1265,707,1968,1234,738,755,1929,2926,29219,29219,29307,29324,29236,1498,1234,3190,1138,2865,2821,1120,1094,993,896,1256,2720,28920,28995,2147483647,64547,65467,65529,2119,11323,2896,54252,1,3,3,1
wait in fist,13:10:14.103,28946,6982,2803,1287,979,1248,742,1832,1243,707,747,1929,2869,29118,29157,29280,29263,29144,1520,1217,3186,1164,2874,2838,1107,1032,1037,848,1305,2737,28779,28968,2147483647,64563,65462,65520,2126,11317,2907,54250,1,3,3,1
wait in fist,13:10:14.203,29025,6996,2786,1261,958,1261,711,2012,1239,716,716,1898,2895,29201,29197,29276,29298,29241,1472,1239,3194,1120,2816,2856,1067,1050,1032,865,1305,2707,28832,29039,2147483647,64563,65464,65530,2126,11320,2906,54252,1,3,3,1
wait in fist,13:10:14.219,28902,6991,2772,1283,1006,1239,720,2034,1248,716,777,1929,2931,29104,29162,29298,29254,29126,1467,1217,3216,1138,2882,2821,1129,1094,1019,834,1305,2724,28819,28911,2147483647,64559,65462,0,2127,11320,2905,54252,1,3,3,1
wait in fist,13:10:14.404,29056,6965,2781,1287,984,1287,747,2043,1243,698,742,1916,2887,29228,29192,29320,29359,29241,1498,1221,3172,1125,2825,2830,1098,1076,993,878,1322,2711,28832,29025,2147483647,64562,65465,65533,2128,11317,2904,54249,1,3,3,1
wait in fist,13:10:14.503,28933,6956,2799,1283,971,1274,725,1999,1248,725,725,1876,2856,29188,29184,29263,29258,29188,1507,1208,3159,1160,2869,2834,1116,1067,984,834,1327,2733,28792,28911,2147483647,64540,65463,65530,2129,11318,2903,54250,1,3,3,1
wait in fist,13:10:14.614,28942,6934,2777,1261,958,1265,698,1951,1252,720,755,1902,2838,29206,29170,29359,29355,29219,1458,1243,3234,1129,2869,2816,1076,1072,979,839,1309,2729,28801,28955,2147483647,64549,65469,65528,2132,11317,2903,54249,1,3,3,1
wait in fist,13:10:14.704,29113,6934,2781,1278,971,1226,725,2021,1221,751,747,1916,2869,28977,28885,29197,29250,28951,1524,1252,3194,1129,2869,2808,1098,1045,984,870,1291,2707,28937,29061,2147483647,64555,65475,65530,2128,11327,2911,54261,1,3,3,1
wait in fist,13:10:14.804,28964,6987,2834,1239,984,1248,773,2047,1190,755,769,1902,2917,29192,29047,29201,29241,29122,1507,1199,3238,1138,2860,2860,1151,1098,984,887,1309,2746,28836,28933,2147483647,64561,65458,65507,2120,11336,2925,54272,1,3,3,1
wait in fist,13:10:14.904,28981,6978,2856,1296,962,1230,742,2039,1190,711,725,1894,2895,29184,29096,29276,29289,29170,1520,1212,3212,1151,2869,2768,1085,1085,997,861,1309,2733,28753,28920,2147483647,64558,65463,65510,2117,11337,2933,54274,1,3,3,1
wait in fist,13:10:15.024,28968,6956,2865,1287,953,1270,729,2047,1243,729,729,1924,2882,29232,29162,29280,29346,29232,1485,1239,3199,1155,2909,2825,1098,1089,1023,874,1274,2711,28762,28920,2147483647,64523,65474,65518,2116,11344,2926,54280,1,3,3,1
fist to thumbs,13:10:15.104,29118,7026,2794,1270,940,1234,755,2043,1278,733,755,1920,2944,28990,29144,29012,29047,29188,1511,1248,3199,1125,2878,2830,1081,1111,993,861,1327,2724,29065,29100,2147483647,64552,65455,65531,2112,11345,2949,54286,1,3,3,1
fist to thumbs,13:10:15.204,28907,6938,2825,1296,984,1265,725,2043,1182,729,760,1902,2904,29223,29061,29148,29170,29083,1546,1230,3203,1133,2917,2847,1133,1063,958,856,1256,2711,28757,28933,2147483647,64571,65460,65529,2105,11341,2975,54287,1,3,3,1
fist to thumbs,13:10:15.218,29039,6978,2812,1274,962,1252,769,1986,1256,742,791,1889,2904,29113,29131,29241,29298,29140,1516,1256,3208,1182,2922,2803,1129,1041,1006,887,1309,2729,28836,28995,2147483647,64561,65461,2,2100,11336,2989,54284,1,3,3,1
fist to thumbs,13:10:15.404,28951,6982,2887,1274,975,1305,711,2034,1204,711,751,1907,2922,29135,29184,29245,29206,29148,1489,1234,3221,1151,2887,2834,1138,1050,966,878,1305,2737,28845,28995,2147483647,64531,65457,65514,2101,11338,2989,54287,1,3,3,1
fist to thumbs,13:10:15.418,29052,6987,2812,1256,966,1261,725,2065,1234,751,733,1898,2865,29223,29122,29346,29351,29148,1546,1230,3177,1120,2904,2803,1133,1107,1037,870,1287,2733,28841,28995,2147483647,64569,65457,65515,2104,11328,2993,54278,1,3,3,1
fist to thumbs,13:10:15.604,28946,6965,2843,1278,953,1270,733,2034,1243,751,733,1911,2869,29175,29017,29148,29144,29025,1489,1212,3208,1133,2865,2812,1076,1081,993,887,1274,2724,28841,28981,2147483647,64570,65460,65530,2099,11329,3006,54282,0,3,3,1
fist to thumbs,13:10:15.703,28990,7066,2865,1270,984,1265,711,2052,1204,755,764,1951,2900,29144,29232,29342,29342,29166,1502,1234,3234,1138,2948,2790,1125,1085,1032,843,1274,2733,28863,28995,2147483647,64552,65455,65522,2105,11331,3009,54286,0,3,3,1
fist to thumbs,13:10:15.804,28968,6991,2799,1274,944,1239,694,2061,1226,725,733,1872,2895,29219,29206,29210,29263,29148,1564,1217,3212,1164,2944,2830,1107,1081,1015,843,1287,2737,28801,28977,2147483647,64572,65450,65512,2107,11326,3012,54282,0,3,3,1
fist to thumbs,13:10:15.819,28964,6886,2803,1265,979,1248,782,2034,1239,751,733,1955,2904,29184,29197,29250,29293,29258,1472,1234,3238,1129,2891,2852,1103,1067,988,830,1335,2724,28863,29017,2147483647,64553,65453,65517,2113,11322,3005,54277,0,3,3,1
fist to thumbs,13:10:15.918,28981,6974,2750,1278,975,1261,760,2039,1230,760,711,1924,2909,29197,29170,29162,29184,29135,1494,1239,3199,1120,2944,2830,1081,1028,1001,865,1296,2742,28858,28946,2147483647,64563,65459,65527,2117,11326,3009,54284,0,3,3,1
fist to thumbs,13:10:16.104,28907,6952,2768,1252,949,1278,733,2074,1221,738,769,1937,2939,29214,29188,29170,29223,29188,1516,1274,3221,1155,2975,2830,1076,1089,1001,843,1318,2733,28823,28907,2147483647,64567,65459,65530,2121,11329,3005,54286,0,3,3,1
fist to thumbs,13:10:16.119,29047,6881,2768,1256,1006,1274,791,2096,1265,751,755,1933,2983,29144,29166,29131,29122,29179,1498,1217,3212,1120,2904,2904,1116,1054,1023,834,1283,2711,28784,29003,2147483647,64578,65453,4,2123,11336,3010,54294,0,3,3,1
fist to thumbs,13:10:16.219,28929,6938,2742,1274,993,1287,738,2069,1252,738,742,1942,2944,29241,29140,29104,29148,29135,1480,1243,3212,1138,2957,2830,1125,1063,997,870,1313,2715,28797,28916,2147483647,64550,65466,65509,2121,11336,3010,54295,0,3,3,1
fist to thumbs,13:10:16.320,29047,6921,2759,1261,979,1256,760,2025,1226,725,755,1920,2948,29144,28929,29052,29065,28885,1494,1239,3238,1182,2948,2834,1116,1076,1037,852,1318,2729,28770,28990,2147483647,64571,65459,65502,2109,11343,3009,54299,0,3,3,1
fist to thumbs,13:10:16.503,29003,6877,2715,1291,984,1230,720,2061,1248,742,742,1924,2970,29210,29192,29025,29012,29236,1511,1217,3234,1111,2957,2799,1111,1037,997,878,1283,2720,28819,28902,2147483647,64589,65455,65510,2090,11351,3017,54306,0,3,3,1
fist to thumbs,13:10:16.518,28986,6930,2707,1248,966,1243,703,2065,1234,716,760,1898,2944,29140,29140,29065,29025,29157,1507,1226,3247,1151,2997,2834,1111,1054,1045,852,1278,2733,28832,28968,2147483647,64564,65458,65511,2089,11376,3016,54330,0,3,3,1
fist to thumbs,13:10:16.620,28968,6815,2654,1248,997,1239,733,2047,1177,711,716,1894,2887,29153,29003,29003,29025,29052,1529,1230,3208,1120,2988,2834,1120,1054,979,834,1274,2702,28876,28981,2147483647,64527,65465,65522,2096,11382,3003,54335,0,3,3,1
fist to thumbs,13:10:16.719,28999,6846,2724,1256,984,1270,751,2034,1243,703,760,1894,2948,29135,29078,29104,29104,29012,1524,1204,3186,1138,2935,2830,1111,1063,997,856,1300,2720,28801,28986,2147483647,64534,65464,65533,2095,11393,2983,54340,0,3,3,1
fist to thumbs,13:10:16.820,28920,6886,2742,1230,984,1274,773,2047,1173,720,720,1894,2948,29162,29034,29025,29061,29039,1524,1195,3212,1107,2948,2777,1120,1094,997,865,1278,2720,28858,28999,2147483647,64541,65460,65512,2096,11390,2994,54341,0,3,3,1
fist to thumbs,13:10:16.920,28990,6890,2729,1274,988,1243,747,2039,1274,738,729,1929,2961,29179,29175,29078,29126,29210,1498,1239,3186,1146,2948,2847,1072,1059,979,821,1300,2711,28828,29034,2147483647,64568,65444,3,2086,11395,3006,54347,0,3,3,1
fist to thumbs,13:10:17.020,28911,6846,2711,1265,975,1252,716,2043,1204,694,747,1880,2957,29135,29025,29078,29061,29021,1511,1221,3247,1116,2939,2830,1120,1089,997,905,1291,2733,28792,28907,2147483647,64549,65478,65495,2078,11380,3002,54329,0,3,3,1
fist to thumbs,13:10:17.119,28995,6859,2698,1243,984,1239,747,2091,1278,755,729,1920,2961,29210,29113,29157,29118,29166,1555,1252,3194,1133,2970,2825,1120,1072,975,865,1296,2746,28836,29021,2147483647,64575,65450,0,2077,11381,3029,54337,0,3,3,1
fist to thumbs,13:10:17.219,28951,6846,2698,1270,979,1274,738,2047,1186,703,764,1911,2926,29087,29109,29012,29100,29034,1551,1221,3186,1111,2970,2860,1076,1067,1028,848,1265,2698,28770,28946,2147483647,64579,65439,65487,2076,11384,3048,54345,0,3,3,1
fist to thumbs,13:10:17.319,28968,6899,2693,1270,984,1256,733,2078,1239,725,782,1858,2948,29166,29078,29109,29091,29104,1538,1217,3243,1103,2909,2812,1085,1067,1015,861,1265,2737,28841,28986,2147483647,64562,65452,65507,2079,11382,3061,54347,0,3,3,1
fist to thumbs,13:10:17.419,28986,6881,2685,1230,953,1256,716,2012,1270,751,738,1916,2953,29162,28999,29030,29021,29078,1555,1256,3186,1129,2922,2834,1125,1085,1037,848,1291,2702,28770,28973,2147483647,64561,65464,65506,2073,11368,3057,54331,0,3,3,1
fist to thumbs,13:10:17.521,28951,6899,2715,1291,949,1278,747,2069,1212,720,751,1894,2939,29214,29034,29201,29232,29131,1546,1226,3238,1125,2935,2865,1120,1063,1006,887,1305,2720,28797,28933,2147483647,64562,65452,65494,2071,11346,3057,54308,0,3,3,1
fist to thumbs,13:10:17.620,28964,6890,2680,1274,1006,1296,751,2025,1195,747,751,1880,2948,29157,29047,29021,29021,29017,1507,1234,3190,1160,2948,2808,1098,1054,975,856,1309,2750,28788,28964,2147483647,64600,65452,4,2068,11343,3072,54309,0,3,3,1
fist to thumbs,13:10:17.720,28955,6868,2658,1261,962,1252,733,2030,1243,729,755,1911,2983,29201,29025,29100,29140,29096,1507,1234,3212,1125,2997,2808,1107,1072,1015,874,1309,2720,28832,28929,2147483647,64570,65458,65497,2057,11354,3083,54320,0,3,3,1
fist to thumbs,13:10:17.819,29012,6895,2729,1287,988,1261,760,2047,1234,764,733,1898,2948,29175,28999,29210,29188,29074,1511,1256,3212,1129,2931,2852,1116,1045,1006,856,1327,2702,28946,29043,2147483647,64534,65456,65499,2052,11368,3082,54333,0,3,3,1
fist to thumbs,13:10:17.920,28999,6925,2768,1243,971,1248,729,2047,1248,733,716,1942,2948,29140,29008,29030,29017,29047,1533,1221,3225,1133,2909,2856,1111,1120,1015,852,1305,2729,28828,28999,2147483647,64549,65446,0,2056,11355,3081,54321,0,3,3,1
fist to thumbs,13:10:18.019,29021,6903,2724,1283,962,1270,716,2052,1239,764,747,1920,2953,29148,29047,29166,29047,29030,1520,1234,3243,1146,2939,2852,1085,1059,1019,843,1300,2750,28810,28951,2147483647,64557,65439,65535,2052,11351,3076,54315,0,3,3,1
fist to thumbs,13:10:18.120,28933,6873,2654,1252,988,1252,747,2074,1261,742,773,1885,3001,29118,29113,29056,29039,29131,1560,1252,3208,1120,2970,2825,1098,1059,997,852,1274,2711,28779,28907,2147483647,64527,65433,65506,2041,11338,3075,54300,0,3,3,1
fist to thumbs,13:10:18.219,28981,6851,2685,1252,971,1270,738,2065,1226,703,747,1916,2966,29162,29157,29184,29170,29197,1538,1239,3194,1146,2966,2856,1107,1072,984,848,1287,2698,28937,28968,2147483647,64539,65430,27,2047,11331,3076,54294,0,3,3,1
fist to thumbs,13:10:18.320,28942,6855,2702,1230,971,1261,733,2065,1248,720,733,1902,2957,29144,29197,29065,29047,29131,1489,1270,3164,1129,2979,2808,1116,1098,1006,874,1327,2707,28832,28933,2147483647,64573,65435,65517,2046,11328,3072,54289,0,3,3,1
fist to thumbs,13:10:18.419,29034,6859,2685,1283,979,1296,720,2008,1226,720,711,1916,2957,29223,29061,29061,29122,29109,1498,1265,3190,1164,2979,2830,1081,1067,984,870,1305,2715,28828,28968,2147483647,64552,65451,65498,2041,11333,3076,54294,0,3,3,1
fist to thumbs,13:10:18.519,28964,6829,2632,1274,971,1261,742,1973,1199,716,711,1929,2935,29131,29206,29144,29113,29162,1494,1261,3159,1116,2988,2838,1107,1063,1001,826,1287,2702,28801,28924,2147483647,64559,65444,65533,2036,11343,3072,54302,0,3,3,1
fist to thumbs,13:10:18.620,28924,6851,2636,1278,962,1287,689,2030,1226,742,733,1946,2935,29219,29131,29118,29065,29087,1546,1230,3142,1125,2966,2812,1094,1045,988,843,1305,2733,28850,28946,2147483647,64553,65446,65518,2034,11330,3082,54292,0,3,3,1
fist to thumbs,13:10:18.720,28937,6776,2663,1291,971,1270,707,2078,1252,755,769,1876,2917,29184,29179,29021,29039,29232,1555,1199,3221,1138,2975,2891,1107,1059,1037,852,1287,2720,28788,28911,2147483647,64546,65453,65513,2040,11308,3090,54273,0,3,3,1
fist to thumbs,13:10:18.829,29087,6855,2654,1278,1019,1243,729,2074,1195,720,729,1933,2931,28880,28964,28937,28779,28942,1542,1234,3177,1142,2970,2847,1111,1067,1015,834,1291,2698,28885,29091,2147483647,64568,65437,65509,2031,11322,3095,54287,0,3,3,1
fist to thumbs,13:10:18.927,29232,6820,2671,1278,984,1270,711,2061,1221,694,751,1929,2957,28929,28814,28643,28933,28845,1520,1248,3194,1120,3010,2834,1125,1085,993,843,1278,2680,29039,29236,2147483647,64575,65450,65514,2013,11315,3083,54273,0,3,3,1
fist to thumbs,13:10:19.020,28916,6837,2649,1270,988,1217,751,2074,1243,747,760,1898,2917,29206,29188,29012,29091,29245,1555,1226,3199,1138,2957,2825,1107,1072,1001,861,1283,2702,28823,28907,2147483647,64566,65459,65501,2005,11305,3084,54262,0,3,3,1
fist to thumbs,13:10:19.119,28898,6842,2641,1252,949,1291,694,2052,1243,755,764,1885,2926,29153,29162,29104,29030,29126,1564,1230,3194,1160,2931,2812,1125,1081,1019,821,1309,2733,28779,28933,2147483647,64541,65451,65528,2004,11311,3098,54271,0,3,3,1
fist to thumbs,13:10:19.219,28863,6771,2658,1248,958,1239,738,2056,1212,738,738,1885,2957,29144,29047,29148,29122,29096,1489,1243,3203,1160,3019,2856,1107,1076,984,878,1291,2689,28836,28841,2147483647,64598,65438,65511,2003,11306,3101,54267,0,3,3,1
fist to thumbs,13:10:19.319,28911,6824,2645,1252,958,1239,716,2052,1195,707,751,1885,2966,29307,29214,29109,29069,29166,1507,1230,3199,1151,2961,2825,1120,1059,1010,861,1327,2724,28823,28854,2147483647,64568,65436,2,1998,11318,3105,54279,0,3,3,1
fist to thumbs,13:10:19.418,28819,6763,2658,1243,962,1265,729,2100,1221,707,742,1911,2961,29131,29135,29003,29017,29148,1524,1243,3199,1138,2953,2812,1120,1041,975,834,1278,2720,28766,28885,2147483647,64540,65441,65518,1991,11315,3110,54277,0,3,3,1
fist to thumbs,13:10:19.540,29148,6802,2676,1265,944,1291,755,2074,1199,720,751,1898,2988,29192,29166,29157,29148,29131,1516,1248,3203,1168,3019,2887,1076,1076,1037,874,1309,2698,28946,29144,2147483647,64552,65448,65503,1985,11311,3120,54274,0,3,3,1
fist to thumbs,13:10:19.620,28841,6793,2636,1265,966,1256,720,2078,1230,698,711,1872,2992,29157,29135,29021,29056,29166,1489,1221,3234,1103,3036,2794,1107,1089,1015,852,1340,2702,28792,28845,2147483647,64565,65453,65508,1982,11300,3120,54263,0,3,3,1
fist to thumbs,13:10:19.719,28880,6864,2671,1252,984,1217,733,2061,1226,707,751,1880,3010,29337,29184,29214,29188,29166,1507,1204,3172,1120,2970,2808,1125,1085,1037,856,1313,2729,28942,28929,2147483647,64570,65453,65516,1980,11297,3115,54258,0,3,3,1
fist to thumbs,13:10:19.819,28814,6815,2614,1274,940,1270,720,2034,1212,747,747,1933,3023,29153,29219,29157,29188,29188,1480,1261,3190,1138,3032,2764,1085,1072,1001,865,1274,2759,28894,28784,2147483647,64566,65442,65506,1975,11283,3096,54238,0,3,3,1
fist to thumbs,13:10:19.921,28775,6789,2636,1265,962,1265,742,2056,1256,751,733,1894,3019,29245,29206,29263,29241,29214,1533,1234,3260,1155,3036,2799,1116,1103,1015,843,1322,2777,29078,28858,2147483647,64579,65431,65530,1975,11261,3100,54217,0,3,3,1
rest in thumbs,13:10:20.020,28885,6824,2623,1265,1006,1261,711,2056,1234,707,685,1894,3054,29219,29109,29157,29201,29175,1511,1265,3225,1146,2979,2847,1133,1067,1037,843,1313,2698,28942,28823,2147483647,64572,65448,65527,1983,11234,3103,54192,0,3,3,1
rest in thumbs,13:10:20.119,28823,6811,2623,1270,988,1283,738,2034,1239,738,711,1920,2988,29232,29162,29065,29122,29223,1551,1234,3256,1125,2997,2816,1094,1089,971,843,1327,2764,28845,28801,2147483647,64562,65439,65514,1992,11220,3112,54183,0,3,3,1
rest in thumbs,13:10:20.220,28858,6679,2641,1252,962,1252,725,2065,1261,716,755,1880,2961,29104,29153,29030,29030,29157,1555,1230,3287,1107,3019,2834,1063,1081,1010,905,1296,2750,28823,28937,2147483647,64550,65451,65526,1990,11205,3115,54169,0,3,3,1
rest in thumbs,13:10:20.319,28916,6829,2667,1265,962,1261,742,2065,1221,751,773,1907,3001,29223,29210,29034,29100,29214,1533,1261,3269,1138,3036,2803,1111,1067,984,856,1287,2764,28792,28828,2147483647,64522,65437,0,1989,11183,3108,54145,0,3,3,1
rest in thumbs,13:10:20.419,28937,6793,2641,1252,944,1291,747,2021,1199,685,773,1885,2983,29210,29140,28999,29061,29118,1520,1208,3331,1138,2939,2799,1111,1098,1023,799,1287,2737,28850,28907,2147483647,64604,65434,32,1989,11132,3104,54094,0,3,3,1
rest in thumbs,13:10:20.520,28858,6855,2667,1256,1019,1243,698,2047,1234,725,751,1885,2957,29324,29083,29030,29091,29166,1498,1234,3278,1107,3010,2781,1103,1063,993,848,1239,2729,28797,28836,2147483647,64570,65441,14,1997,11111,3117,54079,0,3,3,1
rest in thumbs,13:10:20.620,28911,6859,2715,1300,944,1261,738,2039,1230,711,729,1872,3001,29157,29122,29030,29025,29148,1507,1243,3304,1142,3084,2794,1146,1072,1006,878,1318,2729,28832,28907,2147483647,64541,65413,15,2004,11111,3134,54084,0,3,3,1
rest in thumbs,13:10:20.719,28894,6908,2720,1270,1001,1265,707,2065,1261,703,799,1876,2997,29346,29069,29096,29109,29030,1516,1261,3269,1138,3102,2856,1111,1094,971,870,1300,2724,28911,28850,2147483647,64567,65432,65534,2008,11090,3135,54065,0,3,3,1
rest in thumbs,13:10:20.819,28916,6877,2720,1261,984,1265,751,2025,1248,738,747,1929,2975,29289,29157,29109,29100,29113,1498,1226,3291,1125,3146,2799,1120,1107,971,826,1283,2737,29083,28894,2147483647,64524,65441,65534,2009,11099,3123,54071,0,3,3,1
rest in thumbs,13:10:20.919,28876,6859,2715,1305,975,1296,720,2061,1230,703,720,1902,3019,29153,29135,29100,29061,29140,1533,1239,3331,1125,3076,2755,1103,1037,1015,856,1313,2742,28942,28797,2147483647,64560,65430,4,2000,11090,3125,54061,0,3,3,1
rest in thumbs,13:10:21.020,28911,6974,2742,1256,944,1252,760,2021,1234,729,747,1876,3005,29201,29250,29096,29126,29245,1529,1261,3309,1155,3128,2821,1072,1072,1023,852,1322,2711,29012,28907,2147483647,64560,65438,13,2014,11098,3127,54071,0,3,3,1
rest in thumbs,13:10:21.120,28863,6921,2768,1256,993,1243,711,2003,1208,698,738,1907,2975,29293,29201,29065,29179,29157,1502,1252,3265,1151,3111,2777,1138,1054,1037,883,1291,2715,28929,28898,2147483647,64553,65448,3,2031,11086,3137,54066,0,3,3,1
rest in thumbs,13:10:21.220,28876,6991,2764,1270,988,1265,764,2061,1278,742,769,1916,3023,29329,29192,29228,29170,29254,1516,1234,3229,1142,3093,2834,1107,1089,1028,896,1274,2702,29078,28946,2147483647,64578,65439,30,2037,11088,3151,54073,0,3,3,1
rest in thumbs,13:10:21.320,28828,6943,2830,1296,984,1270,773,2021,1256,738,733,1898,3005,29250,29179,29162,29197,29175,1538,1177,3273,1160,3102,2799,1072,1045,1010,861,1287,2715,28995,28766,2147483647,64562,65440,7,2030,11093,3157,54077,0,3,3,1
rest in thumbs,13:10:21.420,28863,6960,2759,1234,984,1291,725,2030,1186,716,733,1902,3001,29302,29197,29179,29232,29228,1498,1256,3282,1129,3120,2821,1111,1076,1019,861,1265,2729,28973,28828,2147483647,64574,65434,5,2014,11094,3161,54077,0,3,3,1
rest in thumbs,13:10:21.604,29065,6934,2799,1252,944,1261,738,2039,1212,729,738,1924,3005,29069,28907,29052,29074,28951,1538,1221,3260,1168,3115,2856,1098,1067,1001,830,1331,2693,28942,29021,2147483647,64558,65441,1,2010,11103,3166,54086,0,3,3,1
rest in thumbs,13:10:21.704,28863,6912,2768,1252,953,1252,711,2043,1239,747,760,1951,2966,29219,29188,29083,29122,29223,1551,1226,3300,1177,3124,2777,1125,1081,1006,874,1261,2693,28959,28828,2147483647,64552,65429,65535,2017,11103,3178,54091,0,3,3,1
rest in thumbs,13:10:21.804,28933,6908,2830,1252,979,1270,742,2039,1221,786,760,1924,3005,29144,29118,29047,29039,29113,1516,1265,3282,1133,3137,2834,1111,1103,1006,900,1274,2707,28951,28876,2147483647,64557,65436,4,2017,11109,3181,54098,0,3,3,1
rest in thumbs,13:10:21.818,28889,6921,2768,1287,958,1283,742,2017,1243,685,760,1894,2988,29289,29157,29034,29074,29236,1516,1226,3229,1133,3172,2808,1067,1041,1015,839,1305,2737,29025,28775,2147483647,64576,65429,0,2011,11118,3166,54102,0,3,3,1
rest in thumbs,13:10:22.004,28920,6930,2772,1261,975,1274,711,2008,1182,725,733,1889,3010,29250,29122,29118,29069,29131,1467,1226,3295,1151,3137,2812,1111,1037,1032,848,1248,2724,29126,28894,2147483647,64538,65428,29,2011,11119,3143,54096,0,3,3,1
rest in thumbs,13:10:22.019,28872,6947,2790,1305,936,1256,751,2069,1217,733,738,1898,2988,29263,29157,29021,29047,29166,1533,1204,3317,1138,3137,2821,1089,1041,1032,821,1318,2733,29030,28836,2147483647,64492,65433,11,1999,11192,3153,54168,0,3,3,1
rest in thumbs,13:10:22.204,28894,6938,2781,1248,979,1274,703,2030,1208,672,751,1872,2992,29175,29223,29100,29083,29144,1511,1234,3256,1142,3150,2812,1129,1054,1054,870,1313,2707,29065,28872,2147483647,64558,65447,65532,2002,11180,3155,54157,0,3,3,1
rest in thumbs,13:10:22.219,28850,6938,2755,1274,949,1243,716,2030,1252,751,738,1898,2983,29175,29122,29025,29017,29188,1511,1256,3278,1133,3194,2790,1089,1076,1019,874,1296,2707,29122,28863,2147483647,64598,65435,24,1986,11167,3172,54146,0,3,3,1
rest in thumbs,13:10:22.320,28933,6903,2737,1274,971,1270,738,2047,1212,764,742,1929,2988,29201,29219,29197,29206,29206,1529,1212,3304,1133,3172,2816,1094,1063,1015,865,1305,2742,29078,28876,2147483647,64533,65429,65524,1982,11192,3172,54168,0,3,3,1
rest in thumbs,13:10:22.419,28959,6855,2720,1261,1006,1243,720,2056,1234,720,769,1894,2953,29126,29192,29078,29043,29135,1542,1234,3269,1173,3194,2794,1129,1059,984,892,1296,2720,29034,28920,2147483647,64555,65430,65518,1985,11173,3164,54150,0,3,3,1
rest in thumbs,13:10:22.520,28841,6895,2663,1270,966,1278,720,2039,1239,720,764,1876,2979,29122,29192,29118,29083,29192,1498,1248,3313,1129,3177,2816,1133,1089,1001,883,1309,2750,29140,28898,2147483647,64553,65448,65531,1983,11180,3166,54157,0,3,3,1
rest in thumbs,13:10:22.620,28872,6881,2715,1221,944,1239,760,2043,1221,698,698,1894,2983,29012,29214,29039,29083,29192,1524,1234,3265,1120,3208,2847,1160,1098,1001,865,1300,2685,29056,28828,2147483647,64564,65429,11,1983,11176,3168,54153,0,3,3,1
rest in thumbs,13:10:22.719,28916,6851,2702,1234,953,1287,738,2052,1252,729,760,1876,3005,29201,29214,29091,29069,29197,1520,1261,3278,1142,3194,2777,1120,1067,1001,848,1283,2693,29118,28880,2147483647,64569,65443,65524,1993,11171,3170,54151,0,3,3,1
rest in thumbs,13:10:22.820,28986,6903,2676,1274,984,1265,738,2021,1243,738,755,1880,2992,29175,29144,29043,29074,29162,1502,1217,3251,1138,3234,2772,1129,1067,953,861,1305,2707,29008,28964,2147483647,64570,65433,0,1997,11177,3162,54155,0,3,3,1
rest in thumbs,13:10:22.919,28968,6833,2654,1212,975,1239,720,2008,1217,733,733,1894,2979,29087,29188,29122,29135,29188,1507,1265,3278,1120,3186,2794,1089,1085,975,852,1261,2742,29104,28946,2147483647,64564,65434,3,1994,11172,3156,54148,0,3,3,1
rest in thumbs,13:10:23.022,29047,6829,2676,1256,984,1270,711,2069,1199,711,760,1920,3005,29214,28894,29034,29065,28999,1533,1239,3243,1151,3194,2781,1103,1050,1028,834,1300,2702,28753,29100,2147483647,64567,65433,65520,1991,11178,3148,54151,0,3,3,1
rest in thumbs,13:10:23.132,29030,6842,2645,1274,962,1270,738,2021,1230,707,685,1898,2979,29201,28951,28964,28986,28951,1555,1212,3269,1160,3186,2790,1111,1054,1041,852,1300,2724,29008,29078,2147483647,64557,65434,8,1987,11176,3151,54150,0,3,3,1
rest in thumbs,13:10:23.224,29025,6807,2641,1239,1006,1265,729,2047,1217,751,738,1880,3032,28894,29091,29052,29043,29144,1546,1226,3265,1133,3190,2808,1094,1063,988,874,1305,2772,29083,28995,2147483647,64558,65428,13,1979,11183,3160,54156,0,3,3,1
rest in thumbs,13:10:23.320,29043,6802,2597,1252,971,1256,667,2083,1226,733,738,1902,2957,28942,29100,29122,29153,29157,1520,1217,3234,1173,3181,2772,1107,1045,1006,839,1256,2676,29074,29017,2147483647,64541,65433,8,1975,11178,3158,54151,0,3,3,1
rest in thumbs,13:10:23.430,29043,6873,2579,1256,997,1252,725,2034,1230,720,773,1911,2979,29170,28894,28977,28876,28885,1524,1239,3256,1098,3172,2790,1103,1085,1006,861,1287,2663,29131,28999,2147483647,64566,65426,8,1972,11176,3156,54147,0,3,3,1
rest in thumbs,13:10:23.519,28841,6789,2597,1283,979,1327,733,2008,1226,733,733,1858,3014,28718,29153,29056,29056,29148,1520,1217,3203,1107,3164,2794,1107,1076,1010,852,1278,2689,29034,28788,2147483647,64567,65428,5,1974,11173,3157,54146,0,3,3,1
rest in thumbs,13:10:23.621,29012,6811,2627,1261,979,1300,729,1973,1186,738,742,1880,3014,28990,29223,29219,29250,29210,1529,1186,3243,1133,3120,2777,1116,1045,1019,843,1270,2676,29104,28968,2147483647,64577,65419,5,1977,11168,3160,54142,0,3,3,1
rest in thumbs,13:10:23.719,28916,6771,2654,1239,975,1243,738,1995,1221,738,716,1867,3005,28700,29104,29184,29175,29113,1529,1212,3295,1155,3181,2772,1133,1037,997,887,1291,2715,29025,28955,2147483647,64553,65436,9,1979,11174,3160,54148,0,3,3,1
rest in thumbs,13:10:23.819,28924,6793,2632,1217,993,1221,733,2003,1173,729,729,1894,2992,28828,29214,29280,29228,29170,1511,1256,3234,1120,3194,2825,1085,1085,979,865,1296,2698,29061,28942,2147483647,64563,65430,65532,1976,11178,3164,54152,0,3,3,1
rest in thumbs,13:10:23.920,29025,6802,2592,1265,988,1287,720,2025,1195,711,755,1937,2966,28872,29214,29074,29175,29206,1520,1239,3150,1103,3150,2790,1107,1067,1045,839,1278,2707,29017,28942,2147483647,64567,65430,65530,1971,11181,3159,54153,0,3,3,1
rest in thumbs,13:10:24.021,28973,6780,2583,1274,979,1265,755,2030,1195,720,755,1894,2970,28814,29206,29192,29192,29219,1494,1274,3278,1133,3168,2790,1094,1054,984,861,1274,2698,29074,28964,2147483647,64557,65433,4,1965,11179,3154,54149,0,3,3,1
rest in thumbs,13:10:24.120,29003,6780,2619,1274,971,1252,711,2039,1226,694,703,1880,3001,28933,29188,29157,29179,29166,1489,1226,3304,1164,3168,2790,1072,1059,988,865,1309,2720,29030,28977,2147483647,64570,65430,10,1964,11171,3155,54142,0,3,3,1
rest in thumbs,13:10:24.219,28907,6785,2570,1234,988,1265,725,2039,1248,716,755,1858,2975,28766,29210,29267,29197,29267,1546,1252,3238,1129,3146,2772,1085,1054,979,883,1335,2698,29074,28942,2147483647,64571,65429,14,1970,11161,3155,54133,0,3,3,1
rest in thumbs,13:10:24.319,28916,6793,2592,1265,944,1278,760,2043,1252,738,733,1876,3010,28911,29188,29144,29083,29100,1485,1208,3265,1133,3168,2746,1111,1063,997,852,1283,2689,29025,28885,2147483647,64559,65428,23,1971,11157,3146,54126,0,3,3,1
rest in thumbs,13:10:24.420,28850,6754,2553,1243,953,1239,707,2039,1243,733,747,1880,3005,28757,29140,29157,29184,29188,1542,1182,3295,1120,3177,2803,1129,1041,1001,830,1305,2711,29021,28836,2147483647,64551,65430,10,1970,11161,3139,54129,0,3,3,1
rest in thumbs,13:10:24.521,29056,6776,2601,1243,975,1265,733,2034,1199,733,733,1916,2970,28656,29236,29197,29153,29267,1524,1243,3229,1116,3159,2808,1146,1067,1010,887,1283,2715,29091,28946,2147483647,64573,65420,65535,1963,11153,3137,54118,0,3,3,1
rest in thumbs,13:10:24.620,29003,6763,2614,1270,971,1252,729,2034,1212,773,725,1819,3005,28955,29250,29175,29210,29368,1507,1190,3251,1146,3106,2772,1129,1032,1032,865,1291,2720,29034,28959,2147483647,64573,65429,2,1963,11151,3136,54117,0,3,3,1
rest in thumbs,13:10:24.719,29065,6750,2605,1248,962,1283,729,2052,1239,707,738,1858,2975,28876,29232,29206,29175,29214,1511,1256,3260,1138,3172,2742,1081,1072,1001,874,1283,2702,29104,29008,2147483647,64551,65431,17,1968,11153,3133,54118,0,3,3,1
rest in thumbs,13:10:24.820,28995,6710,2610,1300,988,1287,725,2061,1199,738,738,1880,2983,28753,29179,29118,29135,29131,1489,1204,3212,1129,3186,2777,1098,1041,1006,870,1291,2702,29012,29003,2147483647,64543,65428,18,1971,11148,3128,54113,0,3,3,1
rest in thumbs,13:10:24.919,29087,6767,2579,1261,984,1274,711,2074,1190,725,742,1898,2961,28828,29197,29263,29232,29157,1529,1252,3260,1129,3142,2772,1120,1138,1006,887,1278,2680,29056,29021,2147483647,64559,65420,17,1976,11138,3128,54104,0,3,3,1
thumbs to fist,13:10:25.021,28907,6754,2566,1239,1015,1239,725,2012,1226,716,760,1889,3041,28779,29285,29175,29162,29271,1502,1239,3208,1186,3133,2777,1116,1107,1001,843,1287,2663,29083,28894,2147483647,64567,65434,7,1977,11135,3132,54102,0,3,3,1
thumbs to fist,13:10:25.119,28968,6767,2592,1261,1001,1300,716,2012,1208,742,755,1894,3010,28762,29351,29263,29206,29333,1507,1217,3256,1129,3168,2781,1094,1054,918,856,1318,2689,29118,28920,2147483647,64573,65436,15,1973,11146,3134,54113,0,3,3,1
thumbs to fist,13:10:25.219,28836,6754,2557,1230,958,1261,729,2047,1208,720,729,1854,3014,28832,29289,29162,29210,29368,1502,1248,3243,1142,3181,2803,1107,1019,1019,878,1283,2693,29017,28854,2147483647,64560,65433,23,1976,11138,3124,54103,0,3,3,1
thumbs to fist,13:10:25.329,28973,6763,2566,1265,979,1287,751,2025,1195,703,729,1876,3005,29223,29188,28977,28959,29179,1507,1208,3229,1182,3159,2768,1138,1076,1032,843,1291,2707,29166,29039,2147483647,64537,65431,7,1984,11127,3130,54095,0,3,3,1
thumbs to fist,13:10:25.419,29008,6754,2579,1270,1001,1274,738,2039,1212,716,755,1858,2979,28766,29175,29131,29122,29192,1546,1256,3238,1138,3146,2737,1098,1050,975,870,1278,2680,29008,28907,2147483647,64542,65435,1,1975,11130,3144,54103,0,3,3,1
thumbs to fist,13:10:25.521,28973,6771,2575,1291,979,1256,742,2017,1190,725,755,1872,2997,28889,29219,29258,29241,29206,1516,1243,3273,1164,3098,2812,1103,1103,971,892,1296,2685,29043,29025,2147483647,64571,65431,20,1956,11123,3142,54089,0,3,3,1
thumbs to fist,13:10:25.620,29104,6771,2566,1252,966,1252,733,2012,1212,689,698,1876,2983,28973,29236,29166,29148,29210,1516,1217,3221,1177,3155,2724,1098,1094,1015,839,1300,2676,29144,29030,2147483647,64556,65436,8,1951,11127,3139,54093,0,3,3,1
thumbs to fist,13:10:25.719,29056,6741,2566,1270,979,1256,742,2056,1190,729,729,1920,3010,28858,29179,29197,29232,29245,1502,1212,3221,1094,3137,2764,1116,1094,1001,852,1305,2663,29069,29074,2147483647,64542,65415,1,1956,11133,3147,54098,0,3,3,1
thumbs to fist,13:10:25.819,29021,6750,2544,1252,971,1261,694,2039,1204,707,764,1872,2983,28889,29210,29135,29153,29298,1516,1221,3287,1164,3190,2772,1103,1094,1006,821,1270,2658,29087,28999,2147483647,64551,65425,6,1955,11133,3146,54100,0,3,3,1
thumbs to fist,13:10:25.920,28981,6719,2557,1283,975,1252,729,2052,1204,751,716,1916,3019,28858,29245,29175,29170,29285,1524,1248,3256,1111,3133,2808,1125,1041,1032,843,1327,2693,29074,28955,2147483647,64577,65430,6,1942,11131,3145,54096,0,3,3,1
thumbs to fist,13:10:26.020,29034,6728,2575,1265,975,1252,716,2074,1204,707,747,1872,2992,28735,29276,29153,29184,29280,1502,1243,3265,1125,3190,2790,1129,1072,1010,874,1283,2698,29148,29078,2147483647,64571,65429,65535,1929,11133,3142,54095,0,3,3,1
thumbs to fist,13:10:26.120,29228,6789,2570,1256,1019,1270,711,2034,1208,742,747,1889,2988,29025,28955,29170,29122,28986,1494,1208,3256,1142,3159,2808,1129,1054,1001,843,1287,2663,29096,29188,2147483647,64581,65425,8,1935,11120,3143,54084,0,3,3,1
thumbs to fist,13:10:26.219,29078,6732,2575,1261,971,1265,729,2012,1256,755,760,1920,3019,28779,29298,29201,29210,29276,1520,1252,3251,1151,3128,2772,1085,1059,993,874,1309,2676,29065,29034,2147483647,64569,65428,12,1937,11118,3146,54083,0,3,3,1
thumbs to fist,13:10:26.319,29021,6723,2553,1296,988,1270,742,2056,1217,773,742,1880,3027,28841,29126,29166,29166,29170,1533,1204,3304,1142,3155,2764,1098,1050,975,821,1296,2693,29069,29012,2147483647,64536,65429,65533,1938,11115,3144,54080,0,3,3,1
thumbs to fist,13:10:26.418,29025,6798,2531,1252,979,1234,755,2008,1199,733,738,1898,3001,29087,29192,29228,29219,29228,1551,1212,3265,1151,3146,2755,1146,1094,1010,861,1265,2680,29118,29056,2147483647,64567,65437,17,1937,11107,3130,54068,0,3,3,1
thumbs to fist,13:10:26.523,29113,6785,2610,1221,966,1270,742,2017,1204,725,720,1867,3005,29012,29307,29179,29179,29210,1511,1221,3278,1133,3168,2786,1120,1015,984,861,1313,2636,29096,29104,2147483647,64555,65428,8,1947,11112,3111,54069,0,3,3,1
thumbs to fist,13:10:26.620,29074,6719,2601,1239,979,1230,738,1995,1217,707,755,1880,2997,29078,29311,29201,29245,29315,1494,1212,3326,1133,3155,2821,1138,1089,1006,878,1278,2742,29087,29184,2147483647,64559,65430,27,1951,11102,3109,54062,0,3,3,1
thumbs to fist,13:10:26.718,29096,6767,2579,1265,1001,1265,738,2012,1226,720,711,1902,3001,29034,29091,29118,29197,29091,1498,1234,3278,1111,3106,2790,1107,1063,1023,856,1313,2689,29034,29065,2147483647,64554,65432,27,1951,11100,3110,54061,0,3,3,1
thumbs to fist,13:10:26.818,29153,6771,2632,1252,1006,1274,716,2030,1195,742,751,1850,3023,29052,29250,29267,29250,29285,1498,1252,3190,1098,3168,2790,1107,1081,1045,852,1283,2685,29069,29113,2147483647,64555,65428,11,1952,11090,3110,54049,0,3,3,1
thumbs to fist,13:10:26.918,29166,6741,2632,1309,997,1265,716,2052,1221,738,711,1863,3049,28955,29188,29162,29126,29192,1538,1252,3269,1138,3172,2799,1111,1041,1019,856,1274,2667,29034,29153,2147483647,64559,65435,18,1956,11082,3112,54042,0,3,3,1
thumbs to fist,13:10:27.020,29087,6780,2570,1283,962,1248,733,1999,1234,729,782,1894,3019,29122,29236,29241,29250,29315,1560,1217,3287,1116,3212,2772,1120,1054,1037,826,1300,2693,29078,29065,2147483647,64568,65427,19,1964,11080,3124,54045,0,3,3,1
thumbs to fist,13:10:27.118,29170,6780,2597,1252,962,1256,742,2025,1256,703,760,1898,3019,28973,29206,29175,29175,29144,1520,1270,3295,1142,3190,2781,1085,1072,1032,830,1327,2720,29206,29144,2147483647,64565,65438,22,1968,11089,3128,54054,0,3,3,1
thumbs to fist,13:10:27.218,29104,6776,2614,1278,984,1270,755,2003,1256,716,742,1911,3036,29131,29166,29166,29175,29214,1533,1199,3300,1120,3186,2786,1116,1059,979,848,1313,2645,29021,29056,2147483647,64556,65433,25,1973,11089,3125,54055,0,3,3,1
thumbs to fist,13:10:27.329,29192,6776,2562,1278,1019,1248,769,2030,1239,716,729,1885,2970,29135,29126,28964,28845,29192,1498,1217,3300,1129,3260,2803,1072,1081,993,892,1287,2702,29122,29179,2147483647,64563,65423,15,1977,11086,3122,54052,0,3,3,1
thumbs to fist,13:10:27.428,29162,6811,2570,1283,993,1217,733,1999,1190,733,747,1872,3036,29245,29157,28946,28885,29241,1502,1230,3278,1111,3177,2786,1103,1072,993,839,1305,2676,29087,29144,2147483647,64568,65430,65531,1984,11085,3126,54054,0,3,3,1
thumbs to fist,13:10:27.522,29118,6763,2610,1248,984,1270,755,2017,1234,711,755,1876,3023,29047,29184,29250,29285,29184,1516,1208,3295,1142,3221,2781,1120,1054,1015,839,1261,2689,29179,29197,2147483647,64545,65434,7,1987,11079,3125,54048,0,3,3,1
thumbs to fist,13:10:27.621,29096,6776,2605,1270,971,1234,707,2025,1208,698,716,1889,3036,29034,29135,29166,29131,29131,1533,1270,3278,1138,3159,2755,1072,1081,1010,839,1305,2689,29091,29140,2147483647,64556,65434,4,1982,11081,3125,54049,0,3,3,1
thumbs to fist,13:10:27.718,29148,6763,2592,1239,975,1239,711,2047,1221,707,707,1845,3054,29078,29188,29214,29201,29170,1494,1252,3287,1142,3181,2790,1146,1045,1001,839,1313,2689,29043,29131,2147483647,64561,65434,6,1980,11078,3122,54045,0,3,3,1
thumbs to fist,13:10:27.847,29144,6749,2575,1283,958,1252,747,2012,1217,760,751,1924,3023,28955,28828,29135,29192,28718,1480,1230,3291,1107,3199,2777,1111,1094,997,878,1305,2693,29214,29188,2147483647,64566,65440,12,1975,11071,3131,54040,0,3,3,1
thumbs to fist,13:10:27.919,29144,6745,2553,1287,966,1248,707,2012,1190,729,733,1894,3058,29069,29052,29214,29258,29091,1489,1243,3291,1116,3177,2799,1107,1098,1045,887,1265,2693,29113,29131,2147483647,64556,65429,16,1971,11086,3136,54055,0,3,3,1
thumbs to fist,13:10:28.019,29122,6754,2544,1274,993,1239,738,2008,1243,747,751,1880,3076,28959,28762,29232,29201,28850,1485,1212,3344,1133,3212,2777,1146,1059,984,870,1278,2707,29061,29104,2147483647,64565,65426,27,1970,11093,3141,54063,0,3,3,1
thumbs to fist,13:10:28.119,29100,6741,2531,1309,1015,1278,694,2008,1177,694,711,1858,3062,29030,28801,29179,29245,28801,1472,1248,3291,1155,3159,2808,1160,1067,1081,865,1296,2733,29122,29109,2147483647,64561,65431,12,1964,11087,3142,54056,0,3,3,1
thumbs to fist,13:10:28.219,29166,6771,2566,1291,927,1243,703,2003,1204,738,751,1880,3084,29034,28981,29113,29153,28894,1520,1265,3339,1107,3238,2790,1133,1094,997,852,1278,2707,29021,29118,2147483647,64557,65427,14,1957,11082,3149,54052,0,3,3,1
thumbs to fist,13:10:28.320,29113,6736,2500,1261,962,1243,725,2008,1190,707,747,1858,3049,29109,28880,29245,29214,28819,1480,1234,3295,1133,3168,2803,1116,1063,997,843,1274,2742,29118,29047,2147483647,64567,65425,21,1959,11060,3153,54032,0,3,3,1
thumbs to fist,13:10:28.418,29157,6697,2562,1278,962,1239,694,2025,1186,729,742,1885,3041,28946,28929,29131,29162,28674,1498,1243,3291,1151,3181,2768,1151,1076,997,848,1296,2746,29052,29113,2147483647,64566,65428,10,1968,11047,3161,54023,0,3,3,1
thumbs to fist,13:10:28.520,29153,6732,2553,1256,962,1278,720,2096,1217,733,742,1872,3041,28959,28867,29144,29148,28814,1485,1243,3282,1120,3186,2808,1120,1059,979,861,1300,2663,29008,29109,2147483647,64557,65433,17,1977,11030,3173,54012,0,3,3,1
thumbs to fist,13:10:28.632,29179,6714,2562,1248,984,1265,742,2034,1226,742,729,1889,3054,29043,29144,29008,29030,29109,1498,1256,3313,1146,3203,2799,1125,1050,1015,852,1318,2729,29184,29144,2147483647,64549,65426,7,1987,11036,3171,54019,0,3,3,1
thumbs to fist,13:10:28.719,29175,6714,2482,1274,975,1243,720,2047,1248,729,747,1880,3041,28942,28735,29166,29157,28823,1516,1261,3326,1146,3225,2786,1116,1072,975,817,1265,2720,29074,29135,2147483647,64554,65422,14,1991,11033,3170,54017,0,3,3,1
thumbs to fist,13:10:28.819,29144,6692,2535,1318,953,1248,725,2025,1230,725,760,1858,3054,28907,29008,29364,29311,28788,1511,1230,3313,1125,3265,2799,1146,1076,1001,834,1283,2755,29126,29179,2147483647,64551,65425,21,1996,11028,3172,54013,0,3,3,1
thumbs to fist,13:10:28.918,29113,6706,2478,1248,1006,1274,738,2021,1204,672,711,1902,3041,28876,28687,29192,29157,28740,1511,1234,3269,1094,3256,2764,1146,1059,993,878,1300,2720,29201,29061,2147483647,64570,65429,22,2006,11026,3168,54012,0,3,3,1
thumbs to fist,13:10:29.019,29148,6710,2496,1274,993,1239,733,2052,1190,764,725,1885,3032,28907,28889,29206,29219,28836,1520,1261,3269,1173,3251,2786,1120,1023,984,852,1291,2711,29091,29140,2147483647,64548,65438,19,2013,11018,3162,54004,0,3,3,1
thumbs to fist,13:10:29.119,29043,6741,2500,1265,1001,1248,742,2074,1195,733,747,1885,3032,28911,28669,29245,29236,28560,1516,1212,3282,1125,3260,2759,1094,1054,988,852,1327,2702,29188,29069,2147483647,64586,65426,28,2010,11015,3172,54003,0,3,3,1
thumbs to fist,13:10:29.219,29188,6719,2570,1287,975,1239,764,2052,1208,711,799,1885,3106,28973,28828,29346,29333,28819,1502,1226,3295,1125,3287,2772,1182,1103,984,865,1318,2729,29087,29153,2147483647,64593,65413,37,2016,11038,3187,54031,0,3,3,1
thumbs to fist,13:10:29.319,29087,6701,2531,1261,993,1261,729,1999,1204,720,725,1858,3054,28933,28841,29271,29293,28964,1502,1265,3304,1120,3309,2759,1129,1094,997,865,1278,2711,29008,29100,2147483647,64579,65434,16,2036,11023,3184,54019,0,3,3,1
thumbs to fist,13:10:29.418,29100,6714,2557,1234,958,1291,742,2008,1199,729,725,1876,3067,28916,28779,29258,29206,28823,1472,1230,3304,1111,3260,2764,1195,1041,1010,834,1305,2724,29140,29100,2147483647,64527,65416,35,2032,11077,3210,54078,0,3,3,1
thumbs to fist,13:10:29.520,29083,6785,2557,1234,1001,1265,689,2052,1243,707,733,1902,3084,28907,28770,29258,29276,28810,1507,1212,3273,1111,3273,2790,1125,1037,993,852,1248,2729,29113,29091,2147483647,64546,65427,30,2048,11071,3187,54068,0,3,3,1
thumbs to fist,13:10:29.619,29113,6719,2526,1261,979,1274,729,1995,1208,720,747,1867,3014,28964,29061,29329,29337,28986,1507,1221,3287,1094,3300,2737,1120,1067,1015,892,1296,2693,29109,29096,2147483647,64575,65410,22,2045,11058,3204,54059,0,3,3,1
thumbs to fist,13:10:29.719,29188,6710,2518,1261,953,1265,716,1964,1217,707,707,1854,3027,28885,28718,29144,29170,28810,1511,1230,3265,1116,3300,2750,1107,1107,1032,830,1287,2737,29061,29179,2147483647,64557,65433,11,2045,11050,3211,54054,0,3,3,1
rest in fist,13:10:30.022,29144,6666,2518,1243,953,1248,720,2030,1204,725,755,1894,3019,28920,28973,29333,29324,28902,1480,1199,3295,1146,3295,2759,1133,1076,997,909,1309,2680,29100,29184,2147483647,64551,65410,29,2014,11024,3243,54032,0,3,3,1
rest in fist,13:10:30.219,29126,6710,2518,1243,971,1274,725,2047,1217,703,747,1880,3014,28894,28801,29175,29250,28784,1480,1248,3256,1146,3260,2777,1111,1063,1019,883,1309,2720,29047,29140,2147483647,64567,65409,15,2011,11021,3252,54032,0,3,3,1
rest in fist,13:10:30.319,29192,6701,2500,1270,940,1248,685,2025,1212,738,769,1889,3023,28946,28823,29324,29285,28968,1502,1252,3313,1164,3291,2772,1138,1050,1032,887,1318,2715,29017,29148,2147483647,64565,65421,23,2006,11029,3247,54037,0,3,3,1
rest in fist,13:10:30.427,29091,6697,2487,1287,1015,1274,725,2003,1199,716,733,1916,3023,28889,28775,29280,29293,28718,1502,1248,3282,1081,3265,2755,1116,1063,1010,870,1296,2693,28924,29091,2147483647,64558,65414,30,2000,11027,3252,54035,0,3,3,1
rest in fist,13:10:30.520,29135,6684,2496,1274,936,1252,733,1968,1195,725,725,1894,3071,28990,28898,29302,29342,28946,1546,1230,3247,1133,3322,2759,1142,1076,984,843,1296,2693,29135,29078,2147483647,64568,65416,35,1991,11028,3265,54038,0,3,3,1
rest in fist,13:10:30.619,29069,6666,2535,1265,966,1287,751,2047,1199,694,733,1863,3005,28920,28784,29285,29285,28788,1516,1217,3291,1151,3300,2759,1133,1050,1023,839,1309,2715,28920,29061,2147483647,64562,65424,20,1993,11020,3264,54031,0,3,3,1
rest in fist,13:10:30.719,29078,6692,2509,1291,997,1256,711,1995,1234,720,738,1889,3036,28907,28872,29337,29320,29047,1507,1234,3256,1120,3260,2750,1133,1032,997,852,1313,2711,29131,29148,2147483647,64541,65412,24,1994,11017,3264,54028,0,3,3,1
rest in fist,13:10:30.820,29153,6710,2487,1265,997,1261,747,2043,1221,725,769,1898,3005,28902,28814,29302,29258,28806,1502,1239,3243,1111,3216,2772,1142,1067,1006,896,1261,2715,29083,29109,2147483647,64563,65410,32,1994,11006,3259,54017,0,3,3,1
rest in fist,13:10:30.920,29109,6657,2518,1278,971,1270,720,2003,1199,716,733,1872,3019,28995,28959,29315,29311,28964,1467,1221,3309,1129,3273,2750,1116,1059,984,834,1353,2742,28973,29122,2147483647,64553,65420,28,2000,10995,3260,54007,0,3,3,1
rest in fist,13:10:31.020,29175,6692,2474,1248,953,1270,725,2030,1239,694,769,1850,3027,28968,28999,29148,29157,28959,1511,1239,3278,1155,3256,2799,1138,1076,1010,887,1291,2680,29021,29118,2147483647,64561,65419,36,2004,10997,3262,54010,0,3,3,1
rest in fist,13:10:31.118,29091,6635,2496,1261,984,1265,711,2043,1199,711,764,1876,3005,28951,28876,29333,29346,28863,1538,1243,3287,1094,3256,2772,1089,1041,1023,883,1300,2737,29021,29078,2147483647,64564,65423,28,2008,10991,3257,54004,0,3,3,1
rest in fist,13:10:31.219,29157,6679,2513,1278,988,1256,733,2034,1226,747,738,1863,3010,28867,28814,29223,29293,28894,1507,1217,3282,1081,3247,2759,1116,1050,1037,870,1265,2720,28995,29144,2147483647,64547,65417,38,2008,10988,3261,54002,0,3,3,1
rest in fist,13:10:31.319,29140,6670,2522,1278,962,1278,716,2039,1217,725,716,1828,3036,28955,29008,29206,29285,29047,1498,1226,3269,1133,3234,2746,1133,1032,993,918,1278,2680,29083,29131,2147483647,64565,65408,26,2013,10988,3267,54005,0,3,3,1
rest in fist,13:10:31.418,29140,6670,2469,1230,1010,1248,729,2078,1212,703,769,1872,3058,28929,29074,29298,29258,29034,1533,1230,3291,1160,3251,2750,1142,1067,971,874,1278,2711,29162,29184,2147483647,64563,65426,28,2014,10987,3272,54005,0,3,3,1
rest in fist,13:10:31.520,29329,6666,2544,1287,958,1265,742,1990,1221,733,760,1894,3023,28929,28876,29109,29166,28885,1494,1230,3295,1186,3273,2786,1146,1094,988,830,1291,2724,29083,29280,2147483647,64569,65415,29,2018,10986,3269,54004,0,3,3,1
rest in fist,13:10:31.630,29162,6692,2482,1256,993,1256,729,2039,1190,742,729,1854,3062,29021,29175,29069,29065,29157,1463,1283,3243,1116,3243,2733,1129,1059,1006,839,1287,2720,28705,29118,2147483647,64547,65430,21,2015,10983,3266,54000,0,3,3,1
rest in fist,13:10:31.727,29170,6701,2513,1291,1010,1243,760,2008,1199,725,755,1872,3093,29104,29250,29074,29113,29263,1502,1248,3322,1138,3278,2786,1125,1054,1006,848,1270,2724,29096,29188,2147483647,64571,65422,21,2014,10976,3267,53993,0,3,3,1
rest in fist,13:10:31.819,29188,6679,2562,1270,975,1274,716,1995,1248,738,751,1841,3023,28951,29118,29320,29329,29074,1502,1204,3304,1138,3282,2764,1155,1072,988,861,1318,2693,29122,29126,2147483647,64578,65412,33,2019,10965,3271,53985,0,3,3,1
rest in fist,13:10:31.919,29034,6692,2487,1313,984,1270,733,2012,1226,747,729,1880,3023,28959,29083,29166,29219,29025,1507,1243,3295,1129,3287,2750,1116,984,975,861,1256,2685,29083,29109,2147483647,64570,65420,31,2020,10968,3270,53988,0,3,3,1
rest in fist,13:10:32.020,29118,6697,2553,1230,979,1256,738,2021,1204,755,711,1889,3102,28986,29034,29201,29241,29074,1498,1221,3243,1120,3216,2768,1155,1098,979,839,1305,2720,28977,29140,2147483647,64548,65413,29,2028,10970,3262,53988,0,3,3,1
rest in fist,13:10:32.118,29087,6666,2544,1287,1015,1265,711,1999,1221,716,751,1863,3032,28946,28986,29144,29210,28981,1507,1265,3269,1133,3243,2764,1138,1050,1010,852,1283,2685,29039,29043,2147483647,64568,65415,37,2023,10963,3260,53981,0,3,3,1
rest in fist,13:10:32.219,29135,6675,2518,1287,1001,1265,720,2034,1208,711,733,1902,3036,28968,29052,29188,29223,29069,1520,1274,3295,1142,3238,2764,1129,1067,1010,834,1305,2737,28959,29078,2147483647,64576,65415,26,2031,10957,3258,53976,0,3,3,1
rest in fist,13:10:32.319,29153,6697,2487,1270,988,1274,742,2030,1217,725,725,1889,3005,28885,29034,29122,29131,28999,1498,1248,3282,1142,3260,2777,1116,1010,993,839,1256,2693,29052,29069,2147483647,64563,65413,36,2034,10948,3259,53968,0,3,3,1
rest in fist,13:10:32.428,29122,6679,2535,1256,997,1261,729,1995,1208,725,755,1872,3032,29131,29245,29188,29245,29179,1507,1239,3234,1107,3300,2759,1133,1050,993,892,1300,2755,28863,29104,2147483647,64563,65413,34,2022,10963,3264,53982,0,3,3,1
rest in fist,13:10:32.519,29122,6684,2478,1270,958,1261,764,2021,1199,676,733,1867,3019,28902,28995,29104,29126,28955,1511,1270,3256,1164,3216,2768,1125,1045,988,812,1300,2676,28959,29131,2147483647,64590,65417,28,2012,10956,3274,53976,0,3,3,1
rest in fist,13:10:32.619,29170,6692,2491,1287,988,1270,729,2061,1186,711,733,1876,3005,28959,28995,29148,29236,29043,1502,1199,3291,1133,3216,2764,1177,1037,1032,861,1283,2693,28924,29069,2147483647,64580,65410,27,2007,10957,3290,53981,0,3,3,1
rest in fist,13:10:32.718,29285,6728,2478,1283,958,1243,742,2030,1212,751,760,1828,3005,28889,28999,29192,29157,29065,1472,1204,3282,1125,3243,2764,1120,1054,1015,865,1291,2720,29091,29245,2147483647,64566,65416,33,1996,10968,3300,53992,0,3,3,1
rest in fist,13:10:32.819,29157,6692,2504,1313,966,1265,747,2052,1204,742,764,1876,3023,28889,29025,29153,29201,29021,1533,1239,3273,1129,3278,2755,1103,1076,984,830,1309,2755,28968,29135,2147483647,64584,65413,10,1983,10967,3319,53994,0,3,3,1
rest in fist,13:10:32.920,29184,6697,2518,1296,997,1248,751,2039,1226,725,769,1889,3049,28898,29061,29206,29214,29017,1529,1252,3278,1138,3287,2764,1111,1072,1001,865,1296,2693,28995,29118,2147483647,64577,65396,29,1999,10957,3338,53993,0,3,3,1
rest in fist,13:10:33.019,29122,6701,2548,1256,997,1261,676,2008,1168,716,755,1907,3014,28920,28999,29078,29043,29012,1507,1248,3282,1151,3282,2777,1129,1072,1010,878,1318,2707,28964,29170,2147483647,64581,65402,40,1991,10955,3358,53995,0,3,3,1
rest in fist,13:10:33.121,29148,6736,2509,1287,971,1278,738,2003,1226,725,755,1898,3014,28937,29039,28828,28867,29069,1529,1243,3278,1129,3238,2777,1111,1067,1006,874,1296,2724,29030,29192,2147483647,64570,65398,45,1983,10971,3363,54011,0,3,3,1
rest in fist,13:10:33.218,29100,6692,2518,1291,971,1243,703,2008,1230,733,725,1889,3027,28889,29025,28819,28792,28986,1520,1248,3265,1116,3234,2790,1116,1107,979,870,1287,2698,28999,29091,2147483647,64527,65399,16,1990,10974,3356,54013,0,3,3,1
rest in fist,13:10:33.319,29184,6679,2500,1296,975,1305,764,2030,1199,733,733,1876,3014,28933,29109,28973,28814,29074,1494,1230,3300,1138,3243,2781,1155,1076,984,848,1274,2715,28973,29175,2147483647,64573,65419,30,1983,10991,3349,54025,0,3,3,1
rest in fist,13:10:33.419,29122,6732,2566,1270,949,1239,707,2039,1234,720,755,1858,3045,28898,29118,28810,28880,29047,1485,1234,3273,1138,3278,2777,1107,1076,1023,861,1287,2680,28911,29061,2147483647,64538,65408,39,1989,10969,3345,54005,0,3,3,1
rest in fist,13:10:33.520,29122,6732,2531,1252,993,1252,716,2003,1208,773,733,1863,3036,28986,29043,28753,28850,29074,1498,1226,3238,1098,3260,2759,1142,1041,1001,839,1313,2671,29003,29131,2147483647,64543,65409,20,1988,10977,3355,54014,0,3,3,1
rest in fist,13:10:33.619,29104,6785,2610,1278,993,1261,720,2065,1234,764,747,1876,3019,28959,28937,28819,28968,29030,1516,1274,3317,1133,3278,2755,1125,1041,1023,821,1309,2680,28911,29052,2147483647,64582,65398,28,1988,10980,3351,54017,0,3,3,1
rest in fist,13:10:33.718,29157,6745,2588,1291,1010,1274,711,1981,1230,738,755,1880,3014,28973,28981,28854,28819,28990,1511,1221,3243,1133,3278,2750,1142,1067,1041,843,1278,2693,28951,29096,2147483647,64583,65411,34,1987,10967,3347,54003,0,3,3,1
rest in fist,13:10:33.819,29162,6802,2605,1278,962,1274,703,1977,1204,742,782,1876,2970,28920,28876,28946,28858,28920,1511,1217,3291,1146,3208,2755,1151,1063,1015,861,1291,2680,28942,29175,2147483647,64604,65404,46,2013,10942,3368,53990,0,3,3,1
rest in fist,13:10:33.920,29148,6829,2636,1278,1006,1278,725,2012,1212,764,742,1876,3019,28951,28981,28806,28889,29003,1498,1221,3300,1125,3251,2746,1103,1059,988,878,1283,2693,28924,29109,2147483647,64571,65396,73,2040,10950,3417,54016,0,3,3,1
rest in fist,13:10:34.019,29206,6820,2729,1274,975,1248,777,1973,1208,716,760,1911,3036,28924,28876,28740,28775,28911,1489,1252,3273,1120,3229,2777,1164,1094,1001,870,1283,2724,28995,29157,2147483647,64569,65420,16,2079,10968,3406,54038,0,3,3,1
rest in fist,13:10:34.118,29157,6855,2667,1270,971,1252,729,2034,1252,751,747,1858,3032,28885,28872,28762,28907,28920,1507,1234,3260,1125,3238,2803,1155,1085,1015,852,1296,2693,28920,29126,2147483647,64512,65419,20,2081,10976,3385,54039,0,3,3,1
rest in fist,13:10:34.219,29162,6846,2623,1243,997,1278,764,1999,1234,725,764,1889,3001,28850,28902,28806,28841,28880,1489,1234,3256,1146,3203,2746,1107,1054,1015,865,1296,2750,29034,29210,2147483647,64555,65402,47,2063,10985,3381,54043,0,3,3,1
rest in fist,13:10:34.319,29188,6903,2715,1291,997,1287,720,2008,1230,711,707,1889,3010,28880,28894,28981,28867,28907,1524,1226,3273,1146,3208,2781,1155,1076,1015,865,1287,2724,29069,29131,2147483647,64570,65412,16,2061,10970,3376,54027,0,3,3,1
rest in fist,13:10:34.419,29184,6912,2685,1274,975,1226,755,1977,1186,720,742,1885,3005,28951,28933,28819,28876,28946,1520,1204,3278,1125,3295,2808,1146,1089,997,870,1296,2724,28977,29144,2147483647,64533,65366,28,2096,11000,3399,54069,0,3,3,1
rest in fist,13:10:34.518,29144,6886,2737,1291,984,1283,760,1995,1226,729,694,1850,3032,28894,28854,28656,28722,28916,1494,1230,3251,1138,3251,2768,1107,1063,1010,856,1291,2663,28911,29056,2147483647,64542,65411,5,2114,10987,3370,54051,0,3,3,1
rest in fist,13:10:34.619,29135,6890,2742,1270,979,1265,711,2025,1221,742,729,1889,3005,28951,28898,28828,28999,28937,1516,1204,3260,1116,3247,2786,1155,1063,1050,848,1305,2733,28973,29126,2147483647,64555,65428,65528,2099,11021,3373,54083,0,3,3,1
rest in fist,13:10:34.719,29109,6864,2729,1265,966,1243,733,2034,1208,707,716,1823,3005,28942,28902,28740,28779,28850,1498,1252,3269,1133,3221,2759,1142,1059,1006,905,1283,2689,28894,29065,2147483647,64593,65402,38,2094,11037,3422,54111,0,3,3,1
rest in fist,13:10:34.820,29223,6873,2676,1318,975,1248,725,2021,1208,725,777,1880,3010,28955,28929,28779,28810,28937,1511,1226,3251,1142,3238,2830,1116,1103,1001,883,1265,2702,29025,29236,2147483647,64570,65417,37,2093,11032,3436,54111,0,3,3,1
rest in fist,13:10:34.921,29126,6868,2711,1243,984,1252,711,1973,1226,703,751,1850,3032,28973,28894,28810,28933,28937,1524,1248,3278,1116,3221,2821,1094,1085,1037,852,1274,2663,28968,29192,2147483647,64565,65398,65534,2107,11010,3444,54094,0,3,3,1
fist to point,13:10:35.022,28968,6864,2702,1283,962,1291,729,2021,1199,716,725,1880,2944,28916,28762,28898,28937,28770,1529,1217,3269,1098,3234,2781,1146,1089,993,852,1313,2698,28981,29030,2147483647,64567,65430,65525,2122,11029,3477,54125,0,3,3,1
fist to point,13:10:35.119,29100,6916,2658,1248,975,1239,747,1990,1239,707,751,1885,3027,29021,28880,28946,28920,28959,1485,1204,3251,1120,3199,2786,1125,1045,1006,830,1327,2685,28854,29030,2147483647,64589,65408,9,2128,11032,3498,54136,0,3,3,1
fist to point,13:10:35.219,29162,6877,2707,1300,962,1261,720,2021,1199,703,751,1872,2979,28911,28920,28801,28845,28937,1507,1256,3221,1129,3216,2777,1133,1041,1001,856,1270,2720,28902,29122,2147483647,64559,65406,65531,2144,11035,3509,54145,0,3,3,1
fist to point,13:10:35.320,29254,6829,2715,1261,975,1274,729,2021,1168,747,782,1828,3014,28990,28880,28784,28740,28911,1494,1221,3247,1151,3212,2750,1081,1059,979,848,1270,2729,29061,29236,2147483647,64534,65406,6,2152,11037,3504,54147,0,3,3,1
fist to point,13:10:35.418,29100,6855,2733,1270,962,1248,738,1990,1212,729,742,1819,3001,29153,28907,28806,29008,28999,1480,1239,3229,1098,3172,2768,1098,1085,993,843,1327,2680,28907,29087,2147483647,64542,65397,11,2149,11039,3480,54141,0,3,3,1
fist to point,13:10:35.519,29166,6881,2685,1274,979,1226,738,2008,1217,711,755,1885,2992,28999,28885,28766,28753,28854,1489,1256,3225,1111,3212,2799,1129,1081,988,856,1300,2724,28990,29153,2147483647,64540,65413,65534,2144,11038,3449,54130,0,3,3,1
fist to point,13:10:35.619,29122,6855,2729,1274,984,1243,751,2034,1234,747,716,1850,3027,28872,28845,28797,28942,28911,1498,1199,3269,1138,3225,2759,1125,1041,988,870,1318,2729,29008,29118,2147483647,64561,65415,65533,2127,11027,3441,54114,0,3,3,1
fist to point,13:10:35.719,29056,6930,2707,1278,984,1252,707,2012,1195,689,738,1867,3014,28929,28937,28788,28713,28937,1507,1217,3260,1107,3243,2777,1138,1081,1015,817,1296,2680,29017,29047,2147483647,64571,65423,31,2097,11019,3444,54101,0,3,3,1
fist to point,13:10:35.819,29021,6877,2750,1291,958,1265,742,2043,1221,720,760,1863,3045,29144,28814,28819,28916,28801,1476,1230,3225,1129,3221,2794,1125,1081,984,843,1270,2729,28898,28959,2147483647,64580,65410,17,2074,11019,3434,54094,0,3,3,1
fist to point,13:10:35.930,29113,6965,2772,1265,975,1248,676,1990,1208,720,764,1880,3027,29104,29100,29197,29232,29126,1524,1226,3216,1116,3260,2786,1164,1032,997,883,1291,2693,28981,29184,2147483647,64552,65432,65533,2071,10987,3424,54060,0,3,3,1
fist to point,13:10:36.024,28858,6943,2808,1256,1001,1265,742,1959,1239,738,755,1872,3067,29140,28942,28894,28995,28880,1511,1208,3260,1133,3229,2794,1120,1089,953,834,1287,2654,28977,28894,2147483647,64563,65421,65525,2064,11007,3435,54081,0,3,3,1
fist to point,13:10:36.119,28955,6996,2816,1256,988,1265,720,2043,1212,738,711,1836,3049,29091,28986,28863,28828,28999,1489,1208,3216,1120,3221,2786,1120,1054,1006,848,1261,2737,29069,28995,2147483647,64566,65413,21,2061,11002,3441,54077,0,3,3,1
fist to point,13:10:36.228,29131,6996,2860,1226,984,1239,698,2039,1217,729,747,1854,3001,29047,29074,29091,29118,29091,1520,1243,3238,1103,3199,2759,1125,1094,1037,870,1305,2689,28894,29074,2147483647,64565,65407,0,2052,11006,3429,54076,0,3,3,1
fist to point,13:10:36.319,28973,7000,2882,1261,975,1234,751,2034,1199,698,760,1854,2988,29052,28955,28814,28854,28907,1485,1168,3256,1116,3225,2794,1111,1059,984,834,1283,2698,28920,28929,2147483647,64583,65408,7,2042,10998,3406,54060,0,3,3,1
fist to point,13:10:36.419,29039,7062,2852,1239,971,1252,747,2039,1199,707,738,1823,3010,28995,28889,28863,28683,28880,1467,1230,3256,1151,3229,2790,1103,1050,984,808,1239,2711,28955,29039,2147483647,64561,65411,65529,2025,11007,3399,54063,0,3,3,1
fist to point,13:10:36.520,29039,7022,2869,1265,975,1243,738,2012,1234,720,769,1885,2979,29140,28902,28792,28885,28933,1502,1252,3282,1107,3199,2768,1103,1050,988,892,1296,2698,29030,28959,2147483647,64552,65412,65527,2022,11013,3396,54067,0,3,3,1
fist to point,13:10:36.619,29122,7101,2891,1221,975,1265,755,2012,1226,751,747,1898,3014,28841,28854,28669,28718,28858,1511,1217,3287,1146,3225,2759,1155,1063,1023,804,1309,2689,29078,29131,2147483647,64552,65395,15,2017,11009,3403,54065,0,3,3,1
fist to point,13:10:36.719,28990,7070,2887,1278,962,1278,733,1968,1226,716,738,1889,3032,29131,28854,28911,28951,28973,1454,1243,3265,1111,3216,2812,1116,1076,984,830,1305,2720,29017,28911,2147483647,64583,65407,27,2010,11012,3399,54065,0,3,3,1
fist to point,13:10:36.819,29039,7031,2913,1252,966,1256,747,1995,1217,738,751,1841,3036,28959,28933,29039,28749,28907,1502,1252,3247,1133,3234,2821,1111,1072,1006,865,1278,2707,28937,29043,2147483647,64548,65415,32,2011,10997,3378,54045,0,3,3,1
fist to point,13:10:36.920,29039,7013,2909,1265,993,1270,716,2047,1186,742,729,1872,3014,29030,28880,29003,29043,28863,1507,1234,3221,1116,3238,2781,1138,1067,1015,856,1248,2720,29012,29030,2147483647,64573,65399,14,2016,10982,3386,54033,0,3,3,1
fist to point,13:10:37.020,29047,7066,2895,1256,984,1252,738,2069,1221,707,738,1863,3023,29039,28911,29096,29069,28889,1494,1221,3291,1151,3278,2790,1129,1045,949,848,1291,2720,28964,29043,2147483647,64599,65412,23,2022,10963,3405,54022,0,3,3,1
fist to point,13:10:37.120,28964,7079,2939,1287,940,1230,725,1964,1221,711,729,1858,3049,28920,28850,28959,29025,28832,1520,1234,3300,1133,3278,2799,1160,1050,1006,852,1287,2680,29047,28916,2147483647,64580,65394,19,2017,10962,3406,54020,0,3,3,1
fist to point,13:10:37.219,29100,7083,2939,1239,979,1217,764,2034,1199,733,703,1858,3084,28995,28955,29030,29065,28946,1472,1252,3256,1111,3216,2742,1103,1045,988,856,1278,2702,28964,29096,2147483647,64575,65394,33,2025,10946,3399,54005,0,3,3,1
fist to point,13:10:37.319,28999,7149,2948,1270,966,1287,755,2043,1221,676,742,1872,3032,29003,28894,28981,28968,28898,1546,1256,3339,1125,3234,2808,1133,1059,1019,861,1274,2702,28894,28946,2147483647,64599,65405,41,2035,10930,3378,53985,0,3,3,1
fist to point,13:10:37.419,28986,7026,2957,1248,958,1270,738,2052,1256,733,738,1845,2997,29003,28964,29025,29078,29003,1480,1204,3291,1111,3208,2772,1125,1045,1032,883,1305,2685,29039,28981,2147483647,64551,65420,39,2045,10929,3367,53983,0,3,3,1
fist to point,13:10:37.522,29012,7044,2887,1256,1001,1261,720,2017,1230,733,755,1872,3058,28986,28674,28981,28981,28691,1480,1265,3300,1151,3186,2799,1116,1032,993,852,1322,2755,29021,28959,2147483647,64561,65416,25,2057,10931,3355,53983,0,3,3,1
fist to point,13:10:37.620,28990,7145,2922,1283,979,1265,747,2021,1217,742,751,1880,3054,29047,28845,29056,29052,28814,1538,1234,3278,1116,3344,2781,1177,1067,984,865,1287,2715,29113,29039,2147483647,64552,65401,50,2063,10927,3352,53980,0,3,3,1
fist to point,13:10:37.720,29148,7026,2931,1291,1006,1270,751,2034,1204,703,777,1885,3036,29083,28854,29056,29034,28727,1507,1234,3278,1094,3313,2786,1138,1089,1023,848,1300,2724,28968,29118,2147483647,64552,65408,51,2068,10929,3362,53985,0,3,3,1
fist to point,13:10:37.819,29074,7048,2913,1265,949,1283,707,2052,1208,707,742,1876,3080,29175,28942,29030,29034,28898,1476,1239,3291,1138,3234,2803,1138,1067,1001,834,1309,2711,29030,29021,2147483647,64546,65412,54,2067,10926,3366,53984,0,3,3,1
fist to point,13:10:37.920,29017,7110,2904,1274,1006,1252,738,2052,1199,742,760,1863,3076,29109,28850,28968,29008,28823,1502,1261,3221,1177,3287,2803,1111,1054,1015,843,1291,2724,29126,29047,2147483647,64530,65397,17,2073,10924,3362,53980,0,3,3,1
fist to point,13:10:38.023,28955,7119,2874,1278,979,1274,751,2069,1173,707,729,1880,3041,29025,28946,28999,29043,29003,1489,1243,3243,1133,3300,2772,1151,1089,1010,870,1274,2711,28955,28964,2147483647,64539,65403,39,2086,10906,3342,53961,0,3,3,1
fist to point,13:10:38.203,29065,7044,2904,1265,988,1204,747,2017,1217,738,764,1880,2983,28981,28841,28999,28995,28872,1516,1221,3278,1098,3309,2808,1155,1072,1015,852,1278,2698,28959,28981,2147483647,64539,65426,21,2069,10905,3340,53956,0,3,3,1
fist to point,13:10:38.303,29052,7044,2922,1261,971,1283,751,2034,1204,725,733,1867,2970,29025,28801,28981,29039,28911,1546,1212,3269,1125,3304,2768,1107,1089,1001,843,1274,2689,29008,28929,2147483647,64585,65423,43,2056,10907,3342,53957,0,3,3,1
fist to point,13:10:38.404,29061,7062,2909,1252,1010,1239,716,2008,1208,733,720,1876,3014,29030,28920,29047,29056,28911,1494,1208,3243,1098,3282,2746,1133,1072,958,839,1309,2707,29056,29021,2147483647,64551,65421,26,2044,10905,3341,53952,0,3,3,1
fist to point,13:10:38.418,28995,7062,2882,1256,997,1243,738,1977,1208,742,742,1854,2983,28999,28854,29008,29008,28929,1494,1199,3265,1155,3309,2750,1129,1089,997,861,1309,2729,29030,29008,2147483647,64581,65396,35,2034,10898,3333,53942,0,3,3,1
fist to point,13:10:38.604,29074,7079,2931,1270,966,1248,720,2047,1177,786,755,1911,3054,29039,28924,29025,29052,28924,1467,1239,3269,1133,3326,2755,1107,1059,971,817,1322,2724,29061,29008,2147483647,64514,65405,30,2017,10909,3329,53948,0,3,3,1
fist to point,13:10:38.704,28959,7009,2900,1291,988,1243,738,2030,1226,764,764,1841,3032,29017,28858,29061,28999,28911,1467,1283,3256,1059,3256,2786,1111,1054,1037,852,1274,2720,29047,28973,2147483647,64532,65375,67,2007,10920,3325,53956,0,3,3,1
fist to point,13:10:38.804,29047,7127,2891,1243,984,1291,725,2034,1212,716,751,1885,3019,29025,28942,29091,29069,28946,1507,1256,3295,1155,3322,2737,1177,1076,1023,834,1300,2724,29078,29012,2147483647,64495,65378,45,1992,10930,3328,53964,0,3,3,1
fist to point,13:10:38.904,28986,7092,2869,1296,966,1234,764,1977,1256,738,755,1867,2992,29083,28937,28832,28937,28929,1502,1212,3287,1142,3392,2764,1151,1072,984,852,1296,2729,29012,28964,2147483647,64546,65404,28,1961,10944,3330,53972,0,3,3,1
fist to point,13:10:39.004,28964,7053,2917,1274,1001,1234,733,1977,1182,720,742,1872,3032,29118,28951,28959,28995,28946,1529,1208,3282,1125,3410,2711,1155,1037,1010,870,1305,2711,29201,29008,2147483647,64572,65439,50,1887,11054,3346,54069,0,3,3,1
fist to point,13:10:39.104,29017,7035,2882,1226,979,1243,742,2047,1199,738,742,1894,3023,29087,28946,28872,28885,28933,1480,1256,3295,1089,3370,2772,1146,1098,1015,830,1291,2715,29030,28880,2147483647,64544,65406,5,1845,11021,3349,54031,0,3,3,1
fist to point,13:10:39.204,29074,7000,2882,1261,975,1256,707,2017,1226,751,755,1902,3019,29122,28959,28964,28964,28920,1485,1265,3260,1129,3331,2781,1146,1054,1037,865,1270,2711,29047,29074,2147483647,64600,65387,27,1851,11029,3355,54042,0,3,3,1
fist to point,13:10:39.219,29008,6978,2847,1287,971,1270,725,2034,1177,729,773,1876,3005,29087,28854,28876,28858,28854,1480,1274,3313,1151,3370,2768,1129,1050,984,826,1313,2724,29113,28942,2147483647,64563,65407,18,1872,11005,3349,54021,0,3,3,1
fist to point,13:10:39.320,28990,7000,2909,1234,984,1261,720,2034,1248,742,738,1902,3010,29276,28907,28792,28902,28959,1507,1230,3300,1107,3383,2764,1173,1037,1023,834,1270,2733,29100,28981,2147483647,64532,65391,26,1879,11007,3347,54023,0,3,3,1
fist to point,13:10:39.419,29074,7053,2878,1252,953,1256,764,2017,1177,755,777,1889,3019,29135,28986,28894,28854,29017,1494,1204,3278,1094,3348,2764,1107,1085,979,843,1309,2707,29074,29012,2147483647,64572,65417,28,1905,10981,3354,54005,0,3,3,1
fist to point,13:10:39.520,29043,7044,2891,1261,979,1256,707,2034,1226,707,738,1863,3010,29166,29039,28863,28942,29008,1524,1190,3309,1129,3357,2759,1155,1063,1015,865,1313,2715,29017,29003,2147483647,64566,65403,4,1919,10980,3356,54006,0,3,3,1
fist to point,13:10:39.703,29069,7053,2878,1252,993,1261,729,2069,1230,773,777,1832,3032,29118,28902,28937,28898,28916,1485,1256,3317,1111,3366,2781,1120,1045,1001,848,1296,2724,29091,29052,2147483647,64580,65411,16,1919,10967,3345,53991,0,3,3,1
fist to point,13:10:39.803,29003,7066,2891,1270,958,1283,733,2056,1221,742,764,1907,3001,29197,28995,28924,28902,28995,1520,1252,3309,1155,3427,2772,1155,1085,1028,892,1305,2772,29052,28929,2147483647,64564,65415,11,1915,10970,3345,53992,0,3,3,1
fist to point,13:10:39.904,29030,7075,2913,1274,984,1256,733,2017,1230,733,738,1924,3019,29210,28973,28977,28990,28999,1511,1226,3291,1120,3405,2746,1120,1050,1023,865,1296,2724,29201,29100,2147483647,64577,65406,49,1924,10973,3355,54000,0,3,3,1
rest in point,13:10:39.919,28990,7004,2821,1274,988,1261,716,1981,1212,751,729,1880,3005,29118,28880,28902,28889,28907,1502,1261,3291,1199,3410,2755,1142,1111,984,883,1309,2729,29008,28973,2147483647,64574,65379,11,1914,10989,3335,54008,0,3,3,1
rest in point,13:10:40.020,29061,7048,2887,1287,958,1230,764,2025,1208,751,747,1880,3014,29271,29008,28942,28937,28946,1516,1256,3309,1151,3396,2768,1146,1103,1001,817,1296,2768,29140,29069,2147483647,64559,65387,49,1871,11002,3298,54003,0,3,3,1
rest in point,13:10:40.213,28916,7044,2882,1287,993,1261,773,2008,1239,733,777,1863,3032,29170,29197,29214,29197,29148,1494,1239,3331,1129,3401,2750,1120,1072,993,861,1278,2733,28858,28924,2147483647,64606,65399,0,1849,11002,3294,53998,0,3,3,1
rest in point,13:10:40.303,28999,7018,2816,1287,975,1217,685,2025,1226,760,747,1858,2997,29254,29201,29113,29109,29232,1542,1239,3295,1103,3374,2746,1138,1111,988,817,1291,2720,28841,28995,2147483647,64533,65434,15,1851,11024,3298,54021,0,3,3,1
rest in point,13:10:40.403,28973,7031,2891,1261,966,1226,733,1999,1234,733,733,1894,3023,29236,28902,28916,28902,28933,1498,1234,3309,1085,3383,2790,1138,1089,988,887,1291,2737,29052,28951,2147483647,64586,65408,28,1863,11014,3311,54017,0,3,3,1
rest in point,13:10:40.503,28995,7044,2869,1265,988,1226,742,2017,1182,751,729,1845,3001,29184,29043,28946,28999,29025,1502,1239,3344,1103,3388,2759,1111,1037,1010,848,1278,2715,29087,28990,2147483647,64523,65411,65534,1880,11022,3311,54027,0,3,3,1
rest in point,13:10:40.603,29061,7031,2869,1270,993,1230,747,2034,1230,729,773,1876,3027,29100,28902,28902,28898,28916,1498,1252,3282,1129,3339,2777,1155,1063,1019,878,1283,2764,28999,29065,2147483647,64577,65400,42,1876,11015,3326,54024,0,3,3,1
rest in point,13:10:40.704,29118,7022,2878,1278,1019,1230,707,2003,1177,707,733,1854,2983,29157,28942,28977,28955,29003,1476,1226,3326,1146,3353,2768,1120,1076,1010,834,1278,2729,28981,29030,2147483647,64516,65405,25,1874,11015,3323,54023,0,3,3,1
rest in point,13:10:40.803,29083,7048,2926,1305,958,1256,733,2003,1204,733,751,1920,2966,29140,29008,28876,28937,28968,1498,1195,3295,1133,3396,2742,1098,1081,1028,834,1305,2720,29100,29034,2147483647,64545,65420,54,1884,10980,3308,53987,0,3,3,1
rest in point,13:10:40.904,29034,7101,2913,1256,944,1221,733,1968,1221,725,764,1898,2957,29188,29017,28872,28872,29061,1516,1204,3273,1138,3366,2759,1151,1076,1023,865,1283,2737,28995,28977,2147483647,64612,65394,33,1875,11004,3358,54023,0,3,3,1
rest in point,13:10:41.004,29030,7075,2900,1243,949,1256,747,1959,1199,698,733,1867,2997,29140,29021,28959,28964,28999,1498,1186,3291,1085,3379,2733,1129,1045,1023,852,1278,2715,29179,28999,2147483647,64577,65399,0,1903,11021,3373,54049,0,3,3,1
rest in point,13:10:41.104,29122,7040,2931,1283,997,1221,676,1990,1274,720,738,1880,2983,29170,28902,28907,28880,28959,1529,1252,3291,1151,3331,2768,1089,1041,1010,896,1274,2720,29109,29179,2147483647,64586,65410,49,1918,11022,3371,54051,0,3,3,1
rest in point,13:10:41.203,29188,7035,2882,1274,975,1221,773,1999,1208,742,725,1880,3019,29228,29017,28986,28924,29104,1524,1239,3317,1120,3339,2764,1107,1076,1037,852,1291,2707,29021,29166,2147483647,64543,65410,11,1938,11029,3360,54058,0,3,3,1
rest in point,13:10:41.303,29012,7070,2891,1283,975,1256,703,1986,1195,711,733,1894,2997,29144,28898,28880,28916,28880,1463,1239,3326,1094,3357,2764,1129,1054,984,843,1274,2715,29052,28990,2147483647,64574,65409,21,1987,11004,3354,54041,0,3,3,1
rest in point,13:10:41.318,29162,7079,2891,1248,1001,1278,707,1990,1226,716,720,1880,3032,29214,29043,29012,28942,29069,1485,1248,3309,1151,3348,2790,1111,1054,979,878,1296,2755,29100,29166,2147483647,64573,65399,65517,2003,11005,3359,54043,0,3,3,1
rest in point,13:10:41.503,29087,7132,2865,1278,993,1195,707,1986,1212,698,733,1850,3005,29148,29052,28911,28951,28990,1489,1234,3322,1160,3357,2737,1155,1081,1001,856,1274,2737,29008,29061,2147483647,64611,65416,43,2047,10984,3372,54038,0,3,3,1
rest in point,13:10:41.613,29091,7092,2852,1261,966,1256,716,2065,1195,738,742,1933,3001,29228,29100,29012,28999,29096,1533,1234,3278,1111,3401,2759,1146,1072,1015,852,1274,2689,29148,29144,2147483647,64510,65420,24,2081,10985,3397,54056,0,3,3,1
rest in point,13:10:41.704,28964,7035,2869,1243,979,1212,733,1942,1248,711,725,1894,3010,29113,29135,29012,29047,29197,1520,1234,3313,1138,3361,2772,1125,1063,966,852,1300,2724,28819,28933,2147483647,64527,65409,11,2093,10988,3402,54058,0,3,3,1
rest in point,13:10:41.803,28959,7035,2856,1239,997,1252,742,1995,1177,733,711,1845,2966,29179,29109,28990,28933,29030,1485,1226,3291,1125,3405,2746,1125,1067,966,896,1283,2689,29087,28981,2147483647,64567,65436,33,2087,10991,3381,54054,0,3,3,1
rest in point,13:10:41.905,29131,7031,2856,1274,984,1208,747,1986,1199,711,733,1894,2992,29162,28995,28929,28907,29012,1498,1243,3265,1116,3304,2733,1138,1059,1019,852,1283,2707,29008,29104,2147483647,64583,65397,57,2077,11002,3347,54052,0,3,3,1
rest in point,13:10:42.004,29148,6987,2869,1243,979,1234,733,1999,1234,716,716,1850,2957,29228,28951,28951,28981,28964,1520,1221,3322,1155,3339,2755,1142,1072,1032,848,1309,2707,29135,29148,2147483647,64535,65397,29,2047,11044,3340,54085,0,3,3,1
rest in point,13:10:42.103,29003,7062,2874,1261,975,1243,707,1959,1243,698,751,1907,2992,29179,28995,28929,28911,28990,1524,1248,3304,1116,3383,2750,1133,1045,1006,896,1287,2702,29166,29061,2147483647,64540,65412,40,2031,11048,3322,54081,0,3,3,1
rest in point,13:10:42.204,29034,7018,2852,1278,971,1234,764,1973,1226,698,694,1876,2961,29228,29008,28880,28937,29065,1538,1248,3278,1129,3370,2742,1133,1045,984,856,1256,2680,29030,28999,2147483647,64545,65383,13,1999,11050,3312,54075,0,3,3,1
rest in point,13:10:42.304,29148,7022,2860,1291,975,1265,733,2030,1217,742,755,1863,2966,29232,29056,28942,28933,29021,1502,1243,3335,1151,3353,2746,1107,1072,997,896,1318,2733,29126,29069,2147483647,64575,65431,9,2022,11041,3323,54073,0,3,3,1
rest in point,13:10:42.403,28977,7013,2821,1274,966,1265,751,1990,1230,742,751,1872,2970,29166,29087,28850,28916,29091,1551,1221,3282,1182,3339,2808,1151,1032,1023,861,1283,2698,29096,29021,2147483647,64535,65414,4,2045,11038,3324,54074,0,3,3,1
rest in point,13:10:42.503,29140,6996,2843,1278,988,1234,707,2025,1199,742,733,1867,2983,29210,29052,28973,29012,29008,1498,1204,3287,1129,3353,2772,1146,1076,988,874,1261,2698,29113,29126,2147483647,64560,65435,19,2041,11025,3309,54057,0,3,3,1
rest in point,13:10:42.518,29078,7031,2838,1239,997,1226,720,1995,1168,755,716,1858,2988,29153,29034,28898,28889,29030,1485,1278,3269,1133,3357,2768,1125,1063,975,883,1305,2671,29087,29083,2147483647,64570,65392,15,2020,11034,3309,54061,0,3,3,1
rest in point,13:10:42.618,29166,6969,2816,1274,993,1239,751,1995,1182,747,733,1867,2953,29206,29083,28986,29043,29087,1507,1230,3291,1107,3348,2742,1151,1037,1045,852,1265,2685,29069,29131,2147483647,64563,65430,25,2010,11024,3304,54049,0,3,3,1
rest in point,13:10:42.803,29122,6982,2865,1283,940,1270,720,1951,1212,747,698,1876,2957,29126,28981,28885,28898,29008,1520,1226,3273,1098,3348,2733,1133,1050,1023,826,1300,2711,29043,29074,2147483647,64552,65439,35,2021,11026,3290,54048,0,3,3,1
rest in point,13:10:42.818,29126,6996,2816,1270,966,1265,703,1995,1168,738,711,1885,2979,29232,29043,28929,28937,29096,1520,1239,3291,1125,3295,2768,1129,1041,979,852,1287,2707,29069,29113,2147483647,64576,65399,48,1999,11033,3298,54054,0,3,3,1
rest in point,13:10:43.004,29144,6996,2856,1261,979,1248,716,2043,1195,733,751,1858,2961,29179,28986,28924,28937,28959,1507,1230,3265,1125,3388,2733,1138,1054,997,852,1322,2724,29091,29096,2147483647,64583,65406,26,1974,11049,3306,54068,0,3,3,1
rest in point,13:10:43.018,29096,6965,2825,1252,971,1248,694,1959,1208,733,742,1885,2939,29245,29065,28964,28937,29017,1546,1212,3287,1125,3322,2729,1142,1089,997,852,1274,2702,29052,29113,2147483647,64572,65384,56,1978,11032,3307,54052,0,3,3,1
rest in point,13:10:43.204,29148,6974,2847,1256,984,1265,703,1999,1239,703,703,1850,2979,29113,29030,28898,28920,29056,1498,1230,3278,1111,3322,2759,1133,1072,975,861,1309,2711,29052,29126,2147483647,64552,65431,18,2003,11024,3326,54054,0,3,3,1
rest in point,13:10:43.304,29113,6982,2808,1252,984,1248,707,1981,1186,681,733,1858,2939,29197,29025,28907,28911,29047,1467,1252,3260,1111,3309,2729,1138,1037,1006,878,1291,2698,28999,29083,2147483647,64515,65440,0,2015,11024,3349,54063,0,3,3,1
rest in point,13:10:43.404,29162,6956,2825,1265,979,1208,733,1981,1226,729,729,1876,2961,29166,29047,28894,28867,29017,1524,1234,3309,1125,3353,2772,1151,1072,975,896,1309,2715,29104,29118,2147483647,64540,65405,71,2001,11022,3336,54055,0,3,3,1
rest in point,13:10:43.504,29126,6982,2803,1256,966,1248,733,1951,1217,764,725,1867,2961,29219,29078,28894,28968,29122,1494,1217,3282,1133,3348,2729,1107,1076,962,892,1296,2729,29118,29039,2147483647,64531,65413,21,1976,11034,3318,54056,0,3,3,1
rest in point,13:10:43.519,29184,6969,2812,1248,922,1248,738,2017,1182,711,764,1850,2953,29135,29017,28946,28924,29074,1516,1221,3278,1120,3375,2742,1129,1019,997,852,1274,2693,29153,29104,2147483647,64532,65416,0,1962,11031,3297,54045,0,3,3,1
rest in point,13:10:43.704,29144,6987,2808,1230,962,1252,707,1999,1182,733,729,1801,2966,29210,29017,28911,28951,29052,1498,1217,3278,1125,3370,2755,1094,1059,1010,861,1270,2676,29179,29135,2147483647,64551,65425,16,1950,10995,3297,54009,0,3,3,1
rest in point,13:10:43.719,29153,7004,2874,1265,962,1270,716,2003,1190,729,755,1894,2970,29148,29135,28920,28946,29122,1507,1230,3234,1116,3357,2742,1107,1041,984,900,1256,2680,29241,29175,2147483647,64567,65402,18,1936,11012,3319,54029,0,3,3,1
rest in point,13:10:43.904,29113,6969,2878,1256,1006,1252,711,1959,1204,716,729,1876,2975,29157,29157,28911,28898,29131,1520,1230,3282,1120,3357,2737,1107,1072,1006,852,1274,2649,29228,29087,2147483647,64604,65415,24,1942,11032,3331,54053,0,3,3,1
rest in point,13:10:44.003,29140,7070,2874,1252,984,1283,738,1999,1248,755,703,1850,2935,29241,29197,28955,28951,29228,1524,1204,3269,1098,3353,2746,1142,1041,1010,848,1291,2671,29311,29157,2147483647,64524,65417,28,1948,11018,3310,54035,0,3,3,1
rest in point,13:10:44.104,29012,7079,2838,1252,997,1217,733,2008,1190,729,738,1841,2979,29184,29144,28959,28929,29192,1533,1230,3295,1133,3322,2733,1129,1045,1015,848,1291,2711,29210,29126,2147483647,64520,65388,56,1925,11036,3321,54051,0,3,3,1
rest in point,13:10:44.120,29153,7053,2895,1309,966,1239,755,1999,1239,738,716,1841,2953,29258,29201,28955,28933,29206,1463,1199,3304,1173,3331,2764,1133,1041,1015,826,1287,2693,29197,29148,2147483647,64541,65383,23,1894,11027,3323,54038,0,3,3,1
rest in point,13:10:44.304,29122,7048,2891,1252,966,1239,707,2012,1208,764,738,1863,2966,29148,29223,28916,28946,29201,1520,1226,3278,1138,3344,2724,1142,1050,993,848,1291,2720,29170,29104,2147483647,64543,65373,71,1888,11024,3323,54034,0,3,3,1
rest in point,13:10:44.319,29148,7044,2900,1265,1010,1243,698,2017,1186,720,742,1876,2944,29241,29184,28959,28973,29192,1511,1212,3282,1107,3361,2698,1116,1116,1001,856,1300,2720,29157,29148,2147483647,64547,65379,44,1872,11031,3319,54036,0,3,3,1
rest in point,13:10:44.504,28806,7031,2900,1283,979,1221,733,1981,1217,707,755,1858,2944,29175,29201,29021,29065,29170,1498,1212,3251,1129,3335,2742,1151,1081,1041,883,1300,2685,28880,28766,2147483647,64569,65417,65524,1879,11035,3323,54043,0,3,3,1
rest in point,13:10:44.604,29065,7062,2917,1234,914,1243,716,1968,1252,716,729,1836,2975,29201,29192,28959,28964,29197,1489,1204,3287,1129,3335,2755,1120,1050,1045,874,1318,2693,29245,29100,2147483647,64575,65378,65533,1884,11019,3344,54035,0,3,3,1
rest in point,13:10:44.618,29118,7048,2909,1230,984,1252,707,2012,1186,707,738,1863,2953,29201,29122,29003,28990,29096,1498,1204,3273,1103,3331,2737,1120,1037,1010,852,1274,2676,29170,29052,2147483647,64575,65404,24,1875,11032,3348,54046,0,3,3,1
rest in point,13:10:44.804,29091,7088,2931,1252,979,1252,707,2003,1186,751,773,1911,2931,29153,29175,28885,28942,29206,1489,1204,3260,1120,3375,2755,1129,1076,997,839,1265,2702,29078,29113,2147483647,64530,65410,31,1873,11026,3348,54041,0,3,3,1
rest in point,13:10:44.904,29140,7062,2904,1274,975,1243,755,2003,1199,769,751,1880,2948,29140,29131,29162,29118,29140,1489,1212,3287,1138,3361,2729,1160,1037,984,874,1305,2693,29170,29153,2147483647,64546,65419,29,1884,11011,3336,54025,0,3,3,1
rest in point,13:10:45.004,29135,7040,2887,1239,997,1265,720,2025,1195,742,751,1876,2944,29074,29096,29078,29096,29056,1502,1177,3295,1142,3353,2759,1146,1063,1032,870,1265,2729,29162,29113,2147483647,64522,65413,1,1881,11036,3334,54048,0,3,3,1
point to fist,13:10:45.104,29162,7040,2895,1256,997,1252,716,2043,1204,707,689,1854,2975,29126,29210,29074,29069,29188,1498,1221,3304,1129,3326,2737,1107,1067,1015,861,1283,2724,29197,29197,2147483647,64609,65394,65530,1886,11027,3331,54039,0,3,3,1
point to fist,13:10:45.121,29034,7035,2917,1291,988,1212,716,2008,1190,720,707,1858,2966,29083,29162,29039,29065,29192,1498,1256,3287,1146,3309,2772,1155,1063,1028,883,1283,2755,29267,29069,2147483647,64576,65423,65527,1890,11036,3318,54044,0,3,3,1
point to fist,13:10:45.304,29153,7013,2874,1270,975,1226,694,2008,1190,729,755,1867,2931,29109,29175,29069,29030,29232,1485,1234,3251,1129,3313,2729,1138,1032,993,852,1252,2711,29214,29214,2147483647,64567,65386,19,1895,11024,3334,54038,0,3,3,1
point to fist,13:10:45.404,29039,7031,2904,1248,997,1212,738,2021,1221,711,725,1858,2957,29030,29197,29043,28995,29258,1524,1239,3273,1120,3348,2715,1133,1067,1023,861,1305,2702,29219,29109,2147483647,64616,65418,14,1887,11025,3363,54046,0,3,3,1
point to fist,13:10:45.504,29157,7031,2847,1287,979,1234,733,2008,1230,716,742,1841,2939,29113,29228,28999,28977,29206,1511,1248,3278,1164,3313,2737,1164,1098,979,861,1283,2711,29091,29126,2147483647,64549,65395,38,1883,11045,3363,54065,0,3,3,1
point to fist,13:10:45.604,29078,7035,2917,1261,979,1234,738,2021,1212,733,747,1810,2970,28968,29192,29030,29030,29144,1472,1230,3273,1116,3361,2737,1129,1032,975,826,1278,2711,29206,29100,2147483647,64544,65397,59,1887,11015,3347,54033,0,3,3,1
point to fist,13:10:45.704,29122,7048,2865,1226,979,1217,733,1995,1204,711,707,1863,2966,29126,29250,29065,29118,29188,1480,1230,3260,1142,3410,2759,1116,1054,1023,843,1261,2724,29228,29153,2147483647,64528,65392,18,1898,11011,3356,54033,0,3,3,1
point to fist,13:10:45.804,29078,7079,2953,1265,1006,1226,760,2039,1239,720,725,1841,2966,29113,29166,29008,29043,29179,1511,1204,3300,1107,3370,2729,1129,1050,1032,896,1265,2698,29153,29047,2147483647,64610,65383,5,1903,11014,3375,54042,0,3,3,1
point to fist,13:10:45.819,29104,7057,2926,1243,1001,1239,738,2056,1190,720,716,1845,2948,29126,29175,28968,28968,29188,1502,1208,3229,1155,3357,2742,1116,1032,1023,883,1261,2667,29201,29126,2147483647,64547,65399,11,1906,11024,3373,54051,0,3,3,1
point to fist,13:10:45.921,29184,7101,2909,1278,979,1195,716,1995,1186,711,764,1863,2917,29043,29118,28981,29025,29157,1511,1226,3361,1111,3401,2786,1116,1063,993,843,1265,2667,29197,29157,2147483647,64547,65390,65528,1928,10999,3383,54034,0,3,3,1
point to fist,13:10:46.104,29039,7088,2909,1256,949,1252,716,2021,1173,733,716,1867,2948,29166,29192,28933,28964,29263,1489,1261,3309,1120,3414,2794,1111,1059,1010,896,1265,2680,29210,29135,2147483647,64558,65411,10,1922,11009,3377,54041,0,3,3,1
point to fist,13:10:46.119,29131,7022,2895,1287,993,1204,747,2008,1226,711,720,1876,2953,29061,29144,29017,28986,29170,1507,1248,3339,1111,3361,2794,1125,1076,1010,848,1261,2693,29214,29162,2147483647,64587,65401,57,1937,10999,3376,54034,0,3,3,1
point to fist,13:10:46.304,29100,7022,2900,1270,975,1252,733,2030,1168,733,720,1823,2944,29157,29131,29061,29069,29087,1489,1252,3317,1138,3383,2764,1129,1023,997,830,1261,2715,29034,29113,2147483647,64528,65386,38,1935,11007,3368,54039,0,3,3,1
point to fist,13:10:46.404,29162,7053,2874,1261,993,1221,733,2025,1199,707,703,1885,2961,29021,29162,29039,29061,29135,1502,1199,3313,1129,3366,2803,1129,1023,988,861,1291,2676,29039,29109,2147483647,64555,65406,38,1919,10990,3357,54016,0,3,3,1
point to fist,13:10:46.504,29153,7070,2935,1291,1001,1274,729,1990,1186,733,685,1902,2922,29008,29148,28981,29012,29197,1502,1226,3300,1111,3379,2790,1125,1094,1037,887,1287,2707,29025,29109,2147483647,64567,65402,69,1910,10966,3355,53991,0,3,3,1
point to fist,13:10:46.604,29175,7083,2944,1300,1015,1243,747,2039,1208,729,747,1885,2979,29232,29188,29170,29184,29157,1494,1195,3357,1125,3317,2786,1103,1081,1006,852,1278,2724,29091,29157,2147483647,64525,65389,65517,1904,10968,3367,53996,0,3,3,1
point to fist,13:10:46.704,29087,7048,2935,1252,922,1252,716,2008,1195,698,738,1850,2926,29047,29100,29021,28977,29083,1533,1186,3295,1142,3335,2759,1138,1076,1015,878,1291,2693,29052,29061,2147483647,64633,65395,25,1936,10906,3348,53937,0,3,3,1
point to fist,13:10:46.803,29175,7105,2874,1243,979,1234,703,2043,1168,676,733,1845,2948,29069,29223,29047,29074,29206,1511,1230,3282,1138,3335,2759,1138,1037,1028,865,1274,2671,29126,29131,2147483647,64587,65417,65535,1933,10914,3339,53942,0,3,3,1
point to fist,13:10:46.904,29109,7057,2909,1270,993,1248,733,2039,1199,703,733,1894,2926,29017,29206,29025,29074,29153,1524,1226,3278,1120,3326,2777,1146,1059,1037,843,1300,2645,29021,29083,2147483647,64647,65405,9,1907,10921,3366,53951,0,3,3,1
point to fist,13:10:47.004,29140,7066,2909,1274,966,1243,720,1995,1208,738,716,1907,2917,29096,29188,29091,29061,29184,1480,1230,3269,1125,3348,2799,1146,1045,984,856,1309,2680,28946,29144,2147483647,64600,65431,28,1939,10882,3359,53918,0,3,3,1
point to fist,13:10:47.104,29135,7101,2895,1221,962,1274,738,1999,1204,720,729,1889,2922,29069,29206,29021,28946,29166,1498,1226,3269,1116,3317,2777,1160,1045,997,852,1287,2724,28608,29065,2147483647,64538,65403,25,1969,10913,3330,53944,0,3,3,1
point to fist,13:10:47.118,29113,7092,2900,1265,1006,1265,791,2056,1204,747,742,1894,2895,29087,29170,29074,29113,29188,1520,1217,3326,1182,3317,2755,1116,1081,1001,830,1300,2720,28924,29148,2147483647,64620,65427,23,1971,10904,3317,53932,0,3,3,1
point to fist,13:10:47.304,29148,7053,2865,1230,988,1261,720,2047,1217,676,694,1876,2917,29034,29135,29061,29091,29140,1489,1221,3335,1146,3309,2781,1142,1067,1015,878,1291,2737,28630,29109,2147483647,64553,65404,32,1960,10932,3347,53965,0,3,3,1
point to fist,13:10:47.404,29087,7048,2878,1274,944,1226,707,2047,1186,711,738,1858,2913,29104,29201,29140,29096,29219,1472,1226,3291,1103,3317,2768,1155,1067,1023,861,1309,2707,28845,29061,2147483647,64556,65373,89,1969,10926,3338,53959,0,3,3,1
point to fist,13:10:47.504,29250,7097,2856,1309,984,1234,711,2017,1204,764,720,1858,2913,29074,29166,29056,29069,29175,1529,1256,3304,1138,3256,2790,1168,1098,993,852,1300,2693,28652,29214,2147483647,64545,65399,72,1963,10934,3341,53966,0,3,3,1
point to fist,13:10:47.605,29223,7070,2913,1283,971,1212,711,2039,1168,782,716,1880,2935,29166,29197,29083,29113,29184,1480,1199,3278,1142,3243,2772,1151,1072,1045,861,1274,2685,28617,29210,2147483647,64537,65404,0,1963,10939,3326,53966,0,3,3,1
point to fist,13:10:47.619,29214,7040,2904,1287,979,1274,733,2052,1252,720,725,1880,2939,29113,29017,29170,29219,29091,1498,1226,3287,1129,3269,2786,1111,1063,1028,874,1287,2680,28533,29223,2147483647,64570,65412,11,1981,10922,3300,53946,0,3,3,1
point to fist,13:10:47.804,29223,7114,2900,1278,1015,1239,725,2034,1248,742,729,1911,2917,29083,29179,29166,29179,29140,1507,1234,3251,1116,3273,2755,1133,1076,1010,874,1296,2702,28639,29245,2147483647,64579,65430,65534,1990,10935,3267,53951,0,3,3,1
point to fist,13:10:47.904,29298,7018,2847,1261,958,1265,707,2030,1195,729,738,1880,2944,29087,29126,29285,29254,29122,1516,1243,3300,1120,3256,2750,1125,1006,993,843,1309,2693,28727,29267,2147483647,64542,65418,19,2005,10950,3275,53970,0,3,3,1
point to fist,13:10:48.004,29223,7013,2957,1274,975,1212,742,2043,1173,716,760,1858,2913,29065,29113,29162,29184,29175,1485,1182,3247,1173,3243,2724,1160,1076,997,856,1300,2746,28674,29254,2147483647,64607,65415,69,2028,10921,3274,53945,0,3,3,1
point to fist,13:10:48.104,29285,7062,2926,1287,997,1230,720,2039,1186,703,738,1863,2931,29021,29201,29197,29214,29228,1494,1230,3273,1125,3273,2750,1138,1081,988,826,1318,2698,28841,29228,2147483647,64547,65428,29,2050,10925,3247,53945,0,3,3,1
point to fist,13:10:48.204,28981,7040,2913,1226,966,1234,716,1990,1230,716,773,1894,2931,28784,29140,29250,29271,29157,1458,1234,3309,1125,3256,2742,1186,1050,1019,905,1278,2715,28740,28937,2147483647,64578,65428,60,2061,10905,3242,53928,0,3,3,1
point to fist,13:10:48.220,29271,7066,2865,1274,984,1270,703,2074,1160,703,725,1872,2874,29135,29280,29201,29263,29241,1529,1226,3278,1120,3256,2786,1138,1045,1015,865,1274,2724,28841,29289,2147483647,64596,65432,46,2061,10901,3259,53928,0,3,3,1
point to fist,13:10:48.320,29228,7057,2830,1226,953,1243,694,2025,1256,742,720,1872,2966,29258,29166,29162,29179,29175,1542,1208,3287,1125,3278,2737,1164,1037,1001,856,1327,2693,28902,29223,2147483647,64582,65428,43,2060,10912,3267,53941,0,3,3,1
point to fist,13:10:48.504,29232,7013,2917,1278,979,1283,725,2017,1204,711,711,1867,2904,29083,29201,29153,29188,29184,1502,1256,3309,1107,3273,2742,1111,1072,997,834,1283,2724,28687,29232,2147483647,64578,65418,40,2068,10901,3269,53933,0,3,3,1
point to fist,13:10:48.604,29232,7022,2887,1243,971,1243,747,2091,1204,720,707,1854,2922,29047,29157,29170,29188,29131,1472,1221,3282,1103,3265,2750,1155,1063,997,834,1270,2676,28792,29214,2147483647,64543,65395,27,2064,10897,3273,53929,0,3,3,1
point to fist,13:10:48.714,29201,7044,2900,1261,949,1248,716,1999,1199,729,711,1894,2882,29104,29228,29206,29206,29179,1516,1234,3256,1155,3243,2808,1107,1094,1019,865,1291,2698,28674,29197,2147483647,64586,65429,36,2061,10901,3269,53931,0,3,3,1
point to fist,13:10:48.804,28990,7066,2904,1261,984,1248,667,2003,1217,720,720,1841,2922,28977,29043,29166,29192,29083,1502,1230,3256,1120,3238,2750,1116,1098,1010,865,1278,2755,29131,28973,2147483647,64566,65405,54,2059,10892,3283,53927,0,3,3,1
point to fist,13:10:48.904,29030,7070,2900,1300,971,1243,729,2017,1226,725,764,1863,2944,28757,29210,28937,29157,29179,1524,1283,3287,1129,3282,2746,1103,1085,984,843,1309,2715,29135,29043,2147483647,64601,65409,59,2048,10891,3306,53930,0,3,3,1
point to fist,13:10:48.919,29280,7013,2887,1287,1001,1256,760,2008,1208,689,760,1845,2891,28986,29109,29148,29144,29078,1520,1212,3304,1129,3247,2711,1168,1054,1019,848,1305,2707,28700,29236,2147483647,64537,65403,14,2038,10895,3313,53934,0,3,3,1
point to fist,13:10:49.104,29236,7000,2931,1261,988,1248,720,2030,1199,716,711,1894,2939,29096,29078,29140,29170,29118,1520,1256,3339,1138,3260,2755,1164,1037,1006,870,1274,2707,28788,29144,2147483647,64545,65398,38,2038,10887,3323,53929,0,3,3,1
point to fist,13:10:49.204,29135,7035,2922,1248,993,1212,751,1964,1230,703,720,1863,2926,29043,29025,29184,29201,28999,1498,1239,3331,1173,3282,2764,1146,1089,1023,865,1327,2711,28700,29135,2147483647,64591,65418,18,2036,10885,3337,53931,0,3,3,1
point to fist,13:10:49.304,29254,7079,2825,1248,975,1221,733,2030,1230,707,742,1885,2913,29052,29039,29109,29140,28981,1502,1278,3309,1155,3256,2759,1138,1072,1050,852,1291,2715,28749,29219,2147483647,64536,65418,38,2034,10893,3344,53940,0,3,3,1
point to fist,13:10:49.319,29258,7044,2913,1274,958,1270,707,2003,1212,742,755,1814,2957,29135,29109,29197,29223,29104,1494,1186,3322,1146,3269,2733,1160,1023,1045,848,1278,2711,28700,29192,2147483647,64567,65400,62,2026,10899,3344,53945,0,3,3,1
point to fist,13:10:49.504,29192,7026,2878,1278,1032,1226,725,2021,1177,676,711,1832,2909,29034,29065,29144,29118,29052,1524,1243,3322,1155,3247,2777,1125,1076,1028,852,1300,2737,28617,29162,2147483647,64573,65402,80,2024,10884,3347,53931,0,3,3,1
point to fist,13:10:49.604,29276,7044,2865,1300,988,1221,711,2065,1173,773,733,1872,2913,29144,29109,29241,29223,29140,1498,1195,3273,1116,3300,2790,1111,1076,1015,878,1270,2737,28889,29258,2147483647,64552,65383,48,2018,10890,3343,53935,0,3,3,1
point to fist,13:10:49.704,29179,7031,2847,1296,988,1248,707,2039,1208,703,725,1850,2970,29025,29100,29179,29197,29065,1489,1204,3256,1160,3273,2759,1182,1006,1015,870,1270,2680,28687,29179,2147483647,64558,65385,48,2023,10883,3341,53928,0,3,3,1
point to fist,13:10:49.804,29201,7009,2917,1256,1006,1208,742,2047,1199,729,738,1850,2939,29157,29232,29197,29197,29219,1516,1226,3291,1146,3278,2742,1155,1072,1015,870,1261,2715,28920,29250,2147483647,64541,65407,33,2028,10886,3328,53928,0,3,3,1
point to fist,13:10:49.904,29223,7057,2860,1248,962,1230,716,2074,1195,707,738,1863,2957,29056,29074,29135,29184,29008,1529,1248,3300,1133,3260,2764,1151,1054,1063,839,1274,2671,28872,29170,2147483647,64536,65405,34,2031,10885,3316,53925,0,3,3,1
point to fist,13:10:49.920,29118,7044,2869,1265,1010,1195,742,2043,1195,707,729,1832,2935,29144,29087,29184,29228,29091,1476,1217,3282,1146,3260,2755,1146,1045,966,843,1265,2720,28916,29175,2147483647,64572,65397,82,2033,10888,3322,53929,0,3,3,1
rest in fist,13:10:50.104,29008,7004,2913,1296,971,1256,733,2061,1226,707,733,1867,2922,29144,28872,29153,29175,28902,1494,1234,3326,1120,3225,2812,1142,1067,1023,874,1291,2663,28920,29025,2147483647,64495,65412,59,2028,10871,3331,53915,0,3,3,1
rest in fist,13:10:50.204,29100,7022,2865,1283,1001,1217,729,2039,1212,733,738,1885,2948,29083,29074,29157,29201,29100,1507,1252,3265,1103,3317,2737,1098,1032,1015,839,1274,2729,28854,29074,2147483647,64543,65383,72,2013,10863,3334,53906,0,3,3,1
rest in fist,13:10:50.304,29153,7048,2882,1291,958,1248,703,2052,1221,747,773,1797,2913,29162,29012,29131,29135,28986,1498,1234,3322,1107,3300,2755,1160,1067,979,878,1313,2671,28894,29148,2147483647,64560,65427,55,1999,10855,3326,53894,0,3,3,1
rest in fist,13:10:50.404,29122,7040,2887,1252,1001,1252,733,1995,1208,733,742,1889,2895,29047,29039,29109,29148,29069,1485,1221,3190,1120,3291,2790,1173,1037,997,874,1265,2685,28929,29083,2147483647,64571,65397,7,2006,10849,3352,53897,0,3,3,1
rest in fist,13:10:50.505,28867,7026,2821,1265,1001,1252,698,2034,1190,703,707,1845,2953,29254,29100,29126,29122,28990,1467,1252,3295,1129,3265,2786,1116,1067,997,874,1287,2680,28929,28731,2147483647,64582,65414,32,2016,10838,3357,53890,0,3,3,1
rest in fist,13:10:50.604,28999,7048,2834,1274,1023,1278,703,2056,1182,694,747,1880,2931,29179,28867,29175,29131,28876,1529,1204,3282,1111,3287,2777,1151,1072,1010,874,1274,2715,28700,28876,2147483647,64607,65432,11,2021,10848,3350,53898,0,3,3,1
rest in fist,13:10:50.704,29166,7048,2856,1261,1015,1217,725,2017,1177,725,725,1876,2957,29219,29104,29210,29192,29140,1511,1226,3313,1151,3335,2733,1160,1067,993,848,1274,2733,28968,29148,2147483647,64592,65395,61,2033,10848,3337,53896,0,3,3,1
rest in fist,13:10:50.720,29052,7035,2887,1291,1006,1217,707,2039,1190,707,755,1858,2904,29122,29030,29126,29118,29047,1524,1212,3322,1155,3295,2759,1120,1041,979,839,1322,2733,28872,29074,2147483647,64561,65428,51,2067,10822,3344,53880,0,3,3,1
rest in fist,13:10:50.904,29025,6991,2882,1322,979,1256,711,2065,1186,729,764,1850,2904,29236,29096,29245,29228,29074,1458,1204,3339,1133,3322,2790,1098,1054,1001,887,1230,2693,28977,29113,2147483647,64559,65415,46,2061,10831,3362,53892,0,3,3,1
rest in fist,13:10:51.005,28937,7013,2847,1270,1010,1265,720,2030,1208,689,751,1876,2909,29140,28990,29144,29131,29021,1511,1226,3322,1129,3295,2799,1155,1037,979,883,1287,2676,28836,28955,2147483647,64520,65397,57,2075,10806,3361,53872,0,3,3,1
rest in fist,13:10:51.104,28617,7013,2838,1261,984,1221,733,2083,1177,716,729,1872,2909,29201,29087,29188,29192,29078,1511,1190,3282,1160,3300,2799,1160,1041,1010,905,1287,2645,28977,28749,2147483647,64598,65405,33,2049,10797,3375,53863,0,3,3,1
rest in fist,13:10:51.204,28691,6978,2847,1256,979,1230,725,2052,1217,738,760,1819,2931,29148,29047,29091,29131,29047,1507,1243,3326,1120,3291,2750,1155,1085,1010,878,1322,2680,28916,28757,2147483647,64614,65389,27,2042,10793,3374,53858,0,3,3,1
rest in fist,13:10:51.304,28625,7004,2843,1234,988,1252,720,2069,1212,755,769,1889,2878,29324,29184,29192,29162,29179,1511,1221,3287,1111,3295,2790,1155,1054,993,848,1291,2698,28951,28652,2147483647,64575,65401,55,2035,10811,3363,53869,0,3,3,1
rest in fist,13:10:51.404,28674,6978,2799,1265,1001,1217,689,2034,1190,716,755,1872,2922,29104,29003,29144,29100,28986,1502,1239,3317,1107,3251,2755,1116,1067,966,848,1305,2663,28779,28687,2147483647,64568,65404,35,2028,10832,3377,53892,0,3,3,1
rest in fist,13:10:51.505,28898,6947,2786,1287,988,1234,720,2021,1195,725,694,1836,2944,29192,29039,29157,29241,29056,1494,1230,3300,1155,3287,2759,1138,1059,979,839,1296,2693,28727,28784,2147483647,64562,65402,42,2029,10824,3399,53891,0,3,3,1
rest in fist,13:10:51.604,28832,6974,2794,1300,988,1234,707,2056,1208,738,694,1819,2931,29311,28880,29206,29258,28968,1494,1234,3317,1142,3291,2772,1142,1059,1010,834,1305,2715,28753,28735,2147483647,64578,65396,84,2025,10821,3401,53894,0,3,3,1
rest in fist,13:10:51.704,28841,7004,2834,1270,979,1234,720,2021,1204,747,725,1814,2865,29254,29074,29131,29184,29061,1480,1208,3291,1116,3269,2764,1138,1063,984,812,1283,2676,28718,28586,2147483647,64509,65377,83,2039,10821,3402,53891,0,3,3,1
rest in fist,13:10:51.804,28766,6974,2843,1256,966,1252,729,2017,1182,703,703,1872,2913,29126,29074,29179,29140,29021,1494,1208,3265,1125,3247,2777,1120,1067,975,821,1252,2663,28814,28762,2147483647,64543,65401,62,2047,10804,3419,53887,0,3,3,1
rest in fist,13:10:51.904,28691,6969,2821,1261,953,1252,711,2017,1164,755,725,1841,2953,29245,29131,29188,29126,29153,1489,1221,3269,1129,3251,2777,1133,1063,1023,878,1331,2698,28735,28639,2147483647,64599,65390,32,2038,10827,3431,53903,0,3,3,1
rest in fist,13:10:52.004,28608,6974,2777,1261,979,1226,689,2056,1226,707,689,1850,2931,29289,28907,29061,29087,28911,1538,1243,3304,1133,3269,2759,1146,1050,1006,856,1261,2702,28709,28669,2147483647,64579,65422,48,2060,10830,3437,53910,0,3,3,1
rest in fist,13:10:52.019,28828,6965,2830,1278,962,1234,729,2021,1208,733,777,1894,2948,29192,29047,29091,29122,29034,1480,1221,3326,1120,3269,2790,1120,1103,1001,865,1265,2645,28766,28841,2147483647,64577,65415,25,2077,10812,3425,53898,0,3,3,1
rest in fist,13:10:52.204,28775,6982,2733,1287,940,1230,689,2052,1164,747,747,1850,2970,29267,29052,29184,29206,28999,1511,1234,3291,1146,3247,2759,1129,1045,975,830,1287,2685,28814,28753,2147483647,64592,65401,46,2077,10828,3448,53922,0,3,3,1
rest in fist,13:10:52.304,28744,6960,2794,1261,1001,1243,694,2021,1190,676,764,1880,2953,29206,29034,29179,29109,29003,1516,1230,3273,1120,3256,2772,1125,1054,1001,883,1243,2698,28806,28845,2147483647,64577,65421,44,2080,10834,3455,53928,0,3,3,1
rest in fist,13:10:52.404,28942,6969,2781,1261,1001,1230,729,2021,1173,720,738,1885,2922,29307,29052,29170,29201,29087,1516,1230,3287,1133,3247,2746,1173,1059,966,826,1300,2680,28762,28788,2147483647,64579,65418,40,2083,10823,3451,53915,0,3,3,1
rest in fist,13:10:52.504,28766,6956,2772,1252,949,1230,742,2039,1204,716,716,1854,2931,29263,29078,29113,29104,29017,1489,1186,3269,1133,3234,2772,1155,1050,1006,865,1291,2707,28775,28731,2147483647,64553,65383,28,2069,10850,3450,53938,0,3,3,1
rest in fist,13:10:52.520,28819,6938,2759,1287,1001,1256,729,2039,1173,689,729,1845,2939,29315,29135,29192,29197,29091,1494,1195,3287,1125,3238,2768,1138,1076,988,834,1261,2707,28867,28661,2147483647,64590,65393,61,2052,10840,3465,53930,0,3,3,1
rest in fist,13:10:52.621,28722,6952,2794,1256,971,1221,711,2056,1199,725,733,1845,2922,29254,29047,29126,29135,28973,1472,1230,3295,1125,3247,2803,1151,1063,997,839,1296,2658,28841,28727,2147483647,64547,65378,70,2069,10833,3463,53927,0,3,3,1
rest in fist,13:10:52.804,28854,6943,2794,1274,936,1283,725,2003,1195,698,720,1867,2891,29311,29078,29104,29188,29069,1502,1204,3291,1085,3238,2742,1155,1050,997,834,1322,2685,28841,28731,2147483647,64587,65377,59,2084,10824,3444,53910,0,3,3,1
rest in fist,13:10:52.820,28740,6938,2746,1270,988,1243,738,1999,1204,742,720,1880,2935,29228,28981,29021,29043,28990,1511,1186,3300,1129,3251,2777,1138,1059,997,852,1283,2671,28832,28709,2147483647,64561,65398,34,2095,10822,3434,53913,0,3,3,1
rest in fist,13:10:52.930,29078,6938,2777,1270,944,1243,716,2030,1186,707,725,1854,2909,28951,29039,29065,29034,29056,1480,1204,3278,1160,3265,2777,1107,1059,971,834,1296,2693,28999,29069,2147483647,64580,65424,64,2082,10825,3434,53912,0,3,3,1
rest in fist,13:10:53.027,29144,6943,2764,1261,988,1243,725,2025,1234,738,716,1867,2904,28964,28735,28990,29140,28797,1538,1190,3278,1107,3234,2768,1129,1072,975,865,1309,2680,28937,29170,2147483647,64574,65409,60,2075,10833,3428,53910,0,3,3,1
rest in fist,13:10:53.204,28902,6908,2733,1261,971,1256,760,2034,1173,711,755,1850,2966,29135,29008,29030,29017,29074,1476,1217,3256,1133,3229,2755,1146,1081,988,852,1291,2702,28753,28630,2147483647,64552,65407,25,2075,10833,3426,53913,0,3,3,1
rest in fist,13:10:53.220,28735,6921,2742,1239,962,1239,725,2056,1190,751,747,1850,2926,29131,28999,29052,29039,29008,1511,1234,3273,1098,3229,2808,1120,1045,979,883,1296,2689,28828,28792,2147483647,64594,65400,28,2076,10825,3429,53904,0,3,3,1
rest in fist,13:10:53.405,28683,6921,2764,1226,966,1252,729,2012,1204,720,711,1898,2922,29113,29039,29043,28959,29034,1476,1243,3256,1138,3260,2750,1129,1072,997,865,1322,2711,28880,28678,2147483647,64600,65420,31,2074,10835,3419,53914,0,3,3,1
rest in fist,13:10:53.419,28806,6895,2750,1248,971,1248,716,2056,1199,694,733,1854,2895,29157,29083,29052,29061,29047,1480,1226,3269,1133,3229,2750,1129,1098,993,896,1283,2720,28779,28784,2147483647,64552,65397,1,2069,10877,3439,53959,0,3,3,1
rest in fist,13:10:53.520,28727,6895,2755,1300,979,1252,689,1986,1239,720,751,1867,2935,29170,29043,29025,29052,29039,1494,1208,3287,1142,3238,2794,1151,1089,997,874,1278,2667,28722,28863,2147483647,64562,65416,66,2055,10864,3424,53940,0,3,3,1
rest in fist,13:10:53.620,28757,6881,2746,1261,984,1274,751,2039,1173,755,733,1867,2891,29197,29061,29083,29052,29061,1516,1226,3295,1129,3256,2803,1133,1067,993,856,1287,2676,28858,28766,2147483647,64580,65416,53,2055,10848,3428,53924,0,3,3,1
rest in fist,13:10:53.719,28770,6855,2742,1296,988,1243,720,2056,1212,729,755,1863,2961,29118,28990,29096,29021,28995,1502,1217,3234,1129,3225,2790,1129,1054,1019,848,1278,2689,28705,28801,2147483647,64555,65392,57,2058,10836,3426,53915,0,3,3,1
rest in fist,13:10:53.819,28656,6881,2693,1283,1019,1243,698,2043,1195,751,747,1889,2917,29175,29184,29069,29113,29144,1445,1248,3282,1120,3229,2799,1138,1050,1032,900,1256,2711,28832,28643,2147483647,64566,65403,66,2054,10827,3430,53908,0,3,3,1
rest in fist,13:10:53.920,28911,6851,2720,1278,979,1221,703,2025,1212,733,773,1876,2926,29091,29148,29170,29175,29179,1502,1256,3251,1160,3243,2777,1138,1037,1045,887,1265,2676,28784,28937,2147483647,64569,65394,30,2060,10822,3425,53902,0,3,3,1
rest in fist,13:10:54.021,28916,6824,2742,1274,993,1270,755,2043,1226,720,760,1858,2953,29223,29061,29100,29113,29100,1498,1230,3238,1129,3251,2746,1138,1045,975,834,1291,2685,28792,28902,2147483647,64577,65395,79,2066,10822,3410,53901,0,3,3,1
rest in fist,13:10:54.126,28924,6824,2720,1287,940,1186,720,2034,1217,711,720,1867,2913,29126,29122,29122,29122,29144,1485,1204,3300,1138,3265,2759,1125,1050,1023,861,1300,2649,28907,29012,2147483647,64546,65400,72,2069,10831,3413,53909,0,3,3,1
rest in fist,13:10:54.220,28929,6864,2680,1248,1015,1208,707,2043,1239,698,760,1841,2935,29140,29307,29197,29188,29302,1467,1261,3265,1111,3234,2759,1125,1059,997,839,1322,2680,28784,28946,2147483647,64574,65392,46,2070,10828,3412,53906,0,3,3,1
rest in fist,13:10:54.320,29012,6851,2737,1274,966,1261,711,2091,1199,720,694,1858,2939,29148,29126,29153,29122,29122,1529,1234,3260,1133,3256,2821,1081,1041,1001,865,1300,2689,28819,29034,2147483647,64578,65397,70,2070,10838,3394,53907,0,3,3,1
rest in fist,13:10:54.420,28920,6807,2676,1291,1010,1287,733,1951,1186,720,729,1836,2904,29206,29017,29025,29065,29078,1480,1199,3256,1138,3243,2768,1168,1063,984,870,1270,2658,28788,28863,2147483647,64506,65387,60,2105,10824,3351,53891,0,3,3,1
rest in fist,13:10:54.521,29008,6842,2667,1248,979,1243,716,2039,1221,703,733,1867,2970,29096,29052,29118,29078,29043,1480,1212,3212,1094,3234,2720,1146,1072,1010,865,1291,2693,28841,28959,2147483647,64541,65396,64,2094,10838,3367,53906,0,3,3,1
rest in fist,13:10:54.619,28999,6789,2667,1256,979,1221,738,2039,1177,703,764,1854,2931,29135,29126,28981,29047,29091,1494,1195,3300,1120,3238,2772,1151,1059,1032,878,1243,2680,28735,28968,2147483647,64588,65405,44,2077,10837,3371,53896,0,3,3,1
rest in fist,13:10:54.719,29017,6820,2671,1274,988,1230,720,2043,1204,716,725,1880,2895,29170,29061,29069,28995,29021,1480,1252,3273,1120,3216,2768,1129,1054,975,874,1283,2663,28797,28977,2147483647,64594,65417,16,2106,10805,3380,53882,0,3,3,1
rest in fist,13:10:54.820,28995,6824,2632,1248,949,1243,711,2043,1182,729,742,1823,2948,29153,29126,29025,29047,29113,1489,1217,3243,1120,3247,2768,1138,1059,997,861,1261,2689,28828,28946,2147483647,64585,65405,2,2125,10831,3383,53910,0,3,3,1
rest in fist,13:10:54.921,29008,6829,2623,1261,997,1287,747,2003,1199,720,707,1841,2970,29245,29188,29078,29083,29188,1511,1226,3234,1133,3203,2772,1151,1067,997,843,1291,2693,28810,29021,2147483647,64582,65428,48,2097,10820,3363,53888,0,3,3,1
fist to middle,13:10:55.021,28933,6758,2610,1283,1001,1230,725,1977,1199,733,747,1885,2966,29153,29113,29074,29039,29126,1494,1230,3273,1138,3168,2715,1125,1076,984,856,1278,2689,28762,28937,2147483647,64581,65415,76,2098,10819,3358,53887,0,3,3,1
fist to middle,13:10:55.131,29175,6793,2619,1278,979,1248,725,2034,1208,742,711,1850,2957,28955,29021,28766,28775,29056,1494,1217,3300,1155,3251,2786,1168,1085,1006,843,1283,2693,29061,29210,2147483647,64551,65418,67,2107,10829,3351,53896,0,3,3,1
fist to middle,13:10:55.220,28990,6789,2649,1261,993,1265,733,2034,1204,725,725,1841,2961,29210,29192,29074,29109,29223,1498,1234,3273,1125,3247,2786,1142,1072,1001,865,1283,2685,28757,28880,2147483647,64592,65412,73,2099,10836,3355,53901,0,3,3,1
fist to middle,13:10:55.320,28981,6714,2562,1274,984,1234,751,2008,1190,703,751,1836,2913,29201,29166,29074,29100,29206,1502,1199,3269,1142,3247,2742,1120,1050,975,883,1327,2623,28867,28973,2147483647,64581,65431,90,2095,10836,3354,53901,0,3,3,1
fist to middle,13:10:55.420,28937,6820,2592,1252,962,1261,760,1968,1186,711,760,1836,2931,29184,29153,29065,29078,29157,1494,1230,3260,1138,3265,2746,1120,1054,1037,848,1283,2649,28779,28929,2147483647,64604,65414,50,2102,10827,3372,53899,0,3,3,1
fist to middle,13:10:55.519,28929,6723,2575,1265,993,1230,729,2047,1199,707,751,1854,2939,29166,29219,29091,29104,29179,1494,1291,3273,1103,3203,2707,1125,1067,988,887,1283,2693,28749,28885,2147483647,64581,65417,66,2096,10844,3372,53914,0,3,3,1
fist to middle,13:10:55.621,28990,6771,2610,1239,971,1256,733,2008,1195,694,729,1828,2953,29188,29175,29012,29061,29144,1480,1256,3295,1081,3243,2816,1138,1094,975,856,1287,2702,28770,29034,2147483647,64562,65418,65,2087,10838,3364,53904,0,3,3,1
fist to middle,13:10:55.721,28885,6767,2583,1265,962,1217,725,2043,1195,694,764,1832,2926,29201,29179,29017,29061,29210,1472,1195,3243,1155,3243,2772,1133,1063,1032,878,1287,2680,28766,28916,2147483647,64572,65417,49,2086,10850,3377,53919,0,3,3,1
fist to middle,13:10:55.827,28880,6771,2579,1291,962,1226,703,2025,1190,742,720,1850,2931,29069,29307,29069,29083,29254,1485,1155,3295,1133,3247,2812,1151,1076,988,892,1248,2663,28867,28880,2147483647,64572,65413,70,2086,10858,3401,53933,0,3,3,1
fist to middle,13:10:55.921,28863,6824,2627,1265,997,1217,738,2056,1204,716,738,1902,2939,29140,29206,29061,29047,29241,1472,1195,3300,1107,3273,2733,1160,1072,1032,817,1261,2680,28828,28889,2147483647,64556,65413,57,2072,10844,3411,53921,0,3,3,1
fist to middle,13:10:56.021,28916,6811,2610,1252,975,1270,725,2047,1239,733,755,1911,2882,29175,29069,29113,29104,29012,1516,1226,3322,1116,3243,2786,1120,1028,1010,878,1296,2720,28784,28916,2147483647,64562,65382,59,2090,10798,3403,53879,0,3,3,1
fist to middle,13:10:56.120,28894,6776,2588,1278,984,1226,720,2065,1195,760,747,1885,2988,29140,29232,29043,29043,29311,1507,1221,3353,1133,3229,2764,1142,1081,984,848,1270,2711,28792,28841,2147483647,64556,65386,55,2090,10777,3396,53857,0,3,3,1
fist to middle,13:10:56.219,28916,6767,2641,1309,997,1256,711,2012,1190,698,782,1885,2948,29197,29219,29091,29113,29206,1485,1204,3309,1098,3225,2803,1111,1063,1019,834,1291,2667,28823,28894,2147483647,64556,65394,55,2075,10782,3387,53857,0,3,3,1
fist to middle,13:10:56.321,28836,6736,2605,1270,988,1217,716,2056,1199,707,751,1876,3019,29140,29166,29078,29043,29140,1502,1204,3353,1120,3225,2755,1138,1041,1006,852,1313,2711,28788,28753,2147483647,64599,65419,40,2070,10772,3380,53844,0,3,3,1
fist to middle,13:10:56.419,28929,6732,2570,1265,1001,1248,729,2065,1212,716,725,1828,2944,29206,29285,29100,29109,29302,1498,1261,3366,1146,3247,2781,1138,1067,1015,874,1309,2663,28836,28872,2147483647,64553,65421,56,2066,10745,3371,53816,0,3,3,1
fist to middle,13:10:56.521,28797,6798,2614,1278,979,1234,698,2008,1195,711,742,1872,2983,29232,29153,29069,29109,29223,1494,1182,3423,1125,3287,2764,1138,1067,1019,870,1300,2702,28885,28819,2147483647,64579,65398,76,2046,10732,3390,53806,0,3,3,1
fist to middle,13:10:56.619,28841,6754,2610,1291,984,1270,747,2061,1212,729,747,1828,2992,29228,29355,29074,29078,29315,1489,1195,3392,1125,3282,2777,1177,1089,1015,865,1291,2724,28902,28836,2147483647,64573,65399,76,2040,10710,3387,53785,0,3,3,1
fist to middle,13:10:56.719,28872,6780,2645,1287,940,1248,689,2021,1195,703,742,1850,2979,29219,29206,29012,29087,29359,1480,1199,3392,1133,3295,2786,1138,1054,1032,830,1274,2702,28784,28801,2147483647,64570,65364,122,2038,10696,3372,53767,0,3,3,1
fist to middle,13:10:56.820,28845,6820,2636,1256,966,1265,729,2030,1177,725,742,1828,3019,29219,29346,29096,29078,29351,1498,1217,3418,1160,3304,2768,1146,1037,993,870,1296,2698,28810,28819,2147483647,64582,65380,120,2039,10685,3359,53753,0,3,3,1
fist to middle,13:10:56.921,28880,6833,2619,1265,1019,1252,716,2025,1217,725,747,1850,3005,29170,29078,29091,29074,29025,1480,1234,3335,1164,3304,2746,1151,1072,1001,870,1274,2729,28902,28951,2147483647,64540,65367,66,2059,10695,3372,53770,0,3,3,1
fist to middle,13:10:57.021,28880,6771,2641,1274,953,1226,738,2021,1217,716,698,1845,3001,29241,29293,29065,29131,29298,1502,1204,3344,1168,3282,2794,1155,1081,1006,856,1296,2707,28850,28916,2147483647,64514,65349,56,2063,10698,3377,53775,0,3,3,1
fist to middle,13:10:57.120,28924,6780,2632,1256,975,1256,725,1999,1212,698,733,1867,2966,29210,29280,29091,29034,29289,1511,1217,3370,1177,3322,2790,1160,1045,1001,856,1300,2707,28911,28920,2147483647,64551,65364,119,2020,10683,3381,53755,0,3,3,1
fist to middle,13:10:57.231,29061,6789,2623,1291,1006,1234,751,2034,1177,742,725,1854,2983,28981,29052,28995,29047,29043,1551,1230,3366,1155,3309,2803,1155,1054,1028,896,1265,2702,28924,28968,2147483647,64571,65402,76,2005,10669,3358,53733,0,3,3,1
fist to middle,13:10:57.324,28858,6728,2632,1283,966,1248,720,1995,1190,725,733,1872,2935,29175,29232,29025,29034,29126,1533,1190,3396,1111,3278,2816,1125,1107,1015,856,1221,2729,28902,28898,2147483647,64578,65407,70,2024,10655,3356,53723,0,3,3,1
fist to middle,13:10:57.420,28828,6789,2570,1296,1006,1226,742,1973,1217,733,747,1854,3019,29197,29219,29039,29069,29223,1524,1243,3366,1138,3304,2768,1160,1089,1010,834,1291,2685,28942,28876,2147483647,64564,65393,78,2025,10667,3347,53732,0,3,3,1
fist to middle,13:10:57.530,29061,6771,2641,1305,971,1243,711,2030,1168,742,707,1858,2957,28951,28907,29061,29118,28924,1524,1217,3370,1111,3331,2794,1160,1045,1041,843,1300,2689,29135,29021,2147483647,64558,65379,89,2022,10670,3352,53735,0,3,3,1
fist to middle,13:10:57.620,28880,6776,2614,1274,979,1212,747,1973,1212,711,725,1854,3049,29118,29179,28986,29047,29197,1507,1239,3331,1098,3326,2812,1133,1045,984,843,1305,2720,28845,28863,2147483647,64600,65400,62,2032,10663,3341,53727,0,3,3,1
fist to middle,13:10:57.720,28894,6763,2583,1274,1015,1243,720,2025,1190,707,703,1889,2944,29223,29223,29074,29083,29223,1507,1230,3370,1133,3260,2834,1142,1085,1015,870,1296,2671,28933,28858,2147483647,64576,65397,96,2036,10657,3343,53723,0,3,3,1
fist to middle,13:10:57.822,28858,6723,2588,1283,984,1248,703,1995,1212,720,720,1819,2957,29206,29144,29030,29012,29214,1529,1243,3344,1182,3313,2816,1133,1107,984,856,1313,2729,28885,28832,2147483647,64540,65368,109,2036,10657,3338,53722,0,3,3,1
fist to middle,13:10:57.921,28872,6732,2548,1291,988,1239,720,2008,1195,742,725,1850,2970,29236,29254,29100,29135,29214,1511,1248,3348,1142,3260,2816,1177,1076,1015,843,1296,2715,28999,28872,2147483647,64496,65383,34,2022,10670,3346,53733,0,3,3,1
fist to middle,13:10:58.021,28876,6719,2557,1283,993,1204,747,1990,1168,733,729,1854,2948,29162,29104,29065,29056,29157,1555,1212,3348,1138,3339,2790,1142,1041,997,865,1300,2698,28889,28819,2147483647,64610,65415,22,2032,10644,3333,53708,0,3,3,1
fist to middle,13:10:58.120,28806,6719,2592,1291,993,1230,716,1986,1208,733,733,1845,2944,29232,29192,29083,29122,29210,1485,1204,3353,1120,3287,2790,1129,1085,997,834,1252,2746,28968,28858,2147483647,64621,65439,66,2020,10655,3306,53708,0,3,3,1
fist to middle,13:10:58.220,28907,6679,2526,1291,944,1221,711,1973,1160,738,773,1841,2961,29096,29126,29017,29052,29126,1524,1199,3313,1138,3300,2768,1168,1059,997,870,1278,2689,28929,28898,2147483647,64558,65414,103,2015,10645,3301,53697,0,3,3,1
fist to middle,13:10:58.320,28814,6732,2526,1287,984,1270,755,1995,1168,733,729,1845,3023,29148,29188,29039,29122,29232,1494,1204,3322,1094,3291,2821,1182,1037,1015,843,1274,2724,28876,28858,2147483647,64530,65367,124,2036,10627,3314,53688,0,3,3,1
fist to middle,13:10:58.420,28924,6719,2544,1283,1010,1230,725,2012,1217,725,747,1867,2983,29061,29087,29148,29126,29047,1533,1261,3383,1125,3273,2812,1125,1054,988,826,1300,2764,28951,28850,2147483647,64467,65370,93,2035,10638,3316,53698,0,3,3,1
fist to middle,13:10:58.530,29039,6688,2535,1313,979,1261,733,1990,1217,733,725,1863,2975,28937,28929,29003,29021,28959,1507,1221,3344,1089,3256,2803,1186,1076,1037,826,1287,2685,29100,29025,2147483647,64570,65412,38,2047,10618,3298,53678,0,3,3,1
fist to middle,13:10:58.619,28872,6723,2531,1296,1015,1234,720,1951,1212,729,751,1801,2944,29162,29109,29065,29126,29131,1516,1217,3295,1142,3282,2799,1133,1076,1001,839,1287,2702,28964,28876,2147483647,64599,65427,63,2058,10601,3296,53663,0,3,3,1
fist to middle,13:10:58.721,28863,6710,2531,1265,962,1199,689,1995,1230,694,755,1828,2970,29197,29170,29052,28986,29118,1498,1230,3269,1111,3300,2772,1098,1037,1023,812,1296,2702,28929,28907,2147483647,64550,65439,41,2067,10601,3287,53662,0,3,3,1
fist to middle,13:10:58.820,28929,6741,2583,1283,979,1199,764,1986,1204,720,725,1836,2983,29140,29188,29091,29140,29153,1538,1239,3357,1111,3265,2790,1160,1010,1001,874,1274,2702,28946,28858,2147483647,64716,65420,24,2079,10562,3276,53627,0,3,3,1
fist to middle,13:10:58.922,28885,6763,2588,1256,979,1204,738,1995,1291,764,755,1832,2944,29175,29113,29069,29025,29153,1485,1212,3313,1133,3269,2777,1146,1037,988,848,1265,2667,28946,28814,2147483647,64555,65401,81,2072,10592,3258,53648,0,3,3,1
fist to middle,13:10:59.022,28964,6741,2588,1278,1015,1217,729,1955,1234,764,733,1854,3014,29017,29100,29214,29236,29052,1502,1256,3322,1116,3295,2790,1151,1120,975,839,1331,2711,29021,28924,2147483647,64551,65407,132,2068,10558,3251,53615,0,3,3,1
fist to middle,13:10:59.120,28867,6780,2592,1296,1015,1248,729,1981,1217,751,738,1841,3049,29197,29126,29074,29118,29166,1516,1190,3260,1120,3278,2799,1138,1094,1023,861,1296,2689,28937,28828,2147483647,64565,65409,146,2063,10552,3269,53613,0,3,3,1
fist to middle,13:10:59.221,28863,6754,2592,1309,997,1243,707,1981,1195,755,742,1872,2970,29228,29250,29096,29078,29232,1494,1243,3317,1120,3265,2803,1138,1125,1023,865,1234,2676,29017,28933,2147483647,64547,65376,127,2074,10537,3286,53607,0,3,3,1
fist to middle,13:10:59.330,29047,6745,2570,1278,1006,1252,716,2012,1212,733,738,1806,2957,28854,28907,29003,29008,28907,1507,1217,3300,1094,3273,2781,1168,1076,1028,887,1305,2667,29069,29061,2147483647,64576,65425,158,2068,10508,3292,53582,0,3,3,1
fist to middle,13:10:59.420,28841,6776,2588,1278,931,1212,711,1955,1239,769,698,1872,2966,29192,29232,29065,29113,29241,1507,1226,3273,1125,3243,2764,1164,1067,1015,878,1305,2737,28973,28854,2147483647,64562,65426,97,2053,10494,3309,53571,0,3,3,1
fist to middle,13:10:59.523,28779,6754,2601,1265,966,1248,689,2012,1217,755,716,1841,3014,29056,29188,29052,29096,29170,1507,1217,3291,1146,3212,2759,1151,1081,984,856,1261,2702,29039,28885,2147483647,64568,65389,118,2017,10438,3321,53520,0,3,3,1
fist to middle,13:10:59.619,28858,6758,2544,1335,962,1208,716,1955,1221,729,733,1832,2992,29166,29254,29148,29197,29258,1520,1248,3309,1133,3199,2821,1151,1072,997,799,1278,2707,28911,28819,2147483647,64564,65403,129,1987,10405,3374,53501,0,3,3,1
fist to middle,13:10:59.720,28889,6750,2605,1283,966,1261,716,1964,1234,720,733,1858,2961,29039,29157,29083,29078,29140,1498,1243,3313,1138,3190,2794,1177,1076,988,830,1287,2689,28880,28823,2147483647,64570,65366,113,2011,10411,3423,53524,0,3,3,1
fist to middle,13:10:59.820,28850,6763,2601,1287,1006,1256,755,1986,1221,733,755,1845,2983,29100,29214,29219,29188,29219,1520,1248,3300,1125,3186,2790,1133,1059,979,887,1274,2702,28876,28863,2147483647,64538,65361,102,2020,10402,3441,53523,0,3,3,1
fist to middle,13:10:59.922,28924,6807,2540,1256,958,1221,694,1942,1248,747,777,1854,3019,29008,29206,29210,29206,29140,1498,1199,3278,1089,3234,2790,1182,1098,997,852,1248,2720,28964,28942,2147483647,64552,65387,114,1990,10390,3429,53504,0,3,3,1
rest in middle,13:11:00.021,28902,6745,2557,1274,979,1270,738,1999,1252,738,738,1814,2975,29113,29162,29184,29148,29157,1551,1248,3260,1111,3159,2781,1151,1067,997,852,1287,2693,28902,28964,2147483647,64606,65370,151,1963,10354,3421,53467,0,3,3,1
rest in middle,13:11:00.119,28933,6714,2566,1287,918,1248,694,1981,1230,698,747,1850,2966,29087,29228,29324,29329,29214,1511,1221,3287,1155,3168,2816,1155,1032,984,839,1283,2645,29056,28955,2147483647,64599,65390,155,1962,10351,3420,53464,0,3,3,1
rest in middle,13:11:00.220,28819,6728,2610,1278,988,1234,711,1955,1252,755,733,1858,2988,29113,29201,29276,29276,29201,1489,1221,3243,1103,3159,2821,1190,1059,1010,887,1287,2737,29056,28770,2147483647,64525,65361,164,1962,10344,3417,53457,0,3,3,1
rest in middle,13:11:00.320,28937,6732,2592,1252,979,1261,747,1990,1256,755,733,1894,3010,29197,29232,29236,29219,29236,1489,1208,3287,1107,3190,2808,1168,1067,1019,861,1261,2720,28964,28902,2147483647,64541,65351,101,1961,10335,3425,53452,0,3,3,1
rest in middle,13:11:00.418,28841,6732,2601,1283,979,1221,725,1995,1270,733,738,1867,3049,29184,29184,29258,29144,29135,1524,1239,3309,1129,3150,2794,1195,1050,1006,856,1300,2742,28889,28885,2147483647,64582,65348,128,1957,10310,3444,53434,0,3,3,1
rest in middle,13:11:00.522,28832,6741,2557,1261,1032,1195,747,2017,1265,733,751,1863,2979,29210,29219,29232,29258,29201,1546,1252,3260,1138,3115,2799,1142,1059,971,852,1313,2680,28968,28894,2147483647,64564,65390,106,1953,10315,3443,53438,0,3,3,1
rest in middle,13:11:00.619,28894,6750,2562,1287,949,1265,729,1995,1248,738,720,1845,2992,28990,29250,29210,29197,29175,1507,1230,3260,1081,3155,2808,1146,1076,1032,821,1274,2693,28937,28810,2147483647,64588,65377,169,1957,10293,3414,53412,0,3,3,1
rest in middle,13:11:00.719,28889,6728,2614,1318,949,1234,716,1977,1252,747,698,1867,3001,28863,29197,29219,29232,29197,1502,1226,3278,1146,3120,2799,1160,1081,1006,874,1283,2680,29012,28876,2147483647,64588,65367,160,1959,10281,3419,53403,0,3,3,1
rest in middle,13:11:00.830,29074,6793,2540,1278,971,1234,725,1986,1256,733,755,1863,2944,29210,28981,28995,29091,29039,1520,1190,3287,1138,3142,2803,1186,1041,1023,856,1305,2680,29140,29069,2147483647,64547,65371,130,1952,10291,3422,53411,0,3,3,1
rest in middle,13:11:00.921,28845,6758,2614,1291,984,1226,747,1973,1230,711,747,1828,2997,28999,29236,29254,29201,29197,1511,1212,3304,1133,3111,2812,1146,1041,1067,830,1278,2746,28968,28797,2147483647,64551,65332,183,1964,10287,3406,53405,0,3,3,1
rest in middle,13:11:01.030,29069,6732,2601,1270,958,1252,725,2008,1265,738,716,1854,2948,29148,28924,29039,28977,28898,1516,1243,3251,1142,3084,2803,1160,1045,1019,848,1278,2746,29192,29065,2147483647,64566,65374,126,1978,10276,3381,53392,0,3,3,1
rest in middle,13:11:01.119,28889,6745,2570,1278,1001,1239,711,1977,1248,760,764,1885,2979,28990,29219,29179,29223,29276,1507,1230,3260,1111,3115,2799,1125,1063,1006,839,1274,2689,28951,28801,2147483647,64558,65370,106,1965,10307,3395,53419,0,3,3,1
rest in middle,13:11:01.220,28920,6697,2562,1278,966,1239,742,1968,1230,725,733,1845,2966,28757,29140,29302,29254,29219,1485,1226,3247,1120,3084,2830,1164,1041,975,826,1283,2707,28929,28911,2147483647,64600,65366,117,1968,10299,3399,53414,0,3,3,1
rest in middle,13:11:01.320,28801,6754,2566,1274,975,1256,733,1964,1234,725,725,1806,2961,28801,29140,29140,29184,29197,1520,1243,3221,1142,3058,2821,1195,1054,1001,843,1296,2702,28911,28841,2147483647,64600,65394,108,1990,10290,3387,53407,0,3,3,1
rest in middle,13:11:01.420,28933,6710,2570,1300,962,1265,751,1946,1221,738,738,1872,2944,28753,29210,29236,29184,29192,1489,1168,3247,1120,3054,2764,1129,1028,1006,821,1261,2698,29030,28920,2147483647,64585,65383,126,2008,10305,3389,53423,0,3,3,1
rest in middle,13:11:01.530,29021,6741,2588,1296,971,1239,733,1937,1226,738,742,1850,2957,29197,28894,29030,29003,28916,1498,1217,3247,1155,3076,2821,1186,1045,1015,848,1283,2707,29034,28973,2147483647,64604,65384,147,2009,10288,3399,53411,0,3,3,1
rest in middle,13:11:01.622,28850,6771,2548,1309,975,1252,755,1977,1230,738,760,1867,2983,29043,29170,29298,29285,29223,1498,1243,3234,1089,3098,2799,1168,1081,1001,821,1300,2663,29030,28916,2147483647,64573,65377,114,2004,10304,3407,53427,0,3,3,1
rest in middle,13:11:01.719,28850,6732,2544,1270,1006,1291,707,1986,1208,764,729,1867,2944,28718,29148,29307,29250,29162,1458,1248,3265,1164,3098,2838,1168,1063,993,856,1291,2715,29017,28797,2147483647,64568,65369,108,2009,10308,3402,53429,0,3,3,1
rest in middle,13:11:01.819,28951,6719,2522,1287,979,1239,716,1946,1182,738,755,1836,2979,28889,29232,29324,29307,29179,1507,1226,3247,1129,3010,2808,1146,1037,975,870,1305,2663,29078,28863,2147483647,64594,65380,113,1997,10286,3390,53405,0,3,3,1
rest in middle,13:11:01.921,28964,6723,2540,1287,984,1217,733,1946,1256,742,733,1863,2909,28744,29192,29311,29267,29157,1516,1274,3243,1098,3014,2794,1186,1054,975,865,1287,2676,29025,28937,2147483647,64590,65397,125,1981,10286,3416,53410,0,3,3,1
rest in middle,13:11:02.031,29003,6710,2531,1261,979,1226,773,1955,1226,720,725,1867,2944,29228,28955,29109,29056,28959,1458,1182,3295,1129,3067,2799,1133,1081,993,826,1305,2667,29228,29104,2147483647,64587,65362,153,1984,10275,3435,53406,0,3,3,1
rest in middle,13:11:02.120,28850,6728,2548,1362,1006,1226,729,1924,1234,725,694,1867,2966,28854,29223,29263,29267,29232,1498,1248,3260,1116,3089,2808,1182,1072,988,843,1309,2685,29100,28867,2147483647,64584,65337,208,1982,10277,3444,53411,0,3,3,1
rest in middle,13:11:02.220,28819,6719,2487,1327,979,1270,729,2012,1208,703,755,1858,2966,28850,29219,29280,29280,29267,1480,1243,3260,1103,3027,2790,1146,1063,988,874,1283,2702,29056,28792,2147483647,64532,65347,102,1986,10273,3452,53410,0,3,3,1
rest in middle,13:11:02.320,28880,6741,2531,1261,966,1261,725,1964,1261,733,720,1858,2944,28713,29184,29276,29276,29126,1489,1230,3260,1111,3049,2812,1125,1089,1006,852,1278,2680,29061,28819,2147483647,64568,65400,78,1996,10285,3461,53424,0,3,3,1
rest in middle,13:11:02.420,28876,6719,2605,1265,984,1239,703,2003,1252,729,725,1832,2961,29025,29263,29311,29355,29223,1498,1230,3243,1151,3019,2803,1160,1089,984,878,1287,2702,29017,28850,2147483647,64583,65416,74,1981,10291,3457,53426,0,3,3,1
rest in middle,13:11:02.521,28854,6736,2548,1270,953,1274,716,1964,1243,755,760,1845,2983,28722,29126,29258,29285,29140,1463,1248,3234,1142,3014,2803,1182,1054,997,870,1278,2693,29083,28898,2147483647,64594,65377,130,1975,10286,3462,53422,0,3,3,1
rest in middle,13:11:02.620,29096,6754,2575,1256,966,1243,711,1973,1234,720,747,1872,2917,28792,29131,29135,29126,29122,1476,1195,3225,1103,2961,2812,1155,1089,997,826,1278,2689,28977,29012,2147483647,64624,65370,165,1959,10276,3492,53419,0,3,3,1
rest in middle,13:11:02.720,28894,6776,2592,1278,962,1248,742,1968,1190,729,747,1823,2913,28806,29250,29245,29271,29184,1458,1256,3203,1129,3014,2799,1182,1094,988,843,1305,2676,29131,28894,2147483647,64573,65350,141,1955,10291,3496,53433,0,3,3,1
rest in middle,13:11:02.819,28951,6785,2548,1305,984,1212,716,1929,1270,733,733,1819,2944,28744,29153,29258,29258,29175,1516,1212,3273,1142,3023,2816,1182,1081,1015,878,1261,2685,29034,28911,2147483647,64581,65348,152,1955,10274,3488,53416,0,3,3,1
rest in middle,13:11:02.922,28916,6736,2570,1278,966,1226,729,1981,1226,742,773,1854,2953,28959,29219,29320,29324,29140,1520,1212,3225,1125,3045,2808,1160,1054,984,861,1291,2680,29126,28898,2147483647,64542,65357,128,1953,10273,3495,53417,0,3,3,1
rest in middle,13:11:03.020,28867,6723,2610,1274,988,1208,720,1920,1274,711,769,1854,2931,28828,29135,29302,29258,29157,1472,1217,3265,1116,3027,2799,1146,1050,1001,839,1300,2680,29096,28845,2147483647,64563,65364,119,1953,10270,3485,53411,0,3,3,1
rest in middle,13:11:03.120,28933,6723,2583,1270,1010,1226,725,1964,1252,711,689,1854,2926,28973,29206,29324,29364,29232,1498,1204,3269,1160,3010,2860,1138,1063,997,830,1283,2707,29140,28916,2147483647,64589,65377,120,1957,10271,3465,53407,0,3,3,1
rest in middle,13:11:03.220,28894,6714,2504,1300,971,1217,760,1937,1278,720,733,1841,2931,28828,29184,29263,29337,29179,1507,1204,3287,1142,3014,2816,1190,1032,1006,856,1283,2755,29052,28885,2147483647,64541,65377,140,1971,10279,3449,53411,0,3,3,1
rest in middle,13:11:03.320,28955,6745,2526,1256,984,1212,733,1911,1239,720,720,1858,2922,28850,29241,29280,29386,29210,1502,1243,3243,1133,3027,2821,1155,1050,997,808,1287,2737,29206,29025,2147483647,64559,65363,138,1960,10287,3448,53416,0,3,3,1
rest in middle,13:11:03.419,28845,6710,2456,1274,962,1221,769,1933,1243,773,751,1841,2913,28990,29126,29153,29267,29201,1485,1243,3243,1120,3023,2821,1190,1067,1023,870,1278,2702,29008,28832,2147483647,64588,65364,154,1957,10282,3455,53414,0,3,3,1
rest in middle,13:11:03.521,28959,6736,2531,1283,979,1212,729,1937,1226,716,703,1872,2997,28814,29192,29236,29236,29188,1529,1243,3260,1089,3010,2803,1164,1063,979,856,1296,2654,29100,28955,2147483647,64545,65341,130,1966,10284,3459,53418,0,3,3,1
rest in middle,13:11:03.619,29003,6710,2509,1318,993,1256,729,1933,1226,707,751,1854,2895,28946,29157,29175,29179,29179,1507,1230,3221,1094,2979,2803,1195,1059,997,878,1278,2698,29061,28995,2147483647,64580,65357,118,1967,10277,3466,53414,0,3,3,1
rest in middle,13:11:03.719,29025,6754,2535,1287,936,1256,747,2003,1248,760,716,1872,2953,28841,29210,29175,29245,29206,1520,1221,3238,1164,3036,2799,1138,1037,984,861,1300,2645,29096,29100,2147483647,64565,65360,131,1960,10274,3449,53405,0,3,3,1
rest in middle,13:11:03.819,28968,6684,2544,1296,966,1226,711,1959,1234,729,747,1841,2909,28850,29096,29144,29113,29157,1516,1208,3212,1138,2988,2812,1182,1037,1006,856,1278,2689,29069,29017,2147483647,64558,65385,101,1956,10272,3452,53404,0,3,3,1
rest in middle,13:11:03.921,29017,6666,2500,1296,962,1265,703,1929,1226,720,747,1828,2909,28836,29184,29131,29144,29192,1494,1226,3225,1098,3045,2790,1160,1076,984,861,1287,2698,29118,28955,2147483647,64574,65380,72,1968,10282,3448,53414,0,3,3,1
rest in middle,13:11:04.020,29008,6684,2491,1283,993,1256,751,1942,1270,755,773,1863,2931,28718,29162,29184,29184,29179,1467,1208,3234,1103,2979,2808,1120,1081,993,848,1265,2702,29069,28999,2147483647,64602,65387,147,1973,10272,3433,53401,0,3,3,1
rest in middle,13:11:04.119,29043,6706,2531,1296,984,1208,711,1924,1239,738,703,1845,2922,28990,29157,29192,29188,29197,1480,1199,3234,1120,3019,2790,1155,1063,979,861,1318,2693,29047,28999,2147483647,64610,65406,127,1974,10259,3425,53388,0,3,3,1
rest in middle,13:11:04.219,29047,6666,2469,1274,971,1248,782,1898,1234,711,733,1823,2869,28806,29179,29197,29219,29166,1520,1252,3247,1125,2926,2781,1173,1081,1045,861,1283,2698,29144,29039,2147483647,64568,65382,138,1971,10289,3423,53412,0,3,3,1
rest in middle,13:11:04.319,29003,6675,2513,1274,988,1248,716,1916,1256,729,773,1858,2909,28744,29135,29153,29157,29166,1485,1256,3243,1142,2983,2799,1177,1067,1001,830,1274,2715,29087,28920,2147483647,64592,65362,179,1973,10284,3416,53407,0,3,3,1
rest in middle,13:11:04.419,29043,6675,2548,1261,993,1252,685,1937,1230,755,747,1902,2922,28959,29228,29223,29241,29263,1502,1217,3238,1129,2997,2816,1146,1072,1006,821,1278,2680,29100,29039,2147483647,64601,65360,203,1969,10286,3422,53410,0,3,3,1
rest in middle,13:11:04.519,29008,6631,2504,1327,975,1221,725,1911,1239,773,755,1806,2887,28836,29122,29197,29162,29153,1498,1208,3225,1098,2983,2772,1199,1103,997,883,1300,2698,29039,28981,2147483647,64592,65366,141,1957,10303,3437,53427,0,3,3,1
rest in middle,13:11:04.619,28986,6670,2531,1327,958,1221,707,1959,1212,733,725,1858,2917,29144,29219,29206,29285,29206,1450,1221,3225,1138,2979,2799,1168,1059,988,839,1287,2685,29131,29034,2147483647,64521,65375,81,1958,10316,3419,53432,0,3,3,1
rest in middle,13:11:04.719,28964,6662,2474,1270,953,1230,689,1916,1230,716,698,1841,2887,28995,29245,29210,29210,29175,1485,1217,3225,1164,2939,2808,1125,1063,997,878,1291,2676,28995,28946,2147483647,64600,65379,143,1950,10283,3414,53402,0,3,3,1
rest in middle,13:11:04.819,28937,6631,2513,1291,966,1190,711,1959,1195,742,738,1850,2887,29061,29241,29258,29223,29214,1494,1248,3203,1138,2992,2786,1151,1041,993,861,1270,2676,29104,29021,2147483647,64587,65394,129,1943,10283,3436,53407,0,3,3,1
rest in middle,13:11:04.920,29118,6662,2465,1278,984,1239,725,1942,1239,751,755,1894,2874,29061,29206,29179,29188,29201,1489,1208,3190,1111,2970,2794,1155,1054,931,834,1287,2685,29043,28995,2147483647,64569,65373,137,1949,10274,3445,53403,0,3,3,1
middle to fist,13:11:05.020,28832,6679,2513,1261,1006,1256,703,1955,1226,725,729,1872,2887,29069,29192,29197,29197,29236,1458,1261,3234,1142,3014,2781,1164,1063,979,839,1265,2689,29069,28850,2147483647,64595,65370,158,1952,10257,3445,53388,0,3,3,1
middle to fist,13:11:05.119,28977,6675,2482,1256,993,1239,751,1955,1239,725,729,1850,2865,29034,29126,29148,29162,29179,1489,1226,3229,1125,2988,2821,1177,1072,1019,856,1296,2649,29030,28959,2147483647,64568,65361,134,1951,10268,3443,53398,0,3,3,1
middle to fist,13:11:05.219,28951,6635,2456,1226,979,1287,729,1942,1226,707,751,1854,2869,29061,29188,29210,29254,29236,1476,1186,3234,1129,2953,2790,1186,1050,979,848,1300,2667,29008,28929,2147483647,64544,65382,154,1946,10304,3443,53427,0,3,3,1
middle to fist,13:11:05.319,29003,6706,2478,1305,988,1243,720,1937,1217,742,725,1885,2900,29034,29179,29188,29126,29170,1516,1239,3247,1164,3036,2799,1168,1023,1010,817,1287,2658,29135,29039,2147483647,64556,65363,166,1965,10287,3423,53410,0,3,3,1
middle to fist,13:11:05.420,29039,6657,2469,1287,1001,1230,725,1937,1226,738,742,1828,2882,29034,29030,29148,29135,29052,1502,1234,3238,1160,3001,2799,1177,1067,966,914,1256,2649,29056,28968,2147483647,64568,65371,167,1962,10277,3428,53403,0,3,3,1
middle to fist,13:11:05.520,29096,6653,2478,1278,984,1234,725,1951,1256,729,720,1814,2953,29056,29083,29197,29232,29069,1489,1252,3229,1133,3014,2830,1155,1072,1006,808,1313,2654,29091,29100,2147483647,64536,65366,125,1962,10270,3421,53395,0,3,3,1
middle to fist,13:11:05.619,28924,6697,2456,1287,953,1221,720,1924,1199,720,755,1850,2891,29017,29030,29113,29162,28995,1507,1234,3208,1098,3010,2799,1186,1041,988,848,1252,2680,29118,28924,2147483647,64558,65348,139,1974,10267,3434,53398,0,3,3,1
middle to fist,13:11:05.730,29267,6653,2469,1291,962,1265,720,1968,1230,707,703,1850,2852,29210,29061,28964,28911,29052,1494,1204,3256,1120,3001,2764,1160,1103,1006,856,1256,2654,29131,29280,2147483647,64530,65368,110,1984,10284,3427,53412,0,3,3,1
middle to fist,13:11:05.827,29113,6653,2469,1261,984,1239,733,1946,1283,729,729,1823,2860,29166,28924,28854,28894,28924,1458,1204,3186,1146,2966,2790,1155,1032,1010,856,1230,2676,29047,29153,2147483647,64534,65366,158,1954,10289,3402,53405,0,3,3,1
middle to fist,13:11:05.920,28986,6600,2425,1270,949,1204,733,1929,1199,729,729,1819,2838,29078,29047,29214,29188,29069,1516,1230,3216,1107,2913,2777,1173,997,1006,865,1283,2645,29179,29039,2147483647,64569,65335,117,1948,10298,3417,53416,0,3,3,1
middle to fist,13:11:06.020,29056,6648,2443,1270,962,1226,733,1942,1226,742,742,1832,2874,29017,29192,29228,29192,29144,1480,1234,3256,1098,2939,2764,1133,1067,993,865,1256,2680,29034,29061,2147483647,64548,65377,153,1961,10305,3403,53419,0,3,3,1
middle to fist,13:11:06.120,28916,6604,2456,1278,971,1248,711,1911,1265,716,786,1885,2878,29100,29219,29254,29241,29153,1494,1226,3212,1107,2953,2825,1160,1063,1010,887,1287,2689,29135,28986,2147483647,64555,65355,160,1956,10294,3400,53408,0,3,3,1
middle to fist,13:11:06.219,28955,6618,2452,1296,944,1217,742,1894,1265,742,733,1828,2869,29061,29166,29184,29162,29170,1516,1252,3199,1103,2988,2821,1146,993,988,843,1274,2667,29021,28933,2147483647,64552,65373,118,1960,10303,3413,53420,0,3,3,1
middle to fist,13:11:06.319,28929,6596,2364,1274,1006,1212,733,1968,1230,760,751,1814,2887,29087,29047,29232,29214,29091,1524,1239,3172,1168,2944,2772,1168,1072,984,839,1278,2693,29061,28902,2147483647,64488,65375,118,1974,10301,3395,53415,0,3,3,1
middle to fist,13:11:06.419,28981,6644,2425,1248,962,1252,760,1959,1217,711,729,1867,2865,29008,29148,29118,29140,29162,1511,1208,3221,1146,2988,2816,1138,1076,966,834,1291,2667,29043,28977,2147483647,64564,65379,155,1999,10265,3361,53380,0,3,3,1
middle to fist,13:11:06.521,28929,6596,2478,1309,940,1248,716,1924,1239,764,725,1841,2860,29100,29170,29175,29219,29184,1476,1234,3212,1107,2966,2790,1146,1050,1015,830,1274,2671,29056,28959,2147483647,64600,65405,111,1998,10282,3369,53397,0,3,3,1
middle to fist,13:11:06.620,29047,6622,2452,1283,993,1186,703,1916,1256,755,733,1854,2904,29012,29096,29122,29153,29122,1485,1212,3190,1111,2966,2772,1164,1094,993,812,1252,2680,29100,28929,2147483647,64577,65404,106,1996,10303,3359,53411,0,3,3,1
middle to fist,13:11:06.720,28959,6609,2408,1274,975,1217,720,1920,1239,716,733,1867,2913,29030,29100,29144,29184,29184,1480,1291,3229,1151,2961,2816,1125,1045,993,852,1296,2649,29052,28894,2147483647,64608,65394,132,1997,10298,3365,53408,0,3,3,1
middle to fist,13:11:06.820,29017,6626,2430,1287,979,1243,689,1937,1230,747,733,1819,2852,28990,29074,29140,29131,29100,1485,1204,3234,1129,2935,2764,1103,1098,979,878,1296,2667,29091,28981,2147483647,64603,65382,151,2003,10301,3378,53416,0,3,3,1
middle to fist,13:11:06.920,28916,6613,2399,1252,975,1230,716,1929,1208,707,720,1836,2860,28964,28933,29153,29153,28946,1480,1217,3251,1076,2944,2755,1151,1045,1006,861,1270,2667,29012,28929,2147483647,64570,65355,150,2000,10324,3381,53436,0,3,3,1
middle to fist,13:11:07.021,29017,6609,2438,1278,975,1261,729,1981,1252,742,795,1863,2865,29047,28933,29184,29122,28946,1524,1208,3221,1111,2935,2799,1177,1010,962,856,1318,2667,29091,28977,2147483647,64537,65377,105,2003,10321,3388,53436,0,3,3,1
middle to fist,13:11:07.119,28968,6583,2416,1283,993,1221,729,1942,1265,725,764,1872,2922,29008,28735,29162,29148,28727,1498,1199,3221,1116,2948,2856,1138,1006,984,826,1313,2667,29074,28929,2147483647,64576,65377,100,2013,10319,3399,53439,0,3,3,1
middle to fist,13:11:07.221,29091,6609,2430,1270,979,1248,729,1990,1239,729,725,1836,2834,29034,28727,29206,29188,28722,1507,1195,3256,1142,2957,2821,1155,1059,1006,843,1274,2729,29056,29017,2147483647,64581,65382,95,2022,10333,3416,53457,0,3,3,1
middle to fist,13:11:07.403,29008,6648,2421,1287,1006,1221,703,1911,1212,725,711,1832,2860,28955,28709,29157,29166,28801,1489,1212,3243,1125,2948,2755,1182,1050,1006,852,1309,2641,29083,28999,2147483647,64619,65386,116,2008,10325,3410,53446,0,3,3,1
middle to fist,13:11:07.419,28999,6618,2403,1243,984,1208,716,1946,1217,725,707,1845,2874,29083,28806,29162,29219,28770,1498,1221,3221,1133,2953,2794,1133,1037,1006,795,1283,2632,29065,29017,2147483647,64596,65381,126,2008,10327,3412,53449,0,3,3,1
middle to fist,13:11:07.604,29135,6596,2307,1291,984,1217,707,1999,1204,733,689,1863,2847,28981,28705,29201,29175,28586,1524,1204,3278,1133,2935,2772,1155,1059,971,870,1265,2698,29012,29091,2147483647,64565,65390,118,2021,10339,3400,53457,0,3,3,1
middle to fist,13:11:07.704,28990,6613,2390,1287,1015,1252,720,1937,1270,711,725,1841,2882,29039,28806,29162,29214,28889,1467,1230,3216,1138,2992,2790,1133,1067,1010,887,1296,2698,29047,28964,2147483647,64593,65396,106,2033,10333,3405,53456,0,3,3,1
middle to fist,13:11:07.804,29113,6609,2412,1309,962,1230,733,1964,1204,742,760,1832,2926,28977,28661,29157,29144,28718,1498,1199,3243,1129,2961,2825,1173,1081,988,848,1296,2689,29003,29047,2147483647,64572,65400,110,2048,10336,3414,53463,0,3,3,1
middle to fist,13:11:07.914,28937,6556,2346,1287,979,1186,711,1990,1204,738,733,1792,2922,29047,28977,29210,29214,28784,1494,1248,3234,1160,2997,2781,1133,1063,979,878,1309,2667,29034,28929,2147483647,64588,65369,124,2050,10345,3432,53476,0,3,3,1
middle to fist,13:11:07.933,29188,6604,2408,1248,1006,1221,711,1955,1204,716,694,1854,2874,29197,29135,28916,28889,29131,1502,1243,3212,1129,2961,2830,1190,1063,997,826,1278,2676,29052,29104,2147483647,64544,65374,151,2051,10354,3436,53485,0,3,3,1
middle to fist,13:11:08.104,28955,6618,2438,1291,979,1230,711,1990,1199,755,742,1858,2869,29039,28762,29126,29166,28749,1467,1265,3243,1151,2948,2794,1164,1045,971,821,1261,2663,29025,28933,2147483647,64532,65375,106,2060,10340,3444,53477,0,3,3,1
middle to fist,13:11:08.203,29003,6578,2390,1261,984,1256,729,1981,1217,747,764,1836,2895,29012,28845,29157,29166,28683,1502,1221,3265,1116,3014,2834,1160,1063,993,856,1291,2663,29065,28959,2147483647,64546,65370,78,2069,10348,3465,53492,0,3,3,1
middle to fist,13:11:08.304,29144,6662,2403,1291,1010,1248,694,1999,1208,751,720,1858,2904,28981,28749,29175,29131,28902,1463,1199,3260,1138,2970,2821,1142,1059,979,865,1278,2676,29034,29043,2147483647,64577,65400,136,2071,10347,3479,53495,0,3,3,1
middle to fist,13:11:08.319,29201,6587,2381,1283,993,1256,716,2012,1221,733,703,1858,2909,29039,28779,29166,29179,28740,1489,1217,3238,1107,3014,2812,1151,1107,1006,830,1278,2645,29118,29118,2147483647,64572,65386,99,2092,10325,3480,53480,0,3,3,1
middle to fist,13:11:08.504,29100,6604,2399,1309,966,1243,747,2021,1256,777,760,1854,2926,29047,28929,29153,29170,28713,1467,1212,3238,1116,3045,2777,1155,1076,1015,839,1283,2707,29096,29113,2147483647,64579,65376,115,2104,10333,3513,53499,0,3,3,1
middle to fist,13:11:08.604,29179,6587,2416,1274,958,1274,760,1990,1243,711,773,1858,2931,29043,28709,29206,29241,28832,1463,1243,3247,1146,2997,2816,1164,1076,997,865,1309,2720,29100,29179,2147483647,64572,65383,123,2092,10340,3522,53505,0,3,3,1
middle to fist,13:11:08.703,29065,6635,2430,1305,1019,1230,707,2003,1199,755,742,1850,2856,29034,28735,29140,29148,28735,1524,1239,3225,1107,3027,2852,1146,1076,1019,826,1270,2667,29021,29039,2147483647,64584,65361,107,2090,10335,3537,53506,0,3,3,1
middle to fist,13:11:08.804,29100,6662,2469,1226,1010,1204,733,2012,1212,747,751,1819,2900,29056,28819,29214,29219,29021,1498,1221,3278,1138,3036,2821,1133,1059,1023,865,1287,2693,29118,29170,2147483647,64580,65384,146,2077,10317,3555,53493,0,3,3,1
middle to fist,13:11:08.819,29135,6657,2504,1305,993,1252,747,2030,1243,733,733,1854,2926,29039,28691,29131,29188,28696,1480,1208,3260,1146,3071,2777,1120,1085,975,874,1296,2676,29069,29104,2147483647,64598,65379,107,2069,10309,3565,53487,0,3,3,1
middle to fist,13:11:08.919,29109,6640,2496,1283,993,1212,720,2047,1186,729,733,1850,2926,29030,28946,29210,29228,28775,1494,1221,3265,1146,2997,2816,1133,1063,1023,826,1283,2663,29122,29109,2147483647,64651,65382,95,2079,10321,3554,53496,0,3,3,1
middle to fist,13:11:09.020,29126,6662,2452,1274,962,1265,720,2043,1208,760,747,1841,2926,28973,28696,29104,29184,28876,1454,1230,3247,1142,3010,2799,1142,1072,1010,852,1274,2654,29017,29061,2147483647,64633,65403,106,2085,10316,3565,53496,0,3,3,1
middle to fist,13:11:09.119,29104,6644,2469,1261,979,1230,685,2021,1208,738,738,1858,2900,29030,28999,29179,29219,28757,1476,1243,3278,1138,3054,2808,1177,1081,1019,830,1296,2698,28981,29104,2147483647,64628,65369,92,2096,10318,3589,53507,0,3,3,1
middle to fist,13:11:09.304,29153,6692,2500,1305,1010,1243,738,2008,1256,729,747,1828,2926,29008,28907,29170,29104,28986,1507,1252,3313,1089,3023,2812,1177,1067,975,856,1300,2698,29065,29122,2147483647,64577,65378,126,2090,10342,3593,53528,0,3,3,1
middle to fist,13:11:09.319,29039,6640,2504,1256,984,1234,707,2043,1204,707,738,1828,2900,29074,28779,29078,29113,28819,1485,1234,3273,1107,3010,2786,1168,1076,979,848,1318,2680,29126,29052,2147483647,64566,65359,111,2100,10344,3628,53542,0,3,3,1
middle to fist,13:11:09.504,29144,6688,2496,1291,958,1221,764,2012,1182,703,711,1872,2887,28973,28942,29162,29122,28850,1480,1208,3265,1133,3027,2772,1182,1067,1001,887,1256,2689,29148,29087,2147483647,64593,65374,88,2093,10341,3656,53546,0,3,3,1
middle to fist,13:11:09.518,29162,6736,2540,1309,966,1217,742,2025,1256,755,764,1867,2878,29030,28779,29118,29157,28832,1428,1248,3269,1116,3049,2786,1155,1072,966,834,1291,2680,28999,29052,2147483647,64572,65355,111,2099,10334,3658,53542,0,3,3,1
middle to fist,13:11:09.619,29096,6728,2548,1265,993,1261,751,2030,1234,742,720,1841,2939,28964,28744,29126,29157,28674,1480,1230,3273,1085,3032,2825,1168,1094,1006,843,1248,2663,29034,29113,2147483647,64604,65365,128,2098,10338,3662,53547,0,3,3,1
middle to fist,13:11:09.719,29083,6675,2540,1291,1001,1230,707,1999,1190,742,742,1872,2904,29021,28713,29118,29126,28788,1520,1248,3300,1107,3045,2786,1133,1072,1006,870,1291,2658,29069,29100,2147483647,64550,65350,134,2112,10324,3665,53538,0,3,3,1
middle to fist,13:11:09.820,29188,6732,2544,1270,1001,1243,769,2008,1208,698,729,1867,2992,29083,28779,29214,29184,28806,1489,1234,3335,1116,3067,2746,1133,1076,1015,870,1283,2685,28990,29083,2147483647,64568,65340,115,2127,10327,3682,53548,0,3,3,1
middle to fist,13:11:09.921,29039,6745,2575,1309,1023,1248,773,2034,1217,747,729,1880,2922,29008,28775,29157,29126,28898,1489,1239,3291,1116,3058,2803,1151,1050,988,856,1305,2671,28894,28995,2147483647,64566,65359,109,2130,10334,3673,53552,0,3,3,1
rest in fist,13:11:10.029,29140,6732,2548,1305,984,1230,711,2069,1226,733,733,1836,2953,29285,29153,29091,29065,29192,1485,1230,3300,1129,2997,2724,1142,1076,1010,865,1239,2658,28973,29096,2147483647,64568,65368,108,2127,10333,3674,53551,0,3,3,1
rest in fist,13:11:10.125,29083,6745,2522,1265,1006,1252,760,2043,1221,716,755,1845,2917,28973,28872,29091,29170,28779,1472,1204,3273,1164,2961,2742,1138,1050,997,861,1283,2680,28959,29113,2147483647,64579,65367,84,2134,10327,3684,53550,0,3,3,1
rest in fist,13:11:10.219,29087,6670,2570,1309,997,1230,751,2021,1208,747,733,1863,2887,29047,28775,29206,29232,28977,1485,1239,3295,1142,3062,2772,1151,1076,979,865,1309,2693,28951,29162,2147483647,64600,65372,140,2153,10318,3675,53543,0,3,3,1
rest in fist,13:11:10.320,29083,6679,2548,1287,988,1243,716,2056,1208,747,729,1828,2931,29039,28749,29148,29131,28819,1485,1283,3291,1120,3036,2746,1146,1059,962,896,1291,2685,28863,29047,2147483647,64567,65364,119,2156,10308,3687,53538,0,3,3,1
rest in fist,13:11:10.431,29017,6767,2588,1296,1001,1248,707,2030,1226,716,733,1889,2909,29052,28933,29175,29236,28784,1494,1265,3269,1168,3093,2772,1142,1063,1010,878,1265,2583,29021,29104,2147483647,64553,65360,119,2158,10298,3701,53537,0,3,3,1
rest in fist,13:11:10.519,29087,6807,2588,1318,993,1252,720,2021,1243,729,725,1850,2953,29074,28731,29140,29184,28735,1467,1234,3304,1103,3084,2799,1168,1076,993,843,1291,2720,28990,29087,2147483647,64596,65359,86,2163,10292,3700,53527,0,3,3,1
rest in fist,13:11:10.619,29118,6763,2540,1287,1037,1230,782,2021,1182,720,733,1872,2917,29034,28850,29179,29219,28832,1463,1212,3278,1142,3106,2812,1182,1085,984,856,1291,2715,28933,29056,2147483647,64581,65406,124,2162,10288,3676,53517,0,3,3,1
rest in fist,13:11:10.720,29175,6802,2597,1291,988,1226,733,2061,1221,720,720,1850,2939,28946,28911,29118,29153,28806,1485,1182,3304,1116,3071,2786,1133,1076,984,865,1296,2720,28911,29148,2147483647,64600,65358,122,2147,10294,3656,53514,0,3,3,1
rest in fist,13:11:10.819,29118,6749,2610,1221,971,1243,694,2043,1208,747,716,1885,2900,29043,28784,29122,29135,28823,1485,1221,3291,1111,3146,2781,1146,1094,1001,874,1300,2750,28907,29074,2147483647,64595,65391,80,2145,10277,3664,53502,0,3,3,1
rest in fist,13:11:10.921,29140,6776,2654,1270,988,1217,725,2047,1212,773,707,1854,2931,28981,28959,29166,29250,28722,1480,1230,3331,1129,3146,2772,1155,1059,988,883,1265,2698,29025,29148,2147483647,64593,65389,69,2148,10287,3665,53510,0,3,3,1
rest in fist,13:11:11.020,29061,6741,2623,1256,1010,1234,733,2025,1186,751,707,1828,2904,28999,28792,29135,29069,28810,1476,1208,3300,1133,3120,2786,1133,1089,1028,865,1309,2667,28916,29061,2147483647,64607,65406,71,2155,10291,3662,53512,0,3,3,1
rest in fist,13:11:11.119,29144,6842,2583,1270,1010,1243,694,2039,1212,685,747,1850,2882,29065,29069,29201,29232,29069,1476,1226,3287,1125,3093,2781,1146,1041,993,843,1291,2632,29056,29184,2147483647,64569,65389,44,2156,10322,3662,53540,0,3,3,1
rest in fist,13:11:11.219,29118,6745,2597,1296,993,1252,733,2069,1212,729,755,1836,2926,29017,28981,29126,29153,28990,1489,1234,3273,1103,3106,2812,1173,1045,1001,856,1287,2663,28872,29109,2147483647,64600,65383,90,2155,10313,3630,53521,0,3,3,1
rest in fist,13:11:11.319,29069,6780,2553,1305,1001,1261,720,2030,1204,711,742,1876,2895,29061,29069,29175,29201,29008,1463,1204,3251,1138,3058,2812,1120,1089,1019,856,1300,2658,29008,29096,2147483647,64617,65406,99,2142,10283,3638,53500,0,3,3,1
rest in fist,13:11:11.419,29065,6780,2553,1278,1019,1274,747,2052,1204,733,777,1845,2874,29047,29078,29131,29210,29025,1494,1204,3317,1111,3181,2768,1164,1072,988,852,1309,2654,28990,29078,2147483647,64600,65406,102,2119,10304,3660,53521,0,3,3,1
rest in fist,13:11:11.519,29140,6714,2566,1261,1015,1212,773,2012,1186,716,720,1845,2887,29083,29043,29214,29166,29069,1485,1234,3295,1089,3194,2755,1195,1103,1001,852,1274,2693,29012,29175,2147483647,64582,65365,104,2131,10300,3682,53530,0,3,3,1
rest in fist,13:11:11.620,29052,6750,2531,1265,1015,1252,716,2069,1195,725,751,1836,2887,29030,28990,29052,29118,29017,1480,1212,3282,1098,3146,2794,1151,1076,1001,852,1278,2654,28951,29043,2147483647,64583,65368,106,2142,10312,3696,53543,0,3,3,1
rest in fist,13:11:11.720,29113,6776,2548,1309,1010,1226,738,2047,1182,685,760,1863,2891,29083,29047,29140,29109,29043,1502,1234,3309,1138,3128,2803,1142,1067,1023,900,1283,2689,28977,29096,2147483647,64582,65370,95,2139,10317,3693,53545,0,3,3,1
rest in fist,13:11:11.823,29025,6684,2588,1291,1019,1230,733,2030,1217,725,786,1863,2904,28916,28867,28986,29056,28872,1520,1221,3295,1142,3159,2830,1146,1116,997,834,1305,2671,29052,29087,2147483647,64558,65352,147,2145,10306,3688,53534,0,3,3,1
rest in fist,13:11:11.921,29047,6736,2557,1287,1010,1256,769,2030,1195,729,733,1845,2882,28959,29017,29017,29087,29034,1485,1239,3313,1116,3124,2768,1168,1059,997,874,1309,2636,28929,29087,2147483647,64575,65369,111,2144,10301,3688,53531,0,3,3,1
rest in fist,13:11:12.018,29140,6723,2579,1305,1015,1212,747,1981,1234,729,720,1854,2900,28872,28995,29113,29166,29008,1494,1230,3287,1107,3120,2786,1138,1059,993,856,1265,2601,28999,29078,2147483647,64593,65369,110,2141,10302,3690,53532,0,3,3,1
rest in fist,13:11:12.120,29074,6710,2575,1291,1019,1248,777,2065,1182,698,738,1836,2900,29003,28995,29012,29034,29074,1511,1243,3300,1129,3155,2821,1164,1120,1015,874,1309,2698,28924,29096,2147483647,64564,65372,111,2147,10310,3696,53542,0,3,3,1
rest in fist,13:11:12.219,29109,6745,2535,1318,1001,1217,733,2065,1204,720,777,1854,2891,28845,28973,28999,29030,28990,1485,1199,3300,1098,3111,2812,1151,1067,1028,856,1305,2711,29078,29135,2147483647,64605,65380,101,2145,10301,3694,53531,0,3,3,1
rest in fist,13:11:12.320,29206,6728,2540,1296,979,1239,738,2043,1204,716,738,1854,2869,28823,28995,28990,29012,29052,1538,1243,3300,1129,3111,2799,1129,1085,984,883,1252,2663,28968,29197,2147483647,64604,65356,113,2145,10304,3698,53535,0,3,3,1
rest in fist,13:11:12.420,29135,6745,2504,1283,984,1226,707,2047,1221,725,751,1845,2882,28894,29003,29069,28977,29034,1494,1212,3309,1151,3102,2786,1155,1076,953,856,1274,2685,28959,29083,2147483647,64571,65375,98,2146,10303,3697,53535,0,3,3,1
rest in fist,13:11:12.520,29122,6714,2535,1300,971,1226,725,2043,1204,716,764,1872,2838,28872,28951,29039,29025,28999,1494,1239,3300,1111,3186,2742,1168,1107,971,834,1261,2658,29061,29087,2147483647,64591,65360,124,2143,10296,3692,53526,0,3,3,1
rest in fist,13:11:12.619,29144,6714,2535,1305,1028,1261,711,2043,1164,711,751,1841,2895,28959,29074,29135,29087,29078,1485,1234,3309,1085,3124,2750,1146,1081,966,852,1309,2689,28937,29126,2147483647,64567,65360,127,2144,10293,3692,53525,0,3,3,1
rest in fist,13:11:12.720,29056,6714,2531,1322,993,1230,738,2034,1221,729,733,1814,2909,28823,29034,28929,29012,28981,1480,1195,3278,1138,3124,2750,1133,1037,1010,834,1296,2654,28898,29096,2147483647,64588,65373,83,2143,10290,3689,53520,0,3,3,1
rest in fist,13:11:12.819,29148,6741,2553,1278,988,1243,733,2043,1221,751,742,1867,2878,28946,29091,28964,28990,29047,1489,1186,3287,1107,3128,2755,1142,1085,988,821,1300,2702,29039,29157,2147483647,64583,65371,111,2153,10290,3692,53524,0,3,3,1
rest in fist,13:11:12.921,29087,6776,2553,1287,993,1230,716,2030,1208,733,760,1850,2935,28964,29017,28678,28845,29078,1520,1230,3335,1111,3115,2759,1138,1085,971,874,1274,2676,28973,29091,2147483647,64565,65379,111,2157,10285,3689,53521,0,3,3,1
rest in fist,13:11:13.020,29069,6728,2570,1300,1001,1226,716,1990,1217,747,764,1872,2922,28933,29003,28753,28814,29030,1502,1204,3300,1125,3089,2764,1168,1076,1006,839,1300,2641,29025,29100,2147483647,64600,65376,93,2157,10288,3690,53521,0,3,3,1
rest in fist,13:11:13.119,29109,6758,2526,1274,971,1256,716,2043,1208,703,733,1894,2917,28999,28929,28964,28850,28951,1494,1204,3379,1142,3106,2790,1129,1059,988,848,1270,2667,29074,29118,2147483647,64554,65378,115,2167,10286,3678,53518,0,3,3,1
rest in fist,13:11:13.219,29069,6701,2548,1265,975,1243,725,2069,1186,733,711,1845,2909,28955,29008,28788,28801,29061,1520,1208,3339,1129,3106,2772,1138,1085,1006,905,1274,2676,28920,29069,2147483647,64558,65379,95,2174,10263,3683,53502,0,3,3,1
rest in fist,13:11:13.319,29175,6710,2583,1270,988,1226,720,2056,1190,716,751,1823,2909,28907,28964,28779,28806,28999,1494,1226,3401,1129,3115,2812,1168,1059,1037,861,1261,2671,28968,29140,2147483647,64584,65393,99,2168,10273,3687,53511,0,3,3,1
rest in fist,13:11:13.419,29078,6741,2557,1274,984,1265,764,2034,1199,747,738,1854,2904,28924,28999,28792,28876,29039,1485,1243,3353,1111,3111,2794,1151,1085,1001,878,1283,2689,28889,29087,2147483647,64550,65373,95,2184,10279,3675,53515,0,3,3,1
rest in fist,13:11:13.520,29162,6776,2570,1274,1023,1230,720,2056,1212,707,720,1828,2926,28907,29030,28665,28639,28990,1476,1212,3348,1120,3071,2786,1138,1059,1041,865,1278,2641,29025,29109,2147483647,64584,65380,125,2169,10269,3682,53504,0,3,3,1
rest in fist,13:11:13.619,29188,6728,2526,1300,984,1239,751,2056,1195,707,707,1858,2895,28916,29012,28722,28836,29034,1494,1212,3313,1138,3102,2781,1133,1085,975,839,1265,2685,28911,29118,2147483647,64593,65363,123,2175,10253,3690,53494,0,3,3,1
rest in fist,13:11:13.720,29157,6701,2566,1278,1023,1243,703,2061,1252,729,733,1770,2913,28916,29003,28718,28775,28990,1476,1221,3335,1151,3102,2768,1142,1054,1001,843,1300,2693,29034,29104,2147483647,64547,65352,134,2186,10260,3694,53504,0,3,3,1
rest in fist,13:11:13.820,29140,6701,2566,1270,988,1256,751,2069,1252,703,769,1832,2865,28889,28977,28955,28801,28995,1498,1234,3317,1164,3102,2768,1155,1045,1006,817,1296,2671,28907,29096,2147483647,64576,65381,120,2165,10263,3700,53504,0,3,3,1
rest in fist,13:11:13.920,29184,6789,2575,1265,1006,1256,729,2025,1230,707,716,1828,2887,28902,29087,28981,28981,29047,1489,1204,3313,1160,3098,2750,1151,1045,1019,861,1265,2702,28973,29144,2147483647,64576,65357,102,2187,10250,3710,53501,0,3,3,1
rest in fist,13:11:14.020,29100,6732,2513,1252,1032,1239,742,2043,1186,720,694,1858,2856,28876,29003,28564,28643,28999,1494,1204,3322,1125,3106,2781,1133,1037,997,874,1274,2658,29017,29104,2147483647,64559,65393,103,2213,10244,3725,53506,0,3,3,1
rest in fist,13:11:14.119,29091,6732,2548,1287,984,1212,716,2065,1204,716,729,1819,2939,28951,29047,28964,28801,29043,1502,1182,3317,1120,3115,2777,1151,1059,1023,848,1270,2663,28946,29113,2147483647,64579,65382,123,2197,10239,3747,53506,0,3,3,1
rest in fist,13:11:14.229,29087,6754,2531,1256,984,1261,720,2025,1221,698,733,1854,2922,28999,29153,29148,29140,29122,1485,1221,3317,1151,3111,2755,1146,1050,1010,839,1283,2658,28661,29087,2147483647,64568,65376,136,2199,10247,3723,53506,0,3,3,1
rest in fist,13:11:14.330,29140,6662,2544,1287,1041,1212,711,2056,1190,742,742,1885,2891,29113,29201,29175,29192,29175,1489,1204,3326,1129,3133,2772,1116,1072,993,861,1278,2667,28850,29104,2147483647,64547,65353,113,2221,10243,3722,53506,0,3,3,1
rest in fist,13:11:14.419,29144,6776,2544,1291,1032,1256,751,2047,1195,738,733,1845,2891,28806,29017,28696,28841,29043,1472,1239,3335,1116,3137,2764,1160,1050,993,839,1305,2680,28990,29131,2147483647,64581,65364,94,2219,10236,3724,53500,0,3,3,1
rest in fist,13:11:14.521,29109,6710,2513,1265,975,1278,747,2030,1199,694,720,1876,2825,29065,29034,28929,28828,28999,1498,1243,3366,1133,3080,2750,1120,1050,1028,861,1291,2676,28973,29091,2147483647,64576,65378,107,2222,10239,3709,53498,0,3,3,1
rest in fist,13:11:14.627,29135,6736,2544,1256,1023,1239,725,2069,1212,733,738,1832,2904,29069,29118,29047,29148,29219,1485,1243,3304,1155,3102,2803,1173,1076,993,892,1322,2698,28744,29083,2147483647,64589,65379,95,2227,10237,3698,53494,0,3,3,1
rest in fist,13:11:14.720,29083,6728,2535,1278,1019,1270,729,2021,1230,707,733,1828,2913,28964,29052,28990,28832,29087,1480,1195,3291,1125,3106,2746,1138,1059,984,826,1283,2649,28907,29061,2147483647,64571,65387,114,2227,10243,3697,53499,0,3,3,1
rest in fist,13:11:14.820,29104,6714,2540,1265,1089,1239,742,2047,1190,791,751,1832,2913,28876,28981,28797,28973,29052,1467,1177,3295,1151,3106,2755,1138,1107,1006,839,1283,2663,28946,29113,2147483647,64606,65385,111,2232,10227,3696,53486,0,3,3,1
fist to ring,13:11:14.920,29201,6675,2513,1309,979,1278,720,1977,1204,742,716,1867,2865,29012,29008,28744,28740,29043,1467,1199,3291,1155,3084,2790,1155,1059,993,848,1256,2671,28981,29113,2147483647,64600,65375,122,2239,10222,3692,53482,0,3,3,1
fist to ring,13:11:15.019,29157,6710,2518,1274,975,1274,720,2021,1212,738,747,1841,2988,28850,29043,28845,28841,29008,1494,1182,3322,1155,3102,2733,1142,1045,997,830,1300,2676,28959,29109,2147483647,64591,65374,126,2251,10225,3700,53489,0,3,3,1
fist to ring,13:11:15.119,29100,6714,2518,1274,1001,1248,711,2017,1190,694,733,1832,2939,28885,29056,28718,28727,29039,1542,1217,3317,1142,3137,2786,1133,1059,997,861,1265,2671,28959,29166,2147483647,64604,65375,153,2244,10215,3706,53481,0,3,3,1
fist to ring,13:11:15.220,29126,6706,2522,1305,993,1248,751,2025,1265,725,742,1832,2935,29034,29065,28775,28762,29056,1463,1221,3309,1107,3106,2794,1146,1094,1001,826,1318,2663,29083,29144,2147483647,64587,65351,156,2244,10225,3703,53489,0,3,3,1
fist to ring,13:11:15.320,28999,6657,2518,1252,1010,1256,742,1999,1199,733,711,1872,2882,28907,28942,28951,28876,28973,1467,1204,3265,1146,3111,2755,1129,1081,1001,848,1256,2667,28964,29008,2147483647,64568,65347,144,2246,10227,3698,53489,0,3,3,1
fist to ring,13:11:15.420,29034,6706,2526,1278,979,1261,729,1968,1195,747,755,1841,2966,28964,29069,28836,28828,29061,1494,1204,3287,1111,3106,2768,1164,1067,1059,878,1283,2623,28964,28999,2147483647,64571,65366,110,2242,10249,3696,53506,0,3,3,1
fist to ring,13:11:15.526,29003,6732,2456,1278,988,1239,725,2003,1212,703,694,1814,2926,28858,29008,28762,28770,29003,1489,1212,3269,1125,3071,2772,1125,1081,1028,865,1274,2654,28916,28995,2147483647,64553,65363,97,2239,10255,3686,53508,0,3,3,1
fist to ring,13:11:15.619,29052,6684,2500,1256,975,1256,720,2012,1226,747,755,1850,2909,28951,29025,28924,28973,29065,1533,1256,3331,1146,3054,2764,1142,1067,988,887,1261,2649,28981,29021,2147483647,64562,65373,117,2230,10239,3687,53494,0,3,3,1
fist to ring,13:11:15.720,29003,6662,2535,1327,1010,1212,716,2039,1208,729,729,1828,2944,28924,28951,28753,28770,29008,1502,1212,3313,1146,3146,2750,1146,1094,1023,856,1256,2689,28920,28986,2147483647,64576,65381,118,2230,10247,3692,53502,0,3,3,1
fist to ring,13:11:15.820,29003,6706,2487,1265,979,1261,694,1999,1212,747,738,1801,2913,28955,29061,29021,28858,29069,1502,1212,3317,1146,3089,2755,1125,1054,958,839,1296,2667,28968,28964,2147483647,64577,65384,107,2232,10234,3697,53492,0,3,3,1
fist to ring,13:11:15.921,28955,6692,2509,1274,975,1226,698,1990,1199,711,729,1867,2909,29012,28968,28779,28872,29003,1494,1256,3300,1120,3084,2772,1138,1037,1001,856,1261,2658,29043,28946,2147483647,64562,65375,139,2236,10223,3699,53485,0,3,3,1
fist to ring,13:11:16.040,28889,6714,2531,1243,1028,1221,729,1990,1199,725,733,1863,2953,28814,29285,29210,29214,29254,1480,1239,3199,1146,3102,2777,1173,1063,1006,808,1305,2645,29131,29003,2147483647,64564,65373,131,2231,10201,3707,53467,0,3,3,1
fist to ring,13:11:16.120,29157,6732,2518,1274,1006,1230,720,2039,1204,733,742,1810,2944,28973,28995,28784,28766,28999,1502,1234,3361,1186,3084,2794,1142,1067,1041,865,1234,2676,29008,29078,2147483647,64573,65367,109,2227,10196,3710,53463,0,3,3,1
fist to ring,13:11:16.220,28907,6701,2548,1309,993,1234,716,1968,1234,703,755,1850,2922,28942,29017,28828,28999,29074,1489,1195,3295,1129,3062,2794,1138,1059,984,874,1283,2663,28942,28854,2147483647,64580,65360,144,2226,10153,3691,53421,0,3,3,1
fist to ring,13:11:16.320,29021,6723,2540,1283,975,1270,729,1937,1212,729,738,1841,2935,28885,28986,28757,28819,29021,1520,1243,3313,1164,3093,2786,1164,1063,1023,834,1309,2636,28929,29003,2147483647,64587,65389,138,2229,10113,3668,53381,0,3,3,1
fist to ring,13:11:16.420,28924,6732,2583,1270,1006,1230,711,2030,1221,720,755,1850,2931,28907,28968,28920,28718,28990,1546,1226,3256,1120,3089,2768,1160,1063,997,848,1287,2658,28889,28986,2147483647,64589,65337,150,2233,10091,3663,53362,0,3,3,1
fist to ring,13:11:16.530,29144,6697,2544,1278,1019,1239,725,1981,1226,764,755,1832,2948,28964,29109,29162,29197,29109,1485,1226,3357,1146,3089,2786,1133,1085,975,852,1283,2667,28946,29109,2147483647,64623,65346,187,2234,10073,3657,53346,0,3,3,1
fist to ring,13:11:16.620,28990,6750,2588,1270,997,1248,738,1968,1208,742,738,1836,2944,28876,28955,28718,28696,28946,1485,1230,3370,1125,3089,2750,1168,1081,975,865,1283,2663,28911,28977,2147483647,64562,65373,115,2236,10093,3639,53357,0,3,3,1
fist to ring,13:11:16.730,28806,6758,2575,1270,988,1208,725,1942,1256,676,729,1867,2970,29153,29333,29197,29162,29276,1467,1270,3335,1120,3124,2786,1164,1081,1010,852,1287,2667,28981,28990,2147483647,64598,65373,120,2246,10058,3621,53325,0,3,3,1
fist to ring,13:11:16.820,28990,6807,2619,1300,997,1248,711,1942,1252,755,760,1845,2953,28876,28990,28854,28841,29030,1494,1212,3295,1151,3177,2799,1133,1037,1001,865,1313,2671,28920,29012,2147483647,64566,65380,125,2250,10076,3625,53341,0,3,3,1
fist to ring,13:11:16.921,29043,6763,2610,1283,966,1195,742,1933,1248,725,751,1850,2966,28929,29087,29074,29083,29083,1511,1208,3379,1133,3142,2764,1190,1054,1015,848,1291,2654,29043,29061,2147483647,64569,65381,124,2251,10083,3615,53344,0,3,3,1
fist to ring,13:11:17.022,29056,6728,2557,1287,993,1265,711,1924,1230,707,764,1814,2953,28916,28894,29034,28968,28845,1524,1252,3331,1138,3177,2838,1168,1037,993,852,1300,2693,29148,29100,2147483647,64581,65381,158,2252,10088,3611,53347,0,3,3,1
fist to ring,13:11:17.120,29008,6719,2566,1296,966,1226,707,1889,1252,707,725,1828,2970,28933,29083,29100,29118,29074,1458,1234,3309,1155,3098,2790,1186,1063,984,843,1270,2663,28981,29034,2147483647,64565,65346,186,2265,10091,3616,53354,0,3,3,1
fist to ring,13:11:17.220,29043,6780,2592,1313,993,1230,742,1964,1239,729,720,1872,2992,28924,28964,28973,28951,29003,1507,1217,3313,1160,3089,2781,1164,1054,988,861,1274,2711,28933,28973,2147483647,64605,65344,181,2264,10080,3620,53345,0,3,3,1
fist to ring,13:11:17.320,28999,6741,2570,1252,984,1217,773,1942,1252,725,760,1836,2988,28933,29012,29017,29061,29043,1533,1217,3295,1107,3106,2821,1120,1054,988,839,1283,2667,28968,29047,2147483647,64573,65357,154,2258,10085,3618,53348,0,3,3,1
fist to ring,13:11:17.419,29069,6710,2557,1256,1006,1252,725,1889,1256,755,755,1836,2939,28894,29021,28977,29025,28999,1498,1252,3326,1133,3045,2812,1138,1076,1072,830,1239,2671,28955,29017,2147483647,64580,65394,94,2264,10068,3621,53336,0,3,3,1
fist to ring,13:11:17.521,28973,6763,2562,1270,1015,1208,725,1894,1252,738,742,1823,2926,28916,29056,29056,29078,29030,1458,1217,3282,1133,3093,2755,1142,1054,993,839,1291,2663,28946,28986,2147483647,64591,65380,101,2268,10068,3630,53340,0,3,3,1
fist to ring,13:11:17.619,29017,6807,2627,1296,979,1195,751,1889,1256,733,738,1810,2983,28832,28999,28951,28973,29008,1476,1234,3348,1138,3089,2812,1151,1054,993,826,1283,2689,28968,29017,2147483647,64604,65399,138,2263,10083,3614,53346,0,3,3,1
fist to ring,13:11:17.720,28999,6754,2605,1265,979,1252,733,1920,1243,703,764,1850,2975,28920,28867,28955,29017,28929,1511,1212,3344,1138,3164,2790,1182,1072,962,795,1274,2698,29052,29012,2147483647,64624,65371,197,2251,10080,3614,53341,0,3,3,1
fist to ring,13:11:17.820,29017,6785,2566,1278,979,1230,729,1907,1283,707,742,1867,2939,28916,28841,28990,29008,28894,1511,1239,3265,1116,3102,2781,1151,1054,1032,856,1270,2671,29148,29021,2147483647,64636,65366,173,2249,10081,3623,53345,0,3,3,1
fist to ring,13:11:17.921,28995,6741,2588,1322,975,1243,716,1885,1243,725,729,1863,2926,28819,28889,29003,29008,28911,1507,1204,3295,1125,3115,2825,1129,1072,1023,870,1278,2680,29078,29047,2147483647,64555,65349,173,2235,10095,3632,53357,0,3,3,1
fist to ring,13:11:18.021,29052,6728,2562,1283,1006,1226,733,1876,1274,738,738,1823,2979,28920,28889,29021,29047,28854,1476,1239,3282,1155,3124,2821,1129,1010,1015,865,1278,2702,29104,28999,2147483647,64539,65360,114,2227,10123,3642,53382,0,3,3,1
fist to ring,13:11:18.119,28981,6723,2496,1234,993,1199,716,1880,1291,716,777,1823,2935,28845,28841,29043,28999,28889,1516,1204,3295,1103,3181,2799,1186,1081,975,791,1287,2693,29096,29012,2147483647,64596,65369,113,2216,10104,3633,53360,0,3,3,1
fist to ring,13:11:18.220,29096,6662,2482,1287,1015,1226,742,1867,1234,733,751,1850,2948,28889,28942,29078,29074,28929,1498,1199,3309,1103,3150,2821,1190,1041,993,821,1305,2715,29104,29025,2147483647,64543,65382,139,2187,10146,3632,53390,0,3,3,1
fist to ring,13:11:18.320,29039,6648,2487,1313,1010,1248,751,1867,1212,698,751,1902,2909,28902,28916,28968,28999,28902,1520,1204,3295,1098,3190,2799,1120,1059,966,843,1305,2720,29034,28990,2147483647,64574,65377,163,2180,10135,3635,53381,0,3,3,1
fist to ring,13:11:18.420,28986,6626,2452,1261,984,1217,755,1894,1204,703,747,1819,2953,28946,28911,29012,29034,28951,1511,1230,3256,1089,3142,2830,1089,1050,988,848,1243,2707,28990,28986,2147483647,64532,65339,136,2200,10134,3653,53389,0,3,3,1
fist to ring,13:11:18.530,28669,6754,2421,1278,953,1248,742,1898,1243,725,777,1850,2957,29157,29008,29197,29162,28995,1480,1217,3331,1081,3177,2808,1151,1085,1006,848,1265,2689,28885,28722,2147483647,64591,65334,161,2182,10149,3702,53413,0,3,3,1
fist to ring,13:11:18.633,29104,6626,2456,1318,966,1234,689,1863,1226,738,733,1845,2948,29030,29157,29140,29170,29175,1498,1230,3326,1146,3159,2812,1120,1028,993,843,1318,2702,28639,29166,2147483647,64585,65342,119,2188,10143,3720,53415,0,3,3,1
fist to ring,13:11:18.720,28990,6613,2443,1248,988,1265,742,1916,1226,694,716,1823,2931,28920,28911,28955,28968,28894,1480,1217,3287,1116,3120,2786,1146,1059,988,848,1248,2698,28968,29025,2147483647,64572,65352,147,2190,10129,3724,53404,0,3,3,1
fist to ring,13:11:18.820,29100,6626,2434,1296,988,1243,729,1898,1199,716,742,1819,2926,29148,28933,29091,29047,29012,1502,1190,3287,1107,3093,2790,1125,1085,988,834,1287,2663,29175,29104,2147483647,64596,65339,153,2186,10126,3734,53404,0,3,3,1
fist to ring,13:11:18.936,28880,6640,2447,1261,1001,1248,716,1876,1239,698,711,1863,2953,28964,28907,28990,28977,28876,1454,1208,3278,1111,3106,2777,1173,1059,984,856,1278,2693,29285,28959,2147483647,64585,65360,161,2197,10125,3723,53402,0,3,3,1
fist to ring,13:11:19.027,29109,6644,2469,1309,962,1239,742,1902,1234,751,720,1841,2909,29074,28986,29003,29052,29056,1524,1265,3313,1138,3084,2803,1138,1045,1006,839,1274,2676,29131,29056,2147483647,64583,65377,169,2205,10114,3725,53395,0,3,3,1
fist to ring,13:11:19.119,29025,6635,2421,1287,984,1195,747,1894,1239,747,685,1836,2948,28937,28863,29047,28981,28907,1494,1256,3291,1129,3102,2838,1177,1098,962,861,1283,2689,29047,29008,2147483647,64582,65346,148,2213,10120,3732,53403,0,3,3,1
fist to ring,13:11:19.220,29017,6622,2478,1252,975,1239,716,1894,1221,703,733,1902,2931,28946,28894,28995,29017,28876,1511,1234,3295,1116,3045,2852,1111,1050,1010,856,1278,2702,28990,28968,2147483647,64556,65355,128,2218,10133,3731,53415,0,3,3,1
fist to ring,13:11:19.321,29043,6626,2456,1239,1001,1226,725,1876,1221,725,729,1854,2909,28872,28929,29003,29047,28832,1516,1217,3273,1120,3076,2838,1182,1067,1023,834,1261,2663,29109,28986,2147483647,64591,65389,94,2212,10145,3726,53423,0,3,3,1
fist to ring,13:11:19.421,28995,6591,2430,1270,979,1261,738,1924,1252,698,760,1845,2860,28872,28841,29017,28986,28902,1485,1226,3238,1155,3054,2860,1160,1072,1015,843,1265,2720,29192,28955,2147483647,64610,65382,133,2205,10129,3722,53406,0,3,3,1
fist to ring,13:11:19.604,29162,6613,2403,1283,1010,1234,729,1885,1230,725,716,1819,2891,28942,29039,29065,29043,29083,1480,1221,3229,1103,3041,2860,1160,1072,1028,826,1313,2707,29162,29179,2147483647,64611,65359,166,2204,10113,3740,53399,0,3,3,1
fist to ring,13:11:19.704,28973,6653,2403,1278,997,1212,720,1832,1239,729,698,1858,2913,28889,28885,29021,28986,28894,1498,1226,3247,1146,3041,2874,1151,1081,975,883,1265,2698,29118,28968,2147483647,64553,65360,126,2200,10126,3739,53408,0,3,3,1
fist to ring,13:11:19.804,29047,6609,2403,1243,1015,1226,764,1867,1204,725,747,1845,2926,28929,28981,29043,29061,28973,1463,1230,3208,1111,3058,2874,1138,1037,1001,830,1270,2707,29078,29017,2147483647,64569,65339,102,2197,10120,3741,53403,0,3,3,1
fist to ring,13:11:19.904,28955,6604,2438,1305,1023,1226,738,1894,1195,694,773,1867,2913,29003,28973,29003,29021,28876,1524,1226,3238,1111,2992,2878,1138,1072,979,874,1278,2693,28999,28937,2147483647,64556,65384,72,2186,10130,3743,53410,0,3,3,1
fist to ring,13:11:20.004,28942,6556,2421,1283,1015,1239,711,1902,1252,738,751,1867,2904,29170,28920,29008,29052,28955,1476,1243,3256,1142,3032,2856,1142,1063,1006,878,1287,2733,29056,28955,2147483647,64643,65377,114,2192,10114,3757,53402,0,3,3,1
rest in ring,13:11:20.104,29030,6618,2403,1270,966,1230,742,1814,1226,729,725,1854,2926,29052,28867,28977,28995,28902,1476,1239,3251,1129,2966,2909,1164,1076,1010,878,1278,2680,29078,28959,2147483647,64607,65361,134,2187,10110,3766,53401,0,3,3,1
rest in ring,13:11:20.204,28946,6591,2403,1283,966,1212,733,1894,1274,738,751,1810,2895,29206,28920,29025,29078,28977,1480,1208,3238,1107,3010,2847,1120,1067,984,870,1287,2676,29113,28964,2147483647,64603,65348,151,2182,10107,3777,53401,0,3,3,1
rest in ring,13:11:20.304,29113,6591,2364,1256,993,1221,729,1832,1300,747,733,1836,2913,29131,28872,28999,29017,28885,1485,1234,3247,1160,3027,2852,1142,1085,1006,830,1300,2707,29232,29109,2147483647,64601,65347,156,2181,10104,3783,53401,0,3,3,1
rest in ring,13:11:20.404,28977,6618,2408,1283,962,1239,751,1889,1239,729,747,1845,2874,29210,28894,28995,29069,28968,1507,1278,3243,1129,3036,2830,1199,1072,1041,830,1274,2750,29148,28955,2147483647,64555,65366,113,2189,10097,3793,53399,0,3,3,1
rest in ring,13:11:20.420,29047,6587,2373,1252,993,1204,716,1889,1256,725,769,1828,2882,29017,28924,29043,29039,28867,1502,1230,3309,1129,2992,2869,1190,1085,962,839,1274,2698,29122,29052,2147483647,64589,65372,128,2188,10096,3795,53399,0,3,3,1
rest in ring,13:11:20.604,29126,6565,2359,1278,988,1239,755,1858,1248,703,751,1854,2900,29061,29003,28986,29017,28977,1502,1230,3238,1133,2988,2860,1195,1041,1050,865,1256,2715,29131,29069,2147483647,64624,65355,150,2184,10095,3793,53397,0,3,3,1
rest in ring,13:11:20.619,29021,6569,2416,1287,975,1234,764,1872,1270,703,733,1854,2882,29206,28986,29074,29056,28911,1498,1177,3269,1116,2953,2869,1116,1059,993,848,1300,2707,29192,29017,2147483647,64568,65365,155,2203,10094,3789,53398,0,3,3,1
rest in ring,13:11:20.804,28951,6600,2399,1248,1019,1217,707,1885,1195,711,733,1885,2909,29118,28854,29012,29025,28902,1502,1186,3287,1098,3036,2882,1168,1019,997,826,1234,2698,29210,28955,2147483647,64572,65328,153,2213,10090,3796,53398,0,3,3,1
rest in ring,13:11:20.825,28942,6609,2368,1322,979,1243,716,1854,1248,725,755,1867,2887,29179,28946,29039,29078,28937,1454,1208,3265,1138,3036,2874,1133,1067,1019,870,1274,2649,29355,28955,2147483647,64568,65348,157,2212,10092,3800,53401,0,3,3,1
rest in ring,13:11:21.004,28973,6600,2399,1291,997,1243,720,1854,1252,738,698,1836,2887,29131,28907,29003,28973,28902,1489,1226,3269,1160,3014,2847,1151,1032,1028,870,1283,2689,29179,28911,2147483647,64566,65354,114,2229,10088,3810,53404,0,3,3,1
rest in ring,13:11:21.104,29061,6604,2368,1278,962,1230,747,1863,1239,742,755,1867,2878,29223,28986,29140,29069,28937,1458,1195,3265,1116,2983,2882,1146,1089,984,861,1270,2689,29219,29017,2147483647,64589,65385,142,2237,10083,3819,53404,0,3,3,1
rest in ring,13:11:21.205,28977,6591,2373,1274,984,1199,751,1845,1243,751,720,1863,2917,29170,28911,29030,29052,28916,1494,1243,3291,1155,3058,2895,1155,1081,1001,843,1270,2680,29179,28959,2147483647,64589,65355,140,2241,10098,3823,53419,0,3,3,1
rest in ring,13:11:21.304,29047,6618,2399,1270,971,1265,733,1920,1252,738,725,1823,2891,29157,28735,28937,28999,28713,1476,1212,3260,1146,3032,2913,1116,1081,988,861,1296,2685,28981,29109,2147483647,64578,65382,116,2248,10105,3818,53424,0,3,3,1
rest in ring,13:11:21.405,28990,6578,2377,1265,1023,1212,720,1867,1243,711,742,1858,2869,29148,28898,28924,29043,28968,1463,1217,3247,1142,3062,2891,1182,1037,997,856,1318,2698,29184,28964,2147483647,64580,65379,118,2268,10098,3813,53420,0,3,3,1
rest in ring,13:11:21.515,28973,6552,2364,1270,993,1234,742,1872,1243,747,742,1845,2821,29206,28929,29052,29069,28924,1516,1217,3282,1129,3005,2891,1142,1059,1001,839,1283,2707,29109,28929,2147483647,64563,65388,137,2274,10089,3807,53413,0,3,3,1
rest in ring,13:11:21.604,28986,6587,2307,1278,1032,1204,703,1894,1274,738,733,1823,2909,29135,29021,29074,29096,29017,1494,1226,3234,1094,3045,2878,1142,1032,1010,865,1274,2698,28819,28968,2147483647,64598,65355,162,2265,10112,3815,53432,0,3,3,1
rest in ring,13:11:21.704,29021,6609,2399,1261,962,1190,729,1889,1261,707,733,1872,2869,29214,28946,29030,29109,28951,1507,1212,3229,1129,3014,2878,1186,1076,1015,839,1270,2685,29118,28924,2147483647,64563,65362,135,2266,10114,3828,53439,0,3,3,1
rest in ring,13:11:21.804,29003,6530,2381,1283,944,1146,711,1863,1283,703,716,1823,2909,29140,28885,29003,29034,28876,1472,1234,3234,1146,3032,2843,1142,1041,971,834,1309,2676,29148,29008,2147483647,64540,65373,103,2269,10126,3833,53450,0,3,3,1
rest in ring,13:11:21.904,28977,6600,2403,1274,1001,1208,733,1819,1256,707,698,1863,2794,29162,28889,28977,28990,28911,1476,1212,3216,1103,3019,2900,1146,1076,975,799,1278,2685,29087,28968,2147483647,64583,65354,64,2256,10143,3834,53462,0,3,3,1
rest in ring,13:11:22.004,29043,6583,2333,1318,1028,1217,751,1876,1234,733,742,1872,2865,29126,28832,29008,29047,28907,1494,1217,3269,1103,3058,2953,1155,1045,1032,834,1287,2711,29056,28995,2147483647,64590,65376,110,2254,10140,3832,53459,0,3,3,1
rest in ring,13:11:22.105,28973,6591,2359,1309,1032,1212,725,1845,1248,747,738,1933,2882,29118,28907,29021,29025,28907,1480,1265,3282,1103,3049,2869,1138,1050,1006,839,1270,2698,29069,29021,2147483647,64588,65381,114,2254,10157,3833,53473,0,3,3,1
rest in ring,13:11:22.119,29012,6521,2381,1287,988,1212,747,1880,1248,716,716,1819,2909,29188,28951,29061,29021,28894,1476,1226,3256,1120,3005,2852,1168,1028,997,848,1305,2715,29078,29030,2147483647,64606,65351,153,2241,10149,3835,53466,0,3,3,1
rest in ring,13:11:22.304,28981,6613,2368,1265,1001,1230,760,1907,1252,703,733,1850,2865,29184,28880,29017,29021,28907,1485,1252,3269,1120,3032,2852,1138,1081,1037,852,1252,2693,29083,28995,2147483647,64595,65358,174,2237,10154,3815,53462,0,3,3,1
rest in ring,13:11:22.404,29017,6578,2351,1287,1001,1248,747,1894,1256,716,755,1850,2900,29184,28916,29109,29047,28845,1494,1226,3251,1116,3067,2865,1125,1072,1001,834,1278,2689,29100,28964,2147483647,64554,65327,157,2239,10154,3823,53465,0,3,3,1
rest in ring,13:11:22.505,28986,6547,2346,1283,988,1256,733,1863,1248,733,747,1850,2878,29131,28876,29061,28986,28894,1494,1234,3247,1125,2997,2900,1168,1059,997,892,1296,2720,29034,28990,2147483647,64594,65367,141,2236,10137,3839,53456,0,3,3,1
rest in ring,13:11:22.605,28999,6552,2390,1252,1010,1212,703,1867,1234,716,711,1845,2878,29228,28951,28885,28959,28977,1507,1221,3304,1177,2983,2878,1190,1085,1041,870,1300,2663,29083,29017,2147483647,64575,65365,130,2240,10134,3835,53452,0,3,3,1
rest in ring,13:11:22.705,28973,6525,2342,1313,1001,1208,729,1863,1226,733,738,1828,2913,29166,28933,28990,29030,28924,1516,1212,3260,1138,2970,2882,1173,1067,1015,874,1270,2715,29012,28959,2147483647,64600,65367,126,2238,10131,3835,53449,0,3,3,1
rest in ring,13:11:22.815,28964,6604,2263,1256,1001,1270,733,1885,1243,742,742,1841,2821,29214,28955,29021,29148,28929,1507,1256,3282,1120,3001,2891,1151,1063,962,817,1296,2698,29087,28946,2147483647,64598,65344,183,2232,10115,3844,53438,0,3,3,1
rest in ring,13:11:22.904,28942,6534,2302,1296,966,1217,720,1854,1239,725,742,1880,2856,29188,28959,29135,29175,29100,1511,1204,3269,1138,2979,2882,1125,1059,1019,878,1261,2680,28691,28898,2147483647,64581,65327,183,2235,10118,3842,53440,0,3,3,1
rest in ring,13:11:23.005,29017,6539,2302,1265,1006,1212,716,1845,1252,747,751,1850,2887,29210,29056,29043,29091,29052,1480,1208,3216,1129,2988,2847,1146,1054,1028,848,1309,2676,29144,28999,2147483647,64546,65326,140,2245,10119,3829,53439,0,3,3,1
rest in ring,13:11:23.020,29144,6565,2333,1256,1010,1226,703,1850,1212,703,747,1850,2843,29104,28955,29021,29030,28986,1485,1230,3221,1103,3014,2860,1146,1028,988,848,1239,2649,29043,29148,2147483647,64571,65371,80,2243,10112,3825,53432,0,3,3,1
rest in ring,13:11:23.204,29017,6525,2293,1291,953,1212,729,1872,1243,698,698,1810,2777,29162,28889,29008,29052,28942,1476,1208,3221,1133,3058,2860,1111,1063,979,843,1270,2676,29012,28937,2147483647,64616,65384,101,2243,10112,3835,53435,0,3,3,1
rest in ring,13:11:23.305,28942,6455,2315,1291,953,1230,707,1867,1265,742,703,1850,2830,29144,28854,29034,29017,28885,1533,1217,3269,1146,2979,2865,1133,1067,1028,892,1291,2680,29206,29025,2147483647,64611,65340,132,2251,10092,3852,53425,0,3,3,1
rest in ring,13:11:23.404,29030,6486,2324,1239,984,1226,755,1845,1252,733,777,1850,2812,29100,28885,28999,29034,28898,1489,1221,3243,1138,2917,2926,1138,1094,997,856,1278,2680,28990,28973,2147483647,64582,65360,141,2267,10075,3877,53421,0,3,3,1
rest in ring,13:11:23.505,29052,6446,2311,1305,975,1234,707,1863,1212,738,716,1806,2794,29166,28863,29030,29047,28850,1463,1212,3199,1116,2979,2869,1195,1050,1015,883,1313,2663,29061,29043,2147483647,64566,65337,156,2258,10073,3887,53422,0,3,3,1
rest in ring,13:11:23.519,28964,6534,2311,1252,1006,1212,742,1867,1234,720,733,1823,2830,29122,28902,29017,28964,28841,1480,1243,3194,1138,2961,2821,1142,1059,1006,799,1287,2680,29039,28959,2147483647,64569,65332,179,2253,10063,3870,53407,0,3,3,1
rest in ring,13:11:23.705,29056,6512,2311,1287,988,1226,720,1845,1230,711,725,1823,2838,29122,28929,29047,29021,28946,1472,1199,3221,1151,2900,2860,1138,1050,1006,830,1274,2685,29061,28999,2147483647,64549,65318,152,2259,10060,3858,53402,0,3,3,1
rest in ring,13:11:23.722,28959,6499,2320,1305,1010,1230,733,1858,1204,698,738,1806,2812,29104,28885,28986,28959,28880,1494,1234,3186,1146,2904,2834,1138,1089,971,878,1291,2720,29034,28973,2147483647,64538,65328,107,2260,10083,3878,53427,0,3,3,1
rest in ring,13:11:23.819,29047,6464,2293,1296,988,1234,742,1841,1217,685,729,1819,2838,29179,28929,29012,29021,28924,1485,1230,3194,1111,2961,2847,1177,1076,993,812,1287,2689,29061,29039,2147483647,64538,65342,101,2280,10085,3883,53434,0,3,3,1
rest in ring,13:11:23.921,29104,6530,2320,1243,1015,1212,725,1854,1248,707,729,1858,2869,29113,28740,28907,28933,28718,1502,1243,3216,1103,2900,2852,1107,1059,1028,865,1283,2698,29003,29087,2147483647,64590,65346,129,2282,10096,3886,53445,0,3,3,1
rest in ring,13:11:24.105,29003,6547,2381,1318,997,1230,733,1845,1239,733,742,1872,2830,29206,28973,29056,29065,28951,1458,1252,3247,1155,2966,2821,1190,1041,975,878,1252,2698,29140,28968,2147483647,64585,65363,108,2275,10109,3882,53453,0,3,3,1
rest in ring,13:11:24.204,28973,6459,2307,1296,988,1212,698,1872,1252,751,716,1872,2799,29170,28929,29017,29052,28968,1498,1252,3269,1133,2970,2838,1164,1067,1010,874,1256,2729,29003,28929,2147483647,64588,65354,119,2260,10112,3885,53453,0,3,3,1
rest in ring,13:11:24.305,28981,6499,2320,1256,984,1230,738,1836,1287,685,725,1832,2812,29250,28924,29012,29030,28942,1524,1221,3238,1155,2944,2865,1164,1089,988,870,1274,2724,29083,29003,2147483647,64583,65328,131,2250,10118,3892,53459,0,3,3,1
rest in ring,13:11:24.404,29170,6539,2285,1291,1001,1199,725,1876,1296,711,747,1863,2803,29140,28916,29025,29039,28933,1507,1217,3208,1146,2874,2825,1142,1045,975,830,1270,2685,29025,29100,2147483647,64567,65345,105,2243,10124,3898,53465,0,3,3,1
rest in ring,13:11:24.504,29074,6534,2280,1270,962,1243,685,1854,1248,751,769,1841,2794,29197,28951,28916,29008,28955,1507,1252,3243,1146,2970,2834,1160,1059,1006,834,1327,2733,29008,29074,2147483647,64589,65362,113,2231,10129,3884,53462,0,3,3,1
rest in ring,13:11:24.604,29135,6512,2346,1274,1015,1230,720,1792,1212,703,742,1828,2838,29135,28770,28898,28959,28762,1472,1243,3234,1116,2944,2856,1138,1059,1001,848,1291,2707,29034,29131,2147483647,64547,65379,68,2232,10141,3882,53472,0,3,3,1
rest in ring,13:11:24.704,29109,6473,2263,1270,1001,1186,764,1867,1208,698,742,1806,2882,29122,28894,28889,28885,28880,1529,1234,3243,1129,2979,2882,1173,1037,1010,843,1274,2689,29039,29100,2147483647,64587,65369,89,2238,10139,3878,53470,0,3,3,1
rest in ring,13:11:24.804,29135,6481,2324,1287,988,1230,720,1841,1261,747,698,1836,2816,29091,28946,28955,28951,28889,1507,1199,3265,1151,3036,2869,1208,1032,1023,848,1296,2685,29100,29109,2147483647,64610,65374,108,2244,10141,3868,53470,0,3,3,1
rest in ring,13:11:24.904,29069,6512,2254,1283,993,1186,742,1841,1270,681,738,1788,2834,29135,28850,28889,28924,28858,1450,1243,3238,1133,2997,2834,1138,1085,1041,852,1309,2676,29056,29100,2147483647,64628,65369,122,2239,10129,3863,53457,0,3,3,1
rest in ring,13:11:25.004,29280,6486,2302,1300,1041,1204,707,1850,1243,711,733,1845,2825,29166,29025,28933,28916,29056,1516,1221,3225,1129,3023,2882,1151,1032,993,865,1318,2693,29096,29285,2147483647,64576,65372,120,2243,10129,3860,53457,0,3,3,1
ring to fist,13:11:25.104,29223,6495,2232,1274,975,1230,698,1828,1226,733,773,1779,2803,29113,28968,28836,28836,29012,1507,1226,3269,1089,2997,2860,1173,1076,962,852,1256,2715,29100,29162,2147483647,64578,65351,132,2249,10118,3855,53447,0,3,3,1
ring to fist,13:11:25.205,29166,6473,2263,1256,984,1221,738,1841,1261,725,751,1845,2816,29188,29056,28907,28968,29113,1485,1234,3234,1103,2979,2882,1133,1111,975,870,1296,2671,29087,29162,2147483647,64546,65358,117,2234,10126,3858,53452,0,3,3,1
ring to fist,13:11:25.305,29061,6490,2307,1256,984,1239,733,1836,1261,681,703,1828,2803,29113,28929,28902,28920,28858,1502,1212,3216,1129,2961,2843,1177,1041,1001,843,1265,2702,29008,29065,2147483647,64597,65359,110,2213,10109,3874,53439,0,3,3,1
ring to fist,13:11:25.405,29135,6451,2267,1283,975,1226,742,1872,1226,742,733,1832,2821,29175,28937,28876,28924,28942,1463,1208,3199,1155,2988,2847,1142,1089,1015,856,1261,2702,29096,29144,2147483647,64577,65334,146,2207,10098,3886,53433,0,3,3,1
ring to fist,13:11:25.505,29096,6420,2267,1270,975,1221,755,1823,1243,720,720,1850,2777,29184,28872,28902,28968,28907,1524,1221,3234,1125,2983,2847,1146,1063,997,817,1296,2707,29008,29083,2147483647,64558,65342,157,2200,10109,3888,53441,0,3,3,1
ring to fist,13:11:25.605,29087,6521,2289,1296,984,1221,747,1867,1226,729,751,1823,2794,29192,28929,28937,28898,28977,1458,1265,3238,1103,2992,2834,1133,1028,1001,839,1261,2649,29052,29061,2147483647,64585,65348,205,2200,10094,3892,53430,0,3,3,1
ring to fist,13:11:25.705,29078,6530,2302,1274,988,1177,716,1819,1261,707,742,1832,2843,29113,28876,28867,28823,28916,1489,1204,3221,1107,2997,2830,1146,1063,966,826,1278,2667,29034,28995,2147483647,64544,65322,98,2221,10106,3908,53449,0,3,3,1
ring to fist,13:11:25.805,29061,6521,2298,1261,984,1217,738,1810,1296,703,720,1867,2803,29192,28924,28920,28995,28964,1511,1221,3208,1129,3014,2852,1160,1037,1010,817,1252,2663,29017,29091,2147483647,64570,65326,111,2224,10117,3930,53466,0,3,3,1
ring to fist,13:11:25.905,29153,6578,2285,1256,1006,1208,716,1889,1239,694,716,1819,2799,29122,28929,28889,28924,28885,1502,1195,3203,1111,3001,2874,1160,1094,979,861,1309,2680,29008,29118,2147483647,64573,65328,117,2208,10133,3938,53479,0,3,3,1
ring to fist,13:11:26.005,29034,6499,2302,1256,962,1226,720,1858,1217,685,729,1828,2812,29192,28924,28863,28929,28959,1511,1226,3199,1098,3005,2838,1142,1063,1001,843,1287,2667,29061,29003,2147483647,64599,65375,97,2203,10137,3928,53479,0,3,3,1
ring to fist,13:11:26.105,29223,6477,2307,1300,984,1221,764,1863,1252,711,733,1867,2821,29162,28889,28946,28894,28911,1502,1256,3212,1133,2988,2856,1138,1081,988,848,1291,2702,29021,29188,2147483647,64593,65358,125,2208,10149,3926,53488,0,3,3,1
ring to fist,13:11:26.204,29170,6503,2337,1300,997,1217,747,1841,1243,698,747,1828,2803,29118,28924,28889,28942,28937,1494,1212,3186,1116,3014,2825,1190,1045,1010,848,1252,2698,29126,29175,2147483647,64580,65341,154,2200,10147,3932,53487,0,3,3,1
ring to fist,13:11:26.305,29206,6486,2342,1283,993,1208,729,1885,1230,755,751,1885,2816,29179,29087,29021,29039,29025,1480,1226,3208,1103,2983,2882,1164,1067,1015,874,1230,2685,29069,29236,2147483647,64546,65339,132,2190,10158,3928,53494,0,3,3,1
ring to fist,13:11:26.404,29126,6525,2311,1278,1019,1248,676,1872,1248,773,764,1841,2816,29179,29012,28902,28924,29017,1546,1243,3247,1111,3019,2821,1151,1098,1023,861,1287,2702,29017,29052,2147483647,64573,65333,129,2194,10157,3936,53496,0,3,3,1
ring to fist,13:11:26.504,29162,6512,2298,1265,953,1177,716,1885,1243,694,738,1828,2825,29157,28986,28937,28964,28942,1463,1234,3203,1151,3032,2838,1151,1067,1006,852,1291,2693,29069,29162,2147483647,64560,65346,129,2177,10159,3949,53499,0,3,3,1
ring to fist,13:11:26.604,29148,6521,2311,1274,1006,1199,733,1907,1248,725,729,1828,2865,29140,28876,28929,28876,28920,1480,1212,3208,1107,2983,2803,1151,1089,988,856,1274,2698,29061,29197,2147483647,64576,65346,119,2168,10161,3941,53497,0,3,3,1
ring to fist,13:11:26.704,29184,6481,2298,1296,988,1217,747,1911,1248,685,755,1832,2808,29206,28977,28933,28968,28955,1476,1212,3190,1146,3041,2803,1155,1076,966,896,1270,2676,29087,29148,2147483647,64576,65338,133,2159,10162,3940,53495,0,3,3,1
ring to fist,13:11:26.804,29096,6486,2342,1305,1010,1234,738,1894,1270,720,720,1784,2790,29192,29061,28836,28942,29061,1472,1217,3203,1138,3005,2812,1138,1085,1006,839,1283,2685,29025,29017,2147483647,64591,65346,116,2163,10160,3944,53496,0,3,3,1
ring to fist,13:11:26.904,29236,6464,2311,1291,1010,1212,711,1867,1217,716,733,1801,2781,29192,28929,28902,28937,28955,1520,1248,3234,1138,3049,2794,1098,1059,1001,839,1318,2663,29100,29170,2147483647,64588,65359,124,2149,10173,3940,53503,0,3,3,1
ring to fist,13:11:27.014,29232,6477,2311,1283,953,1195,738,1885,1283,747,707,1872,2812,29157,29030,28858,28872,29021,1498,1217,3229,1138,3045,2847,1177,1054,1028,839,1322,2711,29043,29232,2147483647,64564,65328,157,2153,10166,3928,53493,0,3,3,1
ring to fist,13:11:27.114,28937,6481,2289,1313,975,1217,733,1898,1230,738,755,1828,2812,29192,29043,29162,29170,29087,1480,1248,3216,1120,3027,2816,1133,1076,966,861,1256,2667,28929,28911,2147483647,64575,65319,127,2144,10168,3935,53496,0,3,3,1
ring to fist,13:11:27.204,28959,6499,2250,1287,984,1243,738,1854,1265,707,747,1845,2816,29122,28990,29118,29109,28964,1502,1217,3273,1111,3032,2830,1138,1076,997,817,1283,2711,28894,28920,2147483647,64563,65333,109,2131,10191,3931,53512,0,3,3,1
ring to fist,13:11:27.304,29118,6499,2298,1252,975,1173,685,1863,1226,716,764,1819,2838,29157,29087,28854,28894,29162,1489,1212,3256,1146,3014,2808,1168,1063,1006,839,1274,2680,29074,29184,2147483647,64581,65341,106,2126,10178,3925,53498,0,3,3,1
ring to fist,13:11:27.405,29201,6459,2245,1287,975,1199,698,1806,1195,725,733,1810,2772,29113,29113,28880,28885,29157,1520,1252,3190,1120,3062,2830,1146,1059,1032,883,1248,2667,29052,29201,2147483647,64592,65361,86,2122,10185,3929,53505,0,3,3,1
ring to fist,13:11:27.505,29210,6477,2263,1287,997,1173,729,1876,1300,641,738,1841,2825,29131,29118,28828,28885,29148,1450,1221,3247,1103,3032,2821,1160,1001,1010,817,1296,2693,29003,29210,2147483647,64602,65336,127,2117,10197,3930,53514,0,3,3,1
ring to fist,13:11:27.519,29250,6490,2241,1274,1041,1195,667,1836,1230,725,703,1845,2812,29188,28981,28898,28880,29030,1480,1239,3247,1116,3049,2799,1160,1072,993,843,1248,2685,29047,29214,2147483647,64573,65334,129,2117,10192,3926,53508,0,3,3,1
ring to fist,13:11:27.704,29219,6437,2320,1313,962,1221,751,1836,1239,716,703,1814,2860,29087,28973,28876,28845,29017,1516,1234,3256,1081,3027,2803,1173,1054,1006,856,1287,2693,28990,29197,2147483647,64574,65328,124,2130,10184,3937,53507,0,3,3,1
ring to fist,13:11:27.805,29263,6517,2289,1278,1019,1252,711,1902,1226,720,755,1880,2852,29206,29087,28911,28955,29052,1498,1221,3256,1146,3014,2794,1173,1045,1037,817,1265,2658,29118,29254,2147483647,64568,65317,166,2121,10180,3950,53507,0,3,3,1
ring to fist,13:11:27.905,29188,6508,2280,1313,997,1190,725,1880,1230,747,725,1863,2834,29118,29109,28876,28867,29166,1507,1195,3247,1111,3019,2821,1186,1067,979,865,1291,2663,29003,29184,2147483647,64572,65300,137,2118,10180,3949,53506,0,3,3,1
ring to fist,13:11:28.015,29223,6464,2267,1305,1023,1217,703,1858,1208,747,755,1828,2838,29206,29175,29039,29025,29175,1546,1239,3203,1111,3041,2799,1177,1067,997,870,1265,2676,29104,29232,2147483647,64574,65371,129,2104,10207,3931,53521,0,3,3,1
ring to fist,13:11:28.105,28920,6442,2320,1283,984,1226,729,1863,1230,733,729,1845,2790,29126,29012,28986,29043,28959,1502,1226,3225,1138,3023,2790,1138,1085,993,821,1287,2671,28718,28863,2147483647,64575,65357,128,2093,10219,3920,53525,0,3,3,1
ring to fist,13:11:28.204,29069,6468,2285,1283,993,1221,711,1854,1256,742,742,1832,2821,29166,29157,28911,28955,29179,1507,1190,3265,1076,2975,2830,1116,1041,988,817,1309,2707,29078,29074,2147483647,64586,65320,114,2078,10213,3942,53524,0,3,3,1
ring to fist,13:11:28.304,29135,6481,2263,1270,979,1226,703,1854,1212,738,751,1845,2812,29140,29061,28867,28889,29083,1463,1234,3212,1129,3005,2825,1138,1041,997,834,1296,2685,28999,29109,2147483647,64605,65327,133,2076,10218,3942,53528,0,3,3,1
ring to fist,13:11:28.405,29179,6539,2302,1265,993,1239,707,1845,1208,716,725,1810,2825,29188,29175,28907,28911,29184,1494,1243,3190,1125,3023,2808,1151,1045,984,839,1243,2649,29030,29162,2147483647,64572,65337,95,2079,10216,3936,53525,0,3,3,1
ring to fist,13:11:28.504,29241,6503,2302,1283,966,1226,751,1828,1217,725,729,1832,2843,29109,29148,28841,28916,29153,1489,1243,3194,1120,3027,2768,1168,1054,1010,839,1261,2724,29061,29214,2147483647,64592,65339,87,2070,10219,3959,53534,0,3,3,1
ring to fist,13:11:28.605,29179,6459,2302,1287,975,1243,729,1854,1256,703,751,1845,2786,29210,29192,28964,29043,29184,1494,1234,3234,1129,3019,2803,1120,1028,953,883,1221,2671,28977,29188,2147483647,64541,65350,97,2063,10236,3955,53546,0,3,3,1
ring to fist,13:11:28.620,29135,6486,2271,1296,975,1226,729,1885,1256,733,720,1814,2825,29104,28990,28867,28845,29003,1520,1256,3208,1142,3005,2830,1173,1059,1006,865,1291,2689,29047,29126,2147483647,64585,65319,105,2054,10225,3971,53540,0,3,3,1
ring to fist,13:11:28.806,29122,6517,2293,1265,966,1195,725,1902,1248,716,711,1806,2781,29104,29052,28845,28876,29034,1472,1239,3190,1129,3023,2790,1146,1037,962,852,1274,2658,28946,29039,2147483647,64583,65322,141,2044,10239,3979,53553,0,3,3,1
ring to fist,13:11:28.905,29126,6525,2324,1261,993,1226,703,1885,1243,716,747,1792,2794,29126,29100,28872,28863,29096,1498,1208,3247,1146,2992,2759,1133,1076,1001,874,1283,2680,29087,29113,2147483647,64579,65318,131,2036,10229,3986,53546,0,3,3,1
ring to fist,13:11:29.004,29206,6468,2280,1309,988,1234,751,1880,1212,676,738,1854,2803,29087,29113,28872,28885,29109,1454,1208,3229,1138,2983,2816,1160,1015,1032,843,1274,2680,29021,29188,2147483647,64586,65327,134,2041,10234,3980,53549,0,3,3,1
ring to fist,13:11:29.104,29223,6481,2293,1291,975,1230,707,1867,1252,729,716,1828,2803,29192,29188,28924,28916,29157,1476,1256,3199,1125,3062,2808,1186,1054,993,852,1274,2627,29074,29245,2147483647,64550,65335,106,2064,10241,3972,53556,0,3,3,1
ring to fist,13:11:29.205,29056,6490,2315,1270,1001,1199,720,1880,1230,698,733,1806,2834,29126,29083,28823,28894,29126,1472,1212,3265,1160,2997,2812,1138,1072,988,848,1305,2715,29012,29100,2147483647,64585,65332,133,2081,10244,3955,53556,0,3,3,1
ring to fist,13:11:29.305,29148,6481,2307,1261,988,1265,733,1889,1234,720,751,1828,2830,29166,29087,28929,28942,29113,1494,1226,3208,1129,3010,2847,1142,1059,1015,896,1261,2671,29052,29091,2147483647,64561,65360,107,2067,10244,3940,53549,0,3,3,1
ring to fist,13:11:29.405,29083,6455,2320,1252,984,1204,747,1863,1204,698,769,1823,2852,29144,29021,28916,28942,29030,1494,1248,3221,1155,2970,2830,1173,1094,1019,848,1305,2671,29078,29061,2147483647,64585,65323,144,2051,10249,3940,53550,0,3,3,1
ring to fist,13:11:29.504,29113,6495,2289,1248,971,1239,742,1955,1221,742,751,1850,2816,29206,29184,28920,28920,29214,1480,1239,3212,1133,2992,2812,1133,1050,1010,834,1274,2663,29052,29157,2147483647,64585,65314,113,2042,10245,3963,53553,0,3,3,1
ring to fist,13:11:29.519,29122,6503,2311,1239,1015,1212,716,1898,1226,725,742,1832,2834,29126,29091,28841,28902,29118,1511,1199,3186,1125,3001,2816,1164,1059,1010,826,1305,2685,29069,29091,2147483647,64594,65328,144,2047,10251,3974,53563,0,3,3,1
ring to fist,13:11:29.705,29083,6486,2302,1256,1001,1256,685,1911,1212,707,742,1836,2852,29236,29170,28920,28924,29210,1480,1230,3212,1155,2988,2816,1116,1072,988,830,1300,2698,29039,29065,2147483647,64543,65327,105,2054,10258,3987,53574,0,3,3,1
ring to fist,13:11:29.720,29109,6521,2298,1278,984,1234,720,1916,1212,738,711,1806,2808,29113,29135,28872,28889,29148,1485,1234,3225,1151,3010,2838,1177,1054,1023,848,1291,2658,29074,29087,2147483647,64574,65351,98,2055,10266,3983,53580,0,3,3,1
ring to fist,13:11:29.821,29043,6503,2311,1296,1019,1243,738,1911,1226,703,760,1823,2838,29206,29135,28946,28924,29166,1467,1230,3238,1155,3005,2847,1129,1063,997,839,1274,2663,29017,29025,2147483647,64599,65347,68,2059,10274,3987,53588,0,3,3,1
ring to fist,13:11:30.005,29100,6468,2337,1243,997,1177,689,1907,1256,760,760,1836,2781,29104,29113,28858,28894,29126,1485,1212,3234,1160,3014,2816,1151,1032,979,830,1265,2680,29087,29061,2147483647,64592,65346,75,2059,10271,3990,53587,0,3,3,1
rest in fist,13:11:30.104,29069,6486,2298,1283,979,1208,716,1929,1204,694,747,1850,2865,29206,29113,28854,28898,29241,1546,1274,3208,1164,3001,2799,1168,1045,984,830,1274,2676,29008,29043,2147483647,64613,65324,131,2054,10274,3990,53588,0,3,3,1
rest in fist,13:11:30.205,29131,6539,2333,1287,1015,1230,738,1902,1270,685,777,1850,2799,29223,29131,29034,29043,29140,1502,1190,3251,1142,3054,2838,1155,1072,984,834,1287,2707,29083,29118,2147483647,64573,65327,123,2056,10283,3999,53600,0,3,3,1
rest in fist,13:11:30.305,29096,6547,2337,1265,966,1208,755,1955,1208,725,707,1797,2852,29219,29113,29021,28968,29109,1511,1190,3238,1151,3062,2830,1160,1098,1010,830,1287,2711,29056,29096,2147483647,64558,65319,105,2042,10279,4009,53598,0,3,3,1
rest in fist,13:11:30.405,29096,6490,2346,1248,984,1243,738,1973,1239,676,729,1797,2878,29175,29184,28920,28964,29144,1489,1243,3256,1116,3005,2799,1151,1050,1010,856,1278,2649,29083,29091,2147483647,64569,65338,86,2025,10284,4005,53597,0,3,3,1
rest in fist,13:11:30.420,29047,6517,2329,1265,1001,1274,711,2008,1261,729,729,1806,2825,29118,29122,28845,28867,29096,1507,1195,3247,1138,2979,2808,1146,1045,979,861,1265,2702,29025,29008,2147483647,64579,65323,79,2018,10286,4010,53600,0,3,3,1
rest in fist,13:11:30.605,29091,6521,2315,1313,984,1221,676,1999,1204,711,742,1797,2878,29179,29175,28894,28902,29157,1489,1265,3278,1059,3054,2777,1125,1089,993,856,1296,2671,29069,29175,2147483647,64574,65343,73,2010,10302,4019,53615,0,3,3,1
rest in fist,13:11:30.704,29061,6543,2337,1265,1019,1248,720,1955,1199,738,716,1801,2878,29091,29091,28924,28911,29122,1511,1252,3212,1120,3054,2808,1116,1045,971,839,1296,2693,28955,29030,2147483647,64585,65337,83,2006,10304,4012,53614,0,3,3,1
rest in fist,13:11:30.804,29118,6508,2324,1278,1023,1221,689,1977,1204,742,755,1806,2852,29197,29166,28977,28964,29188,1494,1230,3225,1142,3093,2794,1168,1023,1006,830,1270,2667,29069,29122,2147483647,64575,65334,87,2024,10309,4003,53618,0,3,3,1
rest in fist,13:11:30.904,29052,6490,2399,1265,1006,1212,738,2017,1221,703,760,1828,2865,29219,29096,28841,28872,29153,1498,1217,3247,1120,3027,2794,1120,1103,984,839,1278,2671,28990,29043,2147483647,64577,65353,77,2010,10314,4030,53629,0,3,3,1
rest in fist,13:11:31.004,29034,6530,2293,1296,1028,1252,729,1977,1248,703,729,1828,2808,29184,29144,29034,29047,29201,1472,1274,3278,1116,3036,2869,1173,1063,931,843,1296,2671,29021,29065,2147483647,64594,65340,103,1985,10312,4046,53628,0,3,3,1
rest in fist,13:11:31.104,29061,6547,2359,1274,993,1243,720,1999,1230,738,747,1832,2821,29126,29056,28801,28858,29091,1498,1212,3216,1142,3054,2781,1125,1037,979,795,1287,2720,29091,29025,2147483647,64578,65321,94,1983,10310,4053,53629,0,3,3,1
rest in fist,13:11:31.205,29034,6569,2373,1252,1028,1234,711,1986,1199,733,747,1850,2825,29175,29135,28876,28946,29192,1524,1230,3291,1129,3054,2830,1151,1089,997,843,1322,2649,29052,29052,2147483647,64587,65314,118,1979,10301,4049,53619,0,3,3,1
rest in fist,13:11:31.315,29100,6539,2320,1291,1032,1252,716,2012,1199,681,725,1841,2843,29122,29157,28880,28845,29091,1507,1261,3247,1081,3032,2830,1151,1050,1015,878,1309,2676,29043,29104,2147483647,64572,65325,98,1987,10299,4040,53616,0,3,3,1
rest in fist,13:11:31.329,28841,6517,2311,1318,1006,1239,694,2017,1221,733,747,1823,2843,29175,29206,29074,29179,29214,1450,1208,3238,1111,3062,2803,1138,1045,975,843,1274,2654,28907,28850,2147483647,64595,65324,92,1994,10313,4050,53632,0,3,3,1
rest in fist,13:11:31.504,29087,6561,2377,1291,1015,1221,760,2047,1182,720,764,1845,2816,29104,29175,28885,28885,29087,1511,1212,3260,1186,3089,2803,1142,1076,1001,870,1322,2685,29162,29091,2147483647,64601,65342,127,2005,10314,4008,53621,0,3,3,1
rest in fist,13:11:31.604,29091,6569,2377,1291,1006,1221,689,1999,1230,738,782,1823,2847,29232,29104,28977,29034,29131,1450,1226,3238,1138,3071,2786,1129,1089,975,834,1300,2667,28929,29034,2147483647,64561,65314,107,2021,10322,3985,53623,0,3,3,1
rest in fist,13:11:31.704,29074,6525,2373,1221,1050,1252,694,2008,1217,725,742,1801,2852,29214,29166,28907,28907,29148,1507,1226,3247,1129,3111,2790,1116,1054,1006,865,1305,2676,28959,29096,2147483647,64566,65319,97,2001,10326,3989,53624,0,3,3,1
rest in fist,13:11:31.720,29012,6530,2377,1296,1023,1256,725,1995,1217,685,760,1841,2816,29122,29052,28876,28898,29135,1463,1230,3229,1133,3124,2816,1125,1041,1010,848,1296,2702,28920,29061,2147483647,64575,65339,81,1966,10336,3998,53630,0,3,3,1
rest in fist,13:11:31.904,29113,6583,2355,1256,979,1256,685,2012,1226,733,725,1814,2830,29219,29170,28907,28933,29210,1489,1221,3282,1142,3062,2803,1182,1076,997,856,1291,2707,28955,29131,2147483647,64555,65333,71,1965,10336,3998,53630,0,3,3,1
rest in fist,13:11:31.922,29083,6521,2364,1291,1001,1230,751,2030,1239,733,751,1832,2803,29140,29083,28894,28836,29122,1480,1270,3287,1160,3098,2777,1160,1054,1023,826,1322,2636,28894,29034,2147483647,64572,65345,62,1963,10344,3991,53634,0,3,3,1
rest in fist,13:11:32.019,29118,6539,2381,1261,1006,1226,716,2021,1217,681,733,1819,2799,29166,29153,28946,28937,29197,1472,1221,3234,1129,3093,2764,1146,1081,984,861,1300,2663,29030,29096,2147483647,64583,65347,65,1961,10348,3992,53638,0,3,3,1
rest in fist,13:11:32.204,29091,6534,2351,1278,1032,1243,711,1981,1217,729,729,1823,2790,29192,29096,28872,28867,29140,1498,1256,3243,1129,3093,2781,1173,1072,953,848,1335,2698,28977,29056,2147483647,64623,65346,76,1961,10343,3989,53628,0,3,3,1
rest in fist,13:11:32.304,29078,6530,2386,1261,1010,1256,742,1981,1204,689,716,1845,2830,29100,29223,28937,28937,29192,1533,1221,3212,1142,3137,2781,1164,1067,984,817,1278,2702,29135,29135,2147483647,64577,65343,82,1952,10360,3990,53648,0,3,3,1
rest in fist,13:11:32.405,29100,6525,2351,1291,984,1252,703,2030,1208,720,733,1819,2825,29113,29122,28863,28863,29122,1489,1221,3225,1138,3172,2764,1138,1050,997,839,1300,2667,28986,29083,2147483647,64590,65331,70,1949,10369,3982,53651,0,3,3,1
rest in fist,13:11:32.420,29047,6525,2320,1309,988,1243,733,2003,1190,760,747,1841,2834,29197,29170,28880,28920,29206,1502,1234,3225,1138,3128,2711,1125,1037,1023,865,1322,2632,29030,29017,2147483647,64552,65314,84,1949,10390,3990,53672,0,3,3,1
rest in fist,13:11:32.605,29100,6539,2337,1270,1010,1243,738,1990,1230,733,733,1867,2825,29087,29144,28832,28872,29091,1516,1195,3221,1133,3137,2781,1173,1041,1019,826,1309,2685,29126,29087,2147483647,64509,65305,65,1939,10389,3971,53658,0,3,3,1
rest in fist,13:11:32.705,28863,6565,2337,1327,1010,1208,703,1981,1230,698,773,1819,2816,29118,29144,29030,29008,29153,1476,1208,3225,1116,3146,2746,1164,1089,975,874,1270,2702,28406,28854,2147483647,64625,65325,91,1874,10381,3931,53632,0,3,3,1
rest in fist,13:11:32.804,29170,6512,2377,1274,958,1208,694,1981,1234,720,738,1841,2821,29104,29069,28828,28876,29109,1498,1230,3208,1155,3146,2794,1125,1050,993,834,1305,2671,28924,29083,2147483647,64632,65345,79,1870,10378,3925,53626,0,3,3,1
rest in fist,13:11:32.819,29157,6508,2355,1265,988,1212,733,2017,1217,720,729,1828,2847,29083,29074,28823,28880,29157,1485,1212,3238,1120,3159,2772,1146,1076,1045,865,1283,2649,28621,29109,2147483647,64545,65323,71,1906,10414,3958,53672,0,3,3,1
rest in fist,13:11:33.005,29104,6499,2293,1291,1019,1270,703,1990,1265,711,760,1832,2812,29201,29162,28916,28867,29113,1494,1234,3260,1120,3102,2755,1151,1094,1028,865,1221,2680,28599,29087,2147483647,64615,65324,26,1885,10413,3965,53666,0,3,3,1
rest in fist,13:11:33.021,29052,6503,2346,1283,1019,1221,729,2008,1230,738,751,1876,2838,29109,29083,28876,28916,29109,1494,1208,3251,1146,3133,2772,1160,1076,953,870,1296,2676,28687,29144,2147483647,64643,65372,31,1843,10422,3971,53672,0,3,3,1
rest in fist,13:11:33.205,29153,6495,2298,1274,1028,1212,729,1995,1199,720,720,1806,2830,29008,29003,29043,29034,28973,1489,1230,3247,1138,3164,2772,1186,1063,988,865,1256,2698,28832,29166,2147483647,64627,65326,68,1833,10428,3983,53681,0,3,3,1
rest in fist,13:11:33.305,29083,6508,2351,1296,993,1199,703,1981,1234,707,733,1841,2830,29100,29113,28902,28880,29109,1476,1182,3243,1103,3146,2755,1160,1054,971,852,1270,2636,28801,29069,2147483647,64595,65348,83,1826,10433,3986,53690,0,3,3,1
rest in fist,13:11:33.405,29113,6530,2324,1270,1032,1204,703,2025,1230,742,729,1845,2803,29162,29175,28986,28995,29179,1472,1208,3190,1142,3093,2786,1155,1063,979,856,1278,2693,28744,29104,2147483647,64580,65316,79,1827,10417,3988,53671,0,3,3,1
rest in fist,13:11:33.505,29039,6521,2293,1256,997,1252,725,1990,1195,707,782,1819,2830,29148,29122,28845,28876,29109,1520,1182,3234,1125,3128,2794,1129,1111,988,861,1296,2680,28502,29056,2147483647,64601,65314,109,1833,10388,3983,53651,0,3,3,1
rest in fist,13:11:33.605,29126,6459,2236,1234,1006,1234,720,2017,1208,703,755,1845,2843,29201,29214,29065,29069,29188,1494,1226,3260,1129,3146,2772,1177,1050,979,896,1291,2671,28727,29122,2147483647,64560,65318,84,1833,10411,3971,53662,0,3,3,1
rest in fist,13:11:33.619,29087,6477,2302,1291,1028,1239,725,1995,1208,729,738,1841,2816,29148,29113,28876,28880,29131,1485,1226,3203,1133,3115,2755,1146,1067,1023,861,1300,2693,28573,29047,2147483647,64588,65323,82,1828,10400,3970,53655,0,3,3,1
rest in fist,13:11:33.805,29091,6512,2307,1274,1019,1217,760,2003,1234,716,733,1828,2812,29118,29179,28955,28937,29175,1480,1230,3260,1173,3155,2750,1120,1050,975,856,1278,2663,28617,29052,2147483647,64567,65335,28,1810,10398,3970,53648,0,3,3,1
rest in fist,13:11:33.819,29148,6477,2285,1270,1015,1265,725,2030,1186,725,755,1801,2865,28973,29100,29122,29109,29131,1485,1230,3247,1094,3164,2750,1133,1067,993,861,1296,2746,28674,29091,2147483647,64587,65328,66,1813,10403,3966,53654,0,3,3,1
rest in fist,13:11:34.005,29065,6499,2311,1296,1006,1221,733,2030,1221,716,769,1880,2812,29047,29188,29083,29118,29201,1507,1234,3234,1142,3164,2733,1133,1111,988,861,1291,2649,28625,29047,2147483647,64588,65323,70,1813,10417,3971,53665,0,3,3,1
rest in fist,13:11:34.104,29131,6455,2276,1305,979,1256,725,2021,1217,716,764,1876,2874,29087,29091,28977,28995,29122,1489,1234,3234,1146,3181,2693,1125,1081,993,878,1291,2698,28727,29087,2147483647,64583,65336,69,1808,10415,3980,53667,0,3,3,1
rest in fist,13:11:34.205,29083,6495,2298,1270,1010,1243,725,2017,1221,747,733,1841,2803,29061,29135,29025,29043,29122,1489,1248,3243,1146,3133,2707,1186,1050,997,856,1256,2649,28599,29052,2147483647,64595,65315,41,1810,10427,4004,53686,0,3,3,1
rest in fist,13:11:34.220,29148,6429,2280,1291,971,1221,685,1990,1226,738,755,1828,2838,28973,29087,29245,29236,29104,1480,1190,3234,1129,3177,2794,1160,1045,1015,834,1296,2693,28942,29065,2147483647,64564,65334,43,1823,10442,4001,53701,0,3,3,1
rest in fist,13:11:34.414,29087,6486,2315,1243,1015,1248,707,2039,1182,716,747,1836,2838,29008,29144,29188,29140,29122,1524,1195,3251,1125,3150,2772,1133,1094,1023,878,1305,2645,28542,29113,2147483647,64589,65324,45,1826,10429,3995,53688,0,3,3,1
rest in fist,13:11:34.504,28858,6437,2267,1274,958,1243,751,2043,1195,711,711,1841,2838,29100,29192,29184,29140,29140,1516,1212,3225,1142,3133,2737,1146,1067,993,883,1239,2636,29074,28872,2147483647,64588,65328,73,1823,10427,3996,53685,0,3,3,1
rest in fist,13:11:34.605,29100,6389,2228,1291,975,1212,747,1999,1204,720,747,1845,2816,29091,29069,28959,28990,29122,1516,1248,3221,1142,3164,2786,1160,1072,984,865,1256,2693,28902,29061,2147483647,64586,65315,81,1823,10439,4000,53699,0,3,3,1
rest in fist,13:11:34.705,29153,6437,2293,1256,988,1239,733,2021,1190,733,729,1814,2838,29109,29135,29175,29192,29206,1485,1221,3186,1138,3146,2729,1173,1063,1028,843,1318,2707,28770,29069,2147483647,64585,65331,82,1837,10446,3982,53701,0,3,3,1
rest in fist,13:11:34.805,29074,6495,2254,1278,1010,1248,703,2003,1239,729,738,1867,2786,29034,29157,29140,29126,29126,1502,1212,3260,1138,3186,2790,1142,1089,1006,856,1296,2658,28590,29069,2147483647,64601,65325,48,1831,10445,4004,53705,0,3,3,1
rest in fist,13:11:34.905,29109,6389,2276,1283,1015,1256,751,2025,1221,711,725,1836,2838,29166,29206,29140,29175,29223,1489,1234,3229,1120,3124,2755,1120,1076,1006,852,1300,2663,28955,29140,2147483647,64625,65328,49,1809,10442,4007,53701,0,3,3,1
rest in fist,13:11:35.005,29087,6416,2232,1274,1023,1217,703,2025,1212,703,729,1828,2781,28995,29192,29148,29140,29170,1485,1208,3256,1111,3137,2812,1129,1019,997,856,1274,2654,28643,29109,2147483647,64575,65314,79,1815,10446,3990,53700,0,3,3,1
fist to pinky,13:11:35.105,29118,6429,2254,1239,1010,1221,729,1999,1226,720,747,1841,2825,29043,29206,29170,29179,29148,1538,1190,3282,1125,3208,2764,1146,1089,997,839,1296,2623,28661,29118,2147483647,64599,65310,92,1818,10439,4004,53698,0,3,3,1
fist to pinky,13:11:35.121,29069,6459,2280,1270,1032,1243,720,1990,1234,725,716,1867,2874,29021,29100,29109,29091,29104,1502,1212,3273,1111,3186,2759,1177,1045,1023,856,1313,2702,28920,29091,2147483647,64595,65315,95,1799,10445,4018,53706,0,3,3,1
fist to pinky,13:11:35.305,29052,6446,2241,1283,1028,1252,773,2003,1234,729,751,1841,2838,29083,29184,29179,29162,29210,1529,1234,3243,1138,3168,2742,1168,1098,1037,856,1283,2619,28665,29017,2147483647,64589,65324,77,1800,10446,4029,53711,0,3,3,1
fist to pinky,13:11:35.320,29131,6394,2298,1270,997,1226,738,2008,1230,711,703,1836,2812,29017,29109,29126,29087,29091,1494,1195,3247,1120,3155,2759,1173,1089,988,874,1270,2649,28630,29065,2147483647,64580,65319,100,1808,10448,4016,53709,0,3,3,1
fist to pinky,13:11:35.505,29061,6451,2236,1261,988,1256,716,1990,1221,786,751,1845,2847,29096,29210,29061,29083,29192,1507,1239,3243,1103,3181,2821,1129,1081,997,848,1283,2645,28604,29052,2147483647,64563,65344,57,1814,10443,4016,53705,0,3,3,1
fist to pinky,13:11:35.521,29157,6455,2311,1177,993,1265,694,2012,1234,755,769,1762,2847,29030,29113,29197,29148,29100,1524,1239,3291,1151,3186,2794,1168,1063,997,852,1300,2671,28911,29188,2147483647,64612,65350,49,1821,10426,4031,53696,0,3,3,1
fist to pinky,13:11:35.705,28828,6486,2280,1270,1067,1265,729,1999,1226,742,804,1863,2847,28854,29206,29140,29166,29232,1489,1204,3256,1129,3172,2777,1173,1081,1023,843,1313,2641,29083,28810,2147483647,64579,65314,107,1852,10406,4023,53681,0,3,3,1
fist to pinky,13:11:35.804,29087,6455,2263,1335,1023,1252,738,2039,1230,711,738,1880,2808,29087,29192,29197,29201,29184,1494,1221,3353,1094,3190,2772,1160,1085,997,839,1270,2645,28727,29166,2147483647,64562,65315,76,1860,10401,4020,53677,0,3,3,1
fist to pinky,13:11:35.905,29078,6446,2307,1283,984,1212,747,2052,1212,707,725,1876,2847,28977,29179,29131,29170,29166,1516,1248,3273,1155,3159,2742,1133,1081,1015,843,1270,2676,28621,29091,2147483647,64571,65311,79,1838,10408,4033,53684,0,3,3,1
fist to pinky,13:11:36.005,29126,6490,2307,1291,1023,1221,738,2052,1265,729,729,1863,2825,29113,29188,29219,29241,29236,1498,1217,3273,1151,3172,2825,1151,1063,1019,887,1335,2658,28669,29122,2147483647,64585,65305,57,1826,10393,4041,53672,0,3,3,1
fist to pinky,13:11:36.105,29061,6459,2223,1300,997,1208,773,2025,1186,725,742,1819,2878,29122,29140,29091,29140,29170,1498,1221,3295,1138,3172,2742,1221,1116,979,861,1305,2702,28836,29056,2147483647,64552,65335,51,1840,10397,4027,53673,0,3,3,1
fist to pinky,13:11:36.204,29122,6473,2289,1305,1001,1270,711,2017,1221,707,755,1841,2869,29188,29219,29214,29236,29201,1498,1239,3304,1164,3146,2768,1151,1010,997,834,1300,2676,28683,29131,2147483647,64569,65323,68,1852,10384,4019,53660,0,3,3,1
fist to pinky,13:11:36.305,29144,6512,2315,1248,1001,1212,733,2043,1217,729,773,1854,2821,28986,29170,29170,29179,29113,1502,1212,3309,1116,3168,2825,1155,1103,975,870,1283,2715,28564,29074,2147483647,64608,65328,77,1844,10377,4042,53661,0,3,3,1
fist to pinky,13:11:36.405,29126,6451,2333,1252,1028,1230,729,2017,1204,729,764,1836,2843,29078,29201,29214,29245,29179,1437,1230,3331,1129,3190,2729,1177,1098,975,834,1305,2676,28858,29122,2147483647,64579,65333,79,1845,10398,4032,53676,0,3,3,1
fist to pinky,13:11:36.505,29096,6442,2285,1287,1006,1226,729,2034,1212,773,716,1863,2847,29061,29179,29122,29192,29157,1489,1217,3282,1138,3164,2786,1142,1076,988,865,1300,2689,28669,29126,2147483647,64573,65314,89,1857,10391,4017,53666,0,3,3,1
fist to pinky,13:11:36.605,29083,6525,2263,1274,966,1261,711,2017,1195,733,716,1845,2838,29118,29192,29201,29228,29245,1485,1234,3287,1177,3155,2786,1151,1059,1019,856,1283,2658,28727,29091,2147483647,64585,65323,99,1856,10390,4013,53664,0,3,3,1
fist to pinky,13:11:36.705,29100,6455,2276,1270,1015,1270,698,2012,1212,681,738,1858,2838,29017,29153,29140,29166,29131,1502,1221,3282,1125,3168,2750,1155,1120,993,870,1287,2658,28775,29091,2147483647,64613,65325,98,1857,10380,4007,53654,0,3,3,1
fist to pinky,13:11:36.815,29122,6530,2276,1274,975,1248,711,1986,1182,725,698,1819,2825,29126,29170,29179,29201,29201,1502,1252,3273,1133,3225,2746,1164,1063,975,878,1278,2645,28775,29047,2147483647,64571,65329,101,1848,10403,4002,53671,0,3,3,1
fist to pinky,13:11:36.905,28889,6512,2320,1270,1032,1256,733,2003,1230,720,755,1797,2852,28792,29118,29104,29091,29140,1489,1234,3260,1155,3150,2715,1173,1045,975,839,1300,2702,29052,28850,2147483647,64563,65315,87,1842,10410,3994,53673,0,3,3,1
fist to pinky,13:11:37.005,29100,6534,2263,1252,1045,1195,676,2003,1212,711,720,1810,2816,29188,29184,29148,29179,29175,1511,1212,3273,1173,3164,2755,1155,1019,984,861,1309,2685,28669,29065,2147483647,64547,65321,79,1834,10417,4005,53681,0,3,3,1
fist to pinky,13:11:37.105,29144,6402,2228,1256,1001,1221,747,1977,1212,707,755,1828,2803,29148,29276,29192,29166,29267,1529,1204,3247,1142,3186,2750,1164,1076,993,874,1278,2693,28880,29122,2147483647,64577,65338,92,1829,10423,4004,53686,0,3,3,1
fist to pinky,13:11:37.205,29153,6512,2267,1296,1023,1221,720,1986,1217,733,729,1797,2816,29140,29126,29144,29148,29122,1498,1208,3291,1076,3133,2737,1151,1028,988,839,1278,2711,28669,29144,2147483647,64575,65332,78,1825,10414,4001,53677,0,3,3,1
fist to pinky,13:11:37.305,29100,6530,2276,1261,993,1226,747,2008,1212,747,729,1841,2852,29003,29078,29214,29157,29012,1498,1221,3282,1173,3155,2737,1173,1067,993,883,1327,2676,28946,29074,2147483647,64582,65316,103,1825,10413,3997,53674,0,3,3,1
fist to pinky,13:11:37.405,29065,6486,2241,1278,1028,1252,711,1981,1252,725,755,1828,2746,29003,29074,29140,29144,28951,1463,1217,3273,1142,3120,2772,1173,1059,971,848,1252,2680,28841,29025,2147483647,64576,65303,102,1825,10409,4012,53676,0,3,3,1
fist to pinky,13:11:37.515,29170,6464,2302,1300,975,1199,747,2017,1221,725,729,1836,2847,29056,29228,29201,29228,29210,1463,1195,3265,1094,3164,2759,1138,1059,993,856,1270,2663,28762,29162,2147483647,64575,65304,81,1812,10417,4013,53681,0,3,3,1
fist to pinky,13:11:37.531,28911,6420,2280,1278,1023,1230,694,1995,1190,760,716,1836,2852,28797,29263,29113,29153,29206,1516,1226,3282,1103,3186,2742,1168,1076,1015,843,1278,2632,29096,28894,2147483647,64536,65311,70,1817,10406,4012,53672,0,3,3,1
fist to pinky,13:11:37.705,29096,6477,2276,1270,1023,1261,703,2012,1217,716,751,1854,2834,29087,29157,29153,29210,29201,1489,1204,3295,1111,3168,2759,1151,1059,993,878,1283,2667,28929,29118,2147483647,64542,65307,80,1828,10411,4017,53680,0,3,3,1
fist to pinky,13:11:37.730,29030,6473,2250,1248,1054,1243,707,1942,1234,751,733,1841,2834,29043,29153,29091,29069,29214,1529,1195,3212,1142,3146,2786,1138,1085,1019,830,1278,2680,28968,29096,2147483647,64559,65322,60,1817,10436,4018,53700,0,3,3,1
fist to pinky,13:11:37.905,29074,6429,2258,1256,1010,1204,738,1964,1182,716,729,1823,2799,29074,29232,29197,29184,29245,1498,1234,3229,1138,3146,2764,1142,1010,1010,856,1278,2654,28924,29047,2147483647,64577,65319,66,1812,10414,4022,53682,0,3,3,1
fist to pinky,13:11:38.005,29170,6459,2228,1278,1023,1248,725,2021,1226,747,773,1806,2816,28986,29192,29126,29118,29144,1463,1230,3273,1103,3155,2764,1190,1054,988,843,1291,2685,28920,29162,2147483647,64584,65317,114,1836,10365,4025,53643,0,3,3,1
fist to pinky,13:11:38.105,29083,6455,2197,1305,1023,1252,729,1999,1239,707,742,1832,2843,29104,29210,29219,29223,29210,1437,1243,3269,1142,3164,2781,1142,1067,958,883,1270,2671,28876,29074,2147483647,64564,65298,90,1871,10337,4027,53625,0,3,3,1
fist to pinky,13:11:38.120,29153,6464,2228,1335,997,1252,716,1968,1208,747,738,1850,2821,28981,29153,29166,29162,29162,1485,1239,3304,1151,3146,2768,1142,1103,993,843,1287,2693,28968,29197,2147483647,64606,65315,86,1874,10314,4056,53616,0,3,3,1
fist to pinky,13:11:38.305,29162,6451,2228,1278,1019,1291,738,1973,1212,698,698,1836,2825,29157,29263,29135,29162,29315,1524,1248,3247,1107,3159,2812,1195,1085,993,834,1278,2671,28907,29131,2147483647,64555,65313,100,1847,10340,4049,53632,0,3,3,1
fist to pinky,13:11:38.405,29074,6451,2241,1261,1023,1261,685,1986,1195,725,755,1806,2821,29030,29148,29153,29100,29184,1476,1195,3265,1116,3142,2698,1133,1076,1006,848,1270,2693,28951,29043,2147483647,64582,65308,70,1821,10347,4036,53630,0,3,3,1
fist to pinky,13:11:38.505,28894,6437,2293,1283,1028,1252,725,2012,1243,707,733,1854,2808,28770,29311,29003,29214,29315,1494,1239,3265,1133,3172,2777,1160,1054,988,826,1287,2685,29122,28907,2147483647,64553,65342,34,1822,10354,4028,53633,0,3,3,1
fist to pinky,13:11:38.605,29087,6442,2214,1261,1010,1248,720,1981,1217,711,716,1854,2794,29083,29179,29166,29271,29188,1485,1217,3265,1125,3137,2737,1160,1059,1023,865,1278,2671,28955,29039,2147483647,64563,65326,28,1816,10344,4006,53616,0,3,3,1
fist to pinky,13:11:38.705,28981,6437,2241,1274,1063,1261,760,1964,1208,751,738,1823,2816,29030,29148,29140,29153,29179,1480,1204,3273,1103,3076,2772,1111,1050,988,852,1287,2663,28924,28951,2147483647,64644,65369,36,1831,10337,4016,53615,0,3,3,1
fist to pinky,13:11:38.720,29008,6464,2285,1283,1010,1226,725,1977,1243,733,747,1854,2816,29025,29192,29197,29197,29258,1498,1234,3269,1151,3164,2737,1173,1072,1023,865,1283,2676,28986,29030,2147483647,64604,65357,43,1845,10362,4014,53639,0,3,3,1
fist to pinky,13:11:38.905,28968,6429,2245,1278,988,1230,711,1977,1217,742,720,1823,2808,29065,29118,29126,29157,29144,1489,1239,3317,1085,3194,2759,1151,1059,979,883,1300,2685,28955,28946,2147483647,64609,65375,23,1848,10370,3985,53636,0,3,3,1
fist to pinky,13:11:39.005,29087,6402,2228,1261,1032,1173,703,2017,1212,694,707,1823,2830,29100,29144,29170,29197,29157,1494,1243,3304,1098,3168,2724,1168,1072,966,826,1300,2676,28968,29021,2147483647,64631,65342,42,1863,10356,3987,53627,0,3,3,1
fist to pinky,13:11:39.105,29100,6424,2254,1283,988,1256,703,1973,1234,738,725,1819,2838,29061,29065,29109,29140,29109,1480,1217,3309,1151,3168,2715,1164,1072,953,830,1300,2680,28911,29069,2147483647,64627,65334,84,1858,10366,3999,53639,0,3,3,1
fist to pinky,13:11:39.205,29087,6451,2201,1243,1001,1234,707,1968,1212,694,733,1841,2755,29069,29153,29197,29148,29197,1472,1217,3309,1107,3164,2777,1160,1067,993,843,1291,2685,28999,29118,2147483647,64612,65338,91,1841,10376,3997,53644,0,3,3,1
fist to pinky,13:11:39.305,29148,6407,2250,1291,1019,1226,711,1977,1199,707,716,1792,2812,29043,29113,29118,29170,29184,1502,1182,3326,1085,3172,2755,1168,1085,975,843,1274,2685,28898,29012,2147483647,64588,65323,84,1836,10381,3984,53644,0,3,3,1
fist to pinky,13:11:39.405,29003,6442,2245,1278,1081,1217,698,1973,1234,733,733,1832,2799,29197,29333,29157,29201,29315,1441,1261,3322,1111,3164,2676,1151,1050,1006,856,1300,2649,28876,28951,2147483647,64556,65325,71,1849,10377,3988,53644,0,3,3,1
fist to pinky,13:11:39.421,29043,6442,2254,1270,1028,1212,769,1959,1195,733,711,1841,2786,29012,29170,29157,29175,29179,1507,1230,3322,1133,3177,2715,1146,1050,993,830,1291,2680,28911,29056,2147483647,64560,65341,87,1846,10378,3997,53647,0,3,3,1
fist to pinky,13:11:39.521,28898,6442,2197,1252,993,1212,725,1959,1195,729,733,1854,2777,29192,29329,29197,29188,29293,1485,1256,3269,1129,3137,2737,1142,1059,988,843,1270,2680,28880,28907,2147483647,64567,65312,107,1840,10378,4022,53655,0,3,3,1
fist to pinky,13:11:39.705,29052,6459,2280,1283,1037,1212,725,1995,1230,729,694,1836,2825,29126,29250,29144,29166,29232,1476,1234,3388,1155,3155,2707,1151,1067,988,870,1283,2715,28959,28964,2147483647,64588,65321,88,1840,10382,4027,53660,0,3,3,1
fist to pinky,13:11:39.815,29052,6446,2250,1283,1015,1182,716,1981,1261,747,751,1845,2825,29096,29122,29113,29153,29113,1476,1217,3317,1133,3159,2737,1168,1041,1015,843,1327,2689,28841,28929,2147483647,64581,65322,103,1837,10402,4021,53675,0,3,3,1
fist to pinky,13:11:39.905,29113,6420,2223,1265,984,1212,689,1990,1221,711,755,1775,2843,28995,29245,29179,29166,29236,1494,1212,3326,1111,3172,2733,1177,1050,975,839,1287,2667,29074,29091,2147483647,64564,65320,77,1839,10426,4025,53704,0,3,3,1
fist to pinky,13:11:39.928,29096,6433,2236,1283,1054,1239,716,1959,1234,720,729,1792,2843,29034,29315,29065,29228,29342,1467,1256,3291,1129,3133,2720,1155,1019,988,852,1287,2702,29162,28986,2147483647,64577,65326,85,1816,10432,4020,53697,0,3,3,1
rest in pinky,13:11:40.115,28744,6411,2219,1248,1050,1208,729,1968,1239,720,720,1828,2786,29100,29214,29201,29276,29184,1480,1230,3256,1129,3150,2733,1168,1081,984,887,1291,2663,28946,28832,2147483647,64567,65332,45,1808,10442,4004,53700,0,3,3,1
rest in pinky,13:11:40.131,29113,6416,2228,1265,1010,1234,742,1946,1204,733,742,1832,2830,28876,29258,29126,29162,29267,1472,1217,3278,1155,3146,2724,1142,1032,1019,839,1283,2663,29113,29091,2147483647,64592,65328,42,1813,10423,4006,53684,0,3,3,1
rest in pinky,13:11:40.305,29078,6424,2236,1296,1028,1221,703,1968,1221,755,725,1863,2781,29096,29017,28872,28885,28981,1511,1221,3344,1129,3155,2715,1107,1059,975,896,1287,2711,29043,28942,2147483647,64604,65340,80,1811,10417,3996,53673,0,3,3,1
rest in pinky,13:11:40.406,28924,6477,2214,1252,1041,1195,720,1959,1226,711,694,1832,2777,29131,29140,29162,29113,29126,1454,1199,3313,1120,3102,2733,1146,1023,979,870,1287,2702,28845,28735,2147483647,64623,65344,77,1811,10404,3993,53663,0,3,3,1
rest in pinky,13:11:40.504,28718,6389,2184,1270,1041,1234,733,1977,1252,725,751,1819,2803,29056,29210,29219,29210,29206,1458,1226,3282,1125,3164,2702,1142,1041,1001,817,1270,2663,28999,28749,2147483647,64594,65316,118,1829,10398,4003,53664,0,3,3,1
rest in pinky,13:11:40.518,28700,6429,2162,1278,993,1190,747,1946,1265,707,742,1828,2790,29034,29135,29140,29148,29104,1489,1252,3287,1081,3146,2794,1151,1028,962,852,1265,2663,28916,28691,2147483647,64597,65325,98,1831,10390,4002,53657,0,3,3,1
rest in pinky,13:11:40.620,28880,6394,2188,1283,1006,1221,747,1959,1212,733,751,1801,2755,29122,29175,29223,29271,29197,1489,1239,3331,1116,3133,2698,1146,1116,1015,900,1318,2663,28898,28766,2147483647,64615,65320,97,1814,10395,4016,53663,0,3,3,1
rest in pinky,13:11:40.805,28652,6385,2228,1243,1023,1248,747,1942,1226,729,755,1867,2808,28990,29148,29140,29153,29166,1472,1270,3335,1111,3150,2764,1186,1067,1023,856,1243,2658,28916,28709,2147483647,64580,65320,89,1823,10393,4015,53662,0,3,3,1
rest in pinky,13:11:40.905,28691,6416,2206,1234,979,1230,760,1924,1230,720,782,1845,2803,29197,29192,29166,29206,29157,1494,1226,3326,1129,3137,2794,1129,1103,997,856,1291,2667,28876,28661,2147483647,64596,65310,118,1839,10392,4036,53672,0,3,3,1
rest in pinky,13:11:41.004,28687,6468,2197,1252,966,1256,729,1964,1217,751,751,1814,2803,29113,29131,29131,29126,29148,1472,1217,3291,1107,3168,2711,1146,1050,984,887,1270,2676,28876,28709,2147483647,64570,65311,110,1827,10401,4024,53673,0,3,3,1
rest in pinky,13:11:41.020,28766,6433,2201,1243,1015,1190,738,1977,1248,711,747,1854,2812,29126,29140,29144,29118,29184,1480,1204,3331,1133,3168,2772,1168,1050,979,874,1291,2658,28937,28876,2147483647,64564,65317,59,1823,10397,4026,53670,0,3,3,1
rest in pinky,13:11:41.119,28744,6416,2192,1270,988,1234,729,1942,1230,733,733,1814,2816,29087,29175,29179,29192,29140,1485,1252,3353,1116,3177,2768,1160,1072,997,843,1300,2707,28924,28823,2147483647,64576,65333,83,1800,10401,4009,53664,0,3,3,1
rest in pinky,13:11:41.304,28608,6394,2192,1256,1054,1248,777,1955,1270,720,725,1810,2742,29034,29003,29135,29096,29043,1467,1234,3335,1098,3142,2790,1160,1098,958,839,1335,2663,28841,28665,2147483647,64576,65326,91,1778,10401,3995,53656,0,3,3,1
rest in pinky,13:11:41.404,28810,6429,2206,1221,993,1261,747,1951,1239,720,760,1836,2777,29201,29219,29179,29219,29197,1489,1274,3331,1177,3164,2755,1146,1072,997,843,1300,2663,29012,28937,2147483647,64586,65324,91,1778,10395,4007,53655,0,3,3,1
rest in pinky,13:11:41.504,28779,6424,2197,1248,1041,1204,742,1942,1252,751,738,1845,2781,29043,29021,29140,29140,29021,1480,1226,3282,1089,3146,2764,1182,1089,993,834,1278,2676,28828,28894,2147483647,64587,65338,78,1807,10384,4027,53656,0,3,3,1
rest in pinky,13:11:41.604,28814,6407,2184,1278,1045,1248,711,1968,1261,764,742,1841,2803,29267,29056,29250,29245,29091,1507,1239,3295,1164,3137,2755,1146,1054,1010,878,1296,2680,28898,28841,2147483647,64572,65318,56,1811,10387,4050,53668,0,3,3,1
rest in pinky,13:11:41.704,28718,6380,2201,1296,1023,1226,698,1937,1226,755,738,1814,2772,29175,29017,29157,29175,29025,1489,1217,3300,1138,3164,2755,1160,1085,1001,905,1283,2667,28898,28713,2147483647,64576,65332,31,1777,10397,4046,53670,0,3,3,1
rest in pinky,13:11:41.804,28801,6402,2184,1344,1045,1212,747,1959,1252,733,742,1823,2786,29192,29047,29197,29228,29039,1476,1248,3313,1155,3177,2777,1173,1098,1015,865,1278,2667,28964,28735,2147483647,64588,65317,81,1762,10395,4037,53663,0,3,3,1
rest in pinky,13:11:41.904,28898,6394,2210,1265,1015,1199,729,1916,1243,720,738,1797,2847,29188,29039,29126,29192,29109,1529,1248,3357,1089,3168,2777,1155,1103,988,852,1349,2667,28911,28735,2147483647,64560,65315,71,1784,10387,4050,53663,0,3,3,1
rest in pinky,13:11:42.004,28753,6376,2197,1265,1041,1239,729,1964,1239,707,760,1788,2733,29201,29056,29166,29206,29096,1480,1212,3339,1125,3155,2755,1177,1133,1010,883,1287,2702,28946,28898,2147483647,64572,65321,58,1797,10387,4070,53672,0,3,3,1
rest in pinky,13:11:42.104,28705,6398,2201,1296,1010,1234,707,1942,1234,751,725,1867,2794,29148,29030,29166,29153,29003,1529,1234,3273,1103,3168,2742,1190,1094,997,839,1291,2685,28880,28727,2147483647,64610,65320,47,1785,10391,4081,53678,0,3,3,1
rest in pinky,13:11:42.214,28634,6429,2166,1248,1010,1248,720,1885,1248,707,711,1810,2803,29188,29192,29201,29201,29148,1516,1226,3300,1146,3155,2755,1116,1032,1006,883,1256,2667,28911,28608,2147483647,64584,65325,74,1778,10391,4084,53678,0,3,3,1
rest in pinky,13:11:42.304,29131,6407,2188,1274,1010,1186,720,1880,1230,711,777,1836,2764,28977,29069,29122,29140,29113,1485,1248,3339,1103,3186,2777,1168,1028,1015,878,1283,2746,29061,29056,2147483647,64604,65324,47,1776,10384,4098,53676,0,3,3,1
rest in pinky,13:11:42.404,28621,6416,2170,1283,1019,1239,751,1968,1261,716,738,1828,2715,29201,29039,29157,29184,29056,1480,1256,3282,1063,3172,2759,1168,1103,1037,834,1270,2693,28942,28661,2147483647,64594,65321,52,1782,10396,4100,53688,0,3,3,1
rest in pinky,13:11:42.504,28718,6451,2210,1248,966,1248,729,1990,1195,742,738,1832,2768,29104,29056,29188,29188,29039,1454,1230,3300,1146,3120,2750,1199,1098,1001,878,1261,2658,28902,28810,2147483647,64598,65331,39,1790,10400,4098,53692,0,3,3,1
rest in pinky,13:11:42.605,28894,6394,2219,1274,1010,1239,703,1959,1256,764,773,1819,2772,29157,29003,29083,29144,29043,1507,1221,3331,1116,3155,2724,1138,1072,1015,848,1270,2671,28872,28744,2147483647,64577,65319,35,1817,10401,4100,53698,0,3,3,1
rest in pinky,13:11:42.704,28709,6398,2153,1283,997,1261,725,1942,1186,711,733,1850,2781,29175,29065,29219,29241,29056,1480,1212,3300,1116,3137,2671,1168,1050,1010,905,1283,2663,28959,28784,2147483647,64599,65311,60,1841,10401,4108,53704,0,3,3,1
rest in pinky,13:11:42.720,28951,6407,2201,1270,1019,1239,738,1981,1226,738,742,1841,2768,29030,28999,29179,29135,28990,1507,1248,3317,1116,3137,2759,1195,1067,993,826,1305,2663,28964,28863,2147483647,64599,65301,107,1850,10398,4098,53700,0,3,3,1
rest in pinky,13:11:42.904,28841,6380,2170,1256,988,1234,716,1946,1252,711,720,1845,2759,29228,29074,29144,29179,29065,1485,1208,3309,1116,3164,2750,1155,1041,1001,900,1278,2649,28933,28911,2147483647,64582,65300,126,1850,10396,4090,53695,0,3,3,1
rest in pinky,13:11:43.004,28656,6389,2197,1331,1015,1226,742,1946,1239,725,716,1823,2772,29157,29017,29122,29131,28977,1472,1243,3295,1138,3168,2746,1160,1076,997,883,1270,2671,28916,28634,2147483647,64557,65299,95,1840,10400,4097,53699,0,3,3,1
rest in pinky,13:11:43.104,28929,6367,2192,1291,1001,1212,716,1924,1208,733,738,1819,2742,29179,29069,29188,29184,29091,1450,1256,3265,1120,3159,2707,1168,1041,993,874,1270,2667,28955,28788,2147483647,64554,65283,82,1833,10407,4110,53709,0,3,3,1
rest in pinky,13:11:43.204,28687,6380,2170,1265,1015,1190,738,1973,1208,711,738,1863,2812,29091,29091,29043,29135,29065,1472,1270,3295,1116,3155,2724,1138,1081,984,826,1261,2702,28885,28617,2147483647,64588,65294,104,1834,10409,4113,53712,0,3,3,1
rest in pinky,13:11:43.304,28841,6394,2179,1270,1010,1239,720,1911,1234,725,747,1814,2737,29091,29061,29206,29206,29078,1441,1221,3304,1107,3093,2733,1155,1054,1006,865,1252,2676,28942,28643,2147483647,64543,65297,89,1882,10449,4078,53743,0,3,3,1
rest in pinky,13:11:43.404,28749,6389,2184,1278,993,1243,711,1929,1182,707,733,1850,2689,29170,29008,29144,29162,29003,1494,1270,3331,1103,3150,2737,1186,1081,993,865,1265,2685,28968,28740,2147483647,64564,65315,91,1883,10433,4111,53740,0,3,3,1
rest in pinky,13:11:43.504,28639,6424,2157,1296,997,1221,751,1907,1230,738,729,1828,2772,29135,29083,29201,29219,29091,1480,1230,3278,1116,3142,2693,1186,1028,1045,843,1283,2707,28977,28612,2147483647,64589,65307,95,1843,10445,4135,53753,0,3,3,1
rest in pinky,13:11:43.604,28937,6433,2144,1309,988,1208,711,1933,1221,716,694,1836,2772,29039,29017,29087,29140,29025,1524,1234,3291,1129,3146,2724,1177,1045,958,856,1300,2671,28898,28731,2147483647,64581,65314,48,1825,10438,4143,53747,0,3,3,1
rest in pinky,13:11:43.705,28656,6402,2175,1270,1023,1217,742,1907,1243,733,720,1845,2777,29206,29113,29241,29197,29096,1511,1239,3278,1138,3155,2759,1164,1054,1010,839,1291,2663,28876,28784,2147483647,64542,65308,62,1834,10446,4136,53753,0,3,3,1
rest in pinky,13:11:43.805,28740,6389,2206,1300,997,1252,742,1916,1217,747,733,1850,2772,29012,28986,29175,29140,28942,1485,1182,3326,1138,3146,2759,1168,1028,1032,848,1265,2689,28959,28713,2147483647,64558,65313,85,1820,10451,4130,53753,0,3,3,1
rest in pinky,13:11:43.904,28770,6380,2175,1300,1050,1248,720,1911,1212,725,676,1828,2737,29030,29047,29122,29144,29052,1494,1261,3273,1107,3142,2755,1168,1072,1010,817,1256,2619,28920,28801,2147483647,64596,65300,62,1817,10449,4153,53758,0,3,3,1
rest in pinky,13:11:43.921,28731,6416,2175,1309,984,1252,751,1937,1195,742,711,1819,2764,29135,29052,29228,29214,29025,1476,1217,3273,1107,3168,2733,1182,1111,984,896,1278,2645,29003,28801,2147483647,64553,65308,72,1847,10443,4160,53761,0,3,3,1
rest in pinky,13:11:44.114,28766,6358,2131,1248,993,1221,720,1924,1212,738,751,1806,2746,29126,29118,29250,29276,29131,1458,1226,3282,1120,3150,2724,1146,1037,975,874,1252,2649,28876,28678,2147483647,64538,65282,95,1845,10448,4149,53761,0,3,3,1
rest in pinky,13:11:44.131,29113,6345,2179,1309,1010,1204,711,1924,1261,725,742,1832,2733,28863,28889,29280,29223,28810,1476,1212,3295,1063,3186,2781,1155,1050,988,848,1270,2689,29061,29126,2147483647,64576,65317,31,1839,10457,4154,53770,0,3,3,1
rest in pinky,13:11:44.225,28841,6376,2140,1274,1015,1243,716,1942,1230,725,729,1841,2737,29109,28995,29162,29157,29030,1472,1243,3260,1129,3146,2733,1186,1059,1015,826,1274,2667,28955,28806,2147483647,64593,65328,39,1838,10459,4163,53774,0,3,3,1
rest in pinky,13:11:44.405,28713,6372,2175,1261,1001,1252,711,1959,1217,716,729,1823,2746,29065,29056,29236,29223,29052,1507,1217,3273,1125,3159,2750,1173,1028,1015,856,1296,2649,28894,28691,2147483647,64545,65332,41,1843,10502,4135,53804,0,3,3,1
rest in pinky,13:11:44.505,28621,6354,2170,1252,993,1208,725,1933,1190,703,733,1832,2729,29118,28995,29162,29188,29047,1498,1226,3291,1116,3150,2746,1160,1041,1019,874,1265,2663,28876,28577,2147483647,64542,65318,76,1884,10503,4088,53794,0,3,3,1
rest in pinky,13:11:44.615,28894,6332,2135,1270,1037,1234,720,1889,1265,742,733,1819,2715,29175,29043,29188,29153,29078,1520,1208,3287,1085,3150,2781,1138,1054,1037,830,1265,2663,28920,28669,2147483647,64619,65324,38,1875,10498,4101,53794,0,3,3,1
rest in pinky,13:11:44.704,29021,6376,2197,1265,1015,1195,742,1973,1195,725,747,1845,2750,28832,28691,29162,29153,28683,1502,1212,3251,1177,3146,2750,1146,1037,1023,852,1278,2645,29074,29069,2147483647,64591,65345,42,1879,10532,4062,53811,0,3,3,1
rest in pinky,13:11:44.804,28656,6354,2153,1270,988,1226,707,1920,1230,720,725,1858,2733,29170,29056,29153,29170,29034,1467,1204,3247,1125,3115,2715,1168,1054,993,878,1270,2649,28929,28639,2147483647,64576,65331,73,1888,10520,4064,53802,0,3,3,1
rest in pinky,13:11:44.904,28792,6310,2179,1278,997,1195,733,1933,1199,720,720,1858,2737,29166,29039,29091,29175,29074,1450,1217,3251,1133,3164,2720,1151,1045,1001,870,1278,2671,28876,28823,2147483647,64568,65330,65,1864,10521,4077,53804,0,3,3,1
rest in pinky,13:11:45.004,28981,6336,2144,1278,1010,1190,707,1977,1217,711,747,1806,2737,29170,29162,29293,29311,29166,1480,1212,3313,1103,3150,2698,1195,1059,1001,861,1256,2663,28841,28845,2147483647,64588,65309,90,1856,10519,4095,53807,0,3,3,1
pinky to fist,13:11:45.104,28964,6376,2157,1283,1028,1283,729,1964,1265,742,738,1832,2755,29104,29061,29223,29188,29083,1480,1248,3256,1133,3102,2742,1173,1032,997,843,1283,2676,28902,28894,2147483647,64599,65303,79,1861,10507,4110,53802,0,3,3,1
pinky to fist,13:11:45.204,28951,6354,2148,1274,1032,1248,716,1916,1221,760,703,1832,2759,29087,29043,29126,29192,29047,1489,1199,3265,1129,3159,2711,1138,1076,993,843,1256,2658,28902,28885,2147483647,64581,65318,45,1880,10506,4119,53808,0,3,3,1
pinky to fist,13:11:45.304,29021,6341,2157,1274,1006,1204,755,1933,1234,738,729,1806,2746,29021,28977,29166,29153,29043,1489,1261,3309,1133,3102,2720,1129,1067,1023,848,1300,2654,28916,28999,2147483647,64578,65314,54,1883,10518,4124,53821,0,3,3,1
pinky to fist,13:11:45.404,29021,6350,2184,1300,1028,1230,742,1889,1204,755,742,1863,2720,29144,28981,29074,29135,28990,1489,1221,3256,1116,3142,2724,1168,1050,988,852,1256,2658,28828,28920,2147483647,64528,65329,63,1886,10538,4099,53830,0,3,3,1
pinky to fist,13:11:45.419,29021,6372,2162,1243,1037,1248,747,1911,1204,751,777,1836,2750,29170,29065,29201,29206,29034,1458,1221,3291,1111,3181,2737,1142,1067,1015,852,1300,2676,28968,29008,2147483647,64565,65314,34,1872,10533,4105,53825,0,3,3,1
pinky to fist,13:11:45.604,28916,6380,2157,1261,1041,1212,711,1946,1190,742,751,1828,2729,29144,28981,29109,29069,29017,1463,1186,3291,1107,3168,2715,1151,1059,984,861,1270,2680,28902,28894,2147483647,64565,65314,38,1869,10530,4106,53823,0,3,3,1
pinky to fist,13:11:45.704,28986,6376,2166,1270,1019,1221,738,1946,1199,725,725,1819,2759,29043,29083,29223,29258,29100,1485,1221,3317,1120,3155,2750,1186,1041,1006,839,1278,2645,28977,29025,2147483647,64557,65318,42,1869,10534,4109,53827,0,3,3,1
pinky to fist,13:11:45.814,28924,6354,2122,1287,993,1226,720,1959,1208,738,733,1810,2750,29043,28959,29135,29109,28981,1485,1217,3326,1138,3164,2737,1182,1094,979,830,1291,2667,28880,28907,2147483647,64589,65336,49,1858,10532,4113,53825,0,3,3,1
pinky to fist,13:11:45.905,29135,6380,2153,1270,993,1261,760,1968,1226,738,720,1841,2737,28942,29047,29333,29311,28876,1502,1243,3295,1155,3221,2733,1177,1081,1028,843,1283,2636,29157,29087,2147483647,64597,65327,51,1860,10537,4120,53832,0,3,3,1
pinky to fist,13:11:46.005,28959,6376,2140,1287,1041,1248,720,2039,1226,707,729,1858,2729,29140,29175,29280,29280,29008,1476,1217,3313,1111,3177,2707,1111,1072,988,861,1274,2667,28775,28955,2147483647,64573,65318,25,1869,10534,4122,53832,0,3,3,1
pinky to fist,13:11:46.022,29069,6358,2157,1270,1050,1217,711,1964,1226,764,755,1850,2702,29162,28920,29188,29250,28894,1520,1261,3273,1116,3208,2750,1168,1125,997,874,1291,2711,28854,29087,2147483647,64578,65336,66,1876,10544,4119,53841,0,3,3,1
pinky to fist,13:11:46.119,28959,6389,2166,1261,979,1226,751,1964,1182,725,725,1836,2742,29153,29021,29140,29118,29008,1485,1221,3265,1089,3190,2715,1168,1028,1019,843,1283,2645,28757,28911,2147483647,64569,65333,63,1873,10537,4116,53833,0,3,3,1
pinky to fist,13:11:46.305,28920,6394,2148,1270,1006,1230,733,1955,1217,725,738,1841,2707,29175,29100,29210,29210,29078,1498,1234,3304,1151,3221,2742,1199,1050,993,856,1287,2636,28828,28951,2147483647,64609,65321,53,1845,10536,4130,53833,0,3,3,1
pinky to fist,13:11:46.320,29008,6372,2126,1291,1001,1226,760,1951,1230,733,689,1841,2772,29091,29017,29157,29175,29003,1472,1243,3339,1125,3120,2746,1199,1076,984,834,1270,2645,28784,28973,2147483647,64617,65326,55,1823,10537,4134,53832,0,3,3,1
pinky to fist,13:11:46.505,28937,6380,2179,1270,1054,1199,689,1990,1239,725,733,1850,2772,29241,29166,29280,29280,29219,1511,1217,3265,1142,3142,2702,1160,1063,997,848,1256,2641,28713,28955,2147483647,64603,65325,52,1835,10532,4126,53826,0,3,3,1
pinky to fist,13:11:46.604,29052,6372,2148,1278,1001,1256,751,1929,1208,711,733,1889,2777,29118,29056,29166,29179,29021,1489,1252,3243,1111,3146,2764,1168,1076,975,856,1287,2711,28823,28946,2147483647,64560,65318,32,1848,10518,4120,53813,0,3,3,1
pinky to fist,13:11:46.704,28924,6385,2135,1265,1023,1212,747,1946,1226,707,773,1828,2737,29135,29025,29131,29166,29069,1507,1190,3260,1129,3137,2750,1186,1076,1019,839,1283,2680,28709,28894,2147483647,64594,65337,53,1824,10489,4116,53782,0,3,3,1
pinky to fist,13:11:46.804,28986,6367,2210,1278,993,1252,751,1951,1190,703,738,1854,2746,29113,29083,29201,29210,29012,1498,1239,3247,1146,3168,2733,1142,1076,1010,804,1322,2627,28845,28981,2147483647,64591,65321,55,1762,10535,4130,53819,0,3,3,1
pinky to fist,13:11:46.820,28999,6394,2153,1283,984,1234,733,1968,1199,729,742,1814,2764,29153,28973,29122,29157,29008,1450,1230,3278,1129,3164,2746,1195,1045,1006,848,1283,2663,28740,28937,2147483647,64587,65304,79,1756,10522,4121,53804,0,3,3,1
pinky to fist,13:11:46.920,28981,6367,2140,1300,1023,1221,703,1959,1195,733,747,1872,2742,29166,29056,29166,29122,29047,1494,1208,3335,1125,3111,2781,1151,1111,975,856,1309,2623,28806,28924,2147483647,64552,65315,73,1752,10516,4120,53797,0,3,3,1
pinky to fist,13:11:47.104,28902,6367,2166,1291,1059,1234,689,1968,1204,733,733,1850,2742,29157,29039,29140,29100,29047,1480,1208,3269,1076,3142,2724,1133,1054,1028,852,1313,2663,28828,28933,2147483647,64603,65315,64,1758,10509,4124,53793,0,3,3,1
pinky to fist,13:11:47.204,29021,6407,2175,1265,1006,1274,716,1959,1243,716,742,1854,2772,29162,29061,29201,29250,29109,1445,1226,3273,1125,3124,2685,1182,1072,1015,834,1296,2627,28770,28964,2147483647,64581,65311,82,1771,10505,4123,53791,0,3,3,1
pinky to fist,13:11:47.304,28942,6372,2175,1274,988,1195,716,1964,1151,725,733,1797,2720,29087,29056,29148,29179,28986,1502,1208,3295,1120,3146,2715,1155,1081,1032,834,1283,2636,28740,28920,2147483647,64573,65302,102,1772,10517,4120,53801,0,3,3,1
pinky to fist,13:11:47.405,28995,6407,2179,1300,1001,1274,711,1986,1212,729,738,1828,2790,29166,29140,29302,29250,29175,1502,1195,3291,1116,3115,2733,1138,1081,979,861,1270,2658,28858,28955,2147483647,64574,65303,70,1773,10512,4137,53803,0,3,3,1
pinky to fist,13:11:47.504,28929,6385,2170,1305,1028,1234,711,2021,1243,720,760,1819,2777,29197,29184,29214,29280,29201,1507,1234,3273,1120,3159,2702,1120,1041,988,834,1287,2645,28753,28911,2147483647,64578,65309,42,1781,10522,4141,53814,0,3,3,1
pinky to fist,13:11:47.519,28924,6341,2153,1300,1015,1261,694,1946,1204,733,725,1858,2746,29241,29021,29175,29223,29021,1476,1239,3300,1107,3111,2746,1151,1041,1006,848,1283,2693,28814,28920,2147483647,64581,65307,61,1779,10524,4128,53811,0,3,3,1
pinky to fist,13:11:47.705,28977,6389,2135,1270,1001,1239,698,1973,1195,707,729,1854,2781,29144,29008,29104,29144,28964,1507,1243,3269,1107,3146,2707,1168,1032,997,843,1278,2693,28705,28885,2147483647,64560,65304,86,1786,10528,4108,53808,0,3,3,1
pinky to fist,13:11:47.804,28951,6345,2179,1287,997,1226,711,1955,1208,711,751,1867,2803,29170,29153,29241,29351,29197,1463,1248,3291,1094,3115,2711,1146,1041,966,834,1296,2641,28876,28907,2147483647,64568,65302,70,1778,10526,4116,53809,0,3,3,1
pinky to fist,13:11:47.904,28973,6372,2153,1274,993,1221,716,1937,1208,733,751,1828,2794,29126,29100,29219,29219,29104,1480,1208,3300,1094,3128,2707,1195,1076,997,834,1278,2636,28801,28999,2147483647,64582,65302,63,1770,10516,4143,53807,0,3,3,1
pinky to fist,13:11:48.005,28929,6358,2157,1226,1006,1248,747,1942,1212,716,711,1850,2733,29192,29096,29104,29131,29201,1502,1221,3313,1151,3102,2663,1142,1054,1019,817,1287,2671,28740,28854,2147483647,64568,65303,54,1777,10503,4158,53803,0,3,3,1
pinky to fist,13:11:48.104,29021,6407,2100,1291,1010,1204,729,1946,1204,725,738,1841,2724,29100,29047,29144,29184,28990,1489,1217,3300,1138,3133,2698,1133,1076,1001,804,1296,2658,28784,28973,2147483647,64601,65302,46,1778,10490,4158,53791,0,3,3,1
pinky to fist,13:11:48.204,28955,6345,2192,1313,1015,1234,751,1964,1226,738,755,1836,2733,29109,29030,29162,29170,29039,1498,1199,3304,1103,3142,2693,1173,1063,1010,839,1248,2610,28814,28977,2147483647,64564,65313,68,1779,10497,4157,53797,0,3,3,1
pinky to fist,13:11:48.315,28977,6433,2201,1296,993,1234,725,1977,1239,694,729,1836,2729,29206,29144,29170,29210,29144,1467,1234,3309,1125,3172,2680,1146,1081,1037,856,1270,2627,28823,28937,2147483647,64590,65297,76,1782,10487,4174,53795,0,3,3,1
pinky to fist,13:11:48.332,29135,6385,2206,1265,1006,1230,716,1933,1243,733,716,1823,2764,28872,28986,29175,29276,28946,1498,1234,3335,1116,3181,2794,1168,1085,1006,848,1243,2654,28889,29091,2147483647,64567,65304,50,1792,10484,4171,53792,0,3,3,1
pinky to fist,13:11:48.505,29245,6380,2197,1283,1015,1261,703,1959,1208,689,751,1863,2768,28889,29039,29223,29293,29012,1489,1221,3313,1133,3133,2742,1173,1037,984,852,1291,2693,29047,29210,2147483647,64594,65319,32,1776,10495,4168,53798,0,3,3,1
pinky to fist,13:11:48.520,28920,6394,2188,1226,1006,1226,703,1946,1177,698,742,1858,2724,29091,29091,29091,29153,29135,1520,1212,3322,1142,3128,2724,1133,1067,1023,892,1270,2658,28924,28924,2147483647,64588,65330,26,1784,10514,4161,53815,0,3,3,1
pinky to fist,13:11:48.618,29012,6376,2166,1252,1032,1248,738,1955,1226,729,725,1858,2680,29166,29056,29074,29091,29052,1489,1243,3392,1133,3168,2737,1155,1067,993,839,1274,2667,28845,28946,2147483647,64594,65317,51,1798,10526,4161,53827,0,3,3,1
pinky to fist,13:11:48.804,28880,6402,2219,1278,984,1226,720,1951,1190,707,742,1841,2750,29157,28995,29096,29122,28990,1494,1248,3348,1133,3124,2720,1173,1103,984,852,1270,2658,28718,28863,2147483647,64574,65300,72,1797,10518,4171,53824,0,3,3,1
pinky to fist,13:11:48.905,28937,6385,2188,1270,1041,1265,698,1973,1217,716,755,1863,2781,29179,29109,29074,29078,29179,1480,1226,3326,1133,3146,2746,1160,1072,975,852,1283,2645,28819,28902,2147483647,64592,65306,58,1796,10505,4182,53816,0,3,3,1
pinky to fist,13:11:48.920,28951,6380,2206,1309,993,1234,720,1964,1204,711,742,1814,2755,29078,29104,28986,29003,29166,1502,1217,3361,1164,3124,2724,1146,1081,975,826,1309,2689,28727,28885,2147483647,64563,65308,25,1788,10511,4174,53817,0,3,3,1
pinky to fist,13:11:49.105,28955,6380,2175,1283,1023,1243,716,1937,1234,729,725,1797,2755,29162,29197,29039,29052,29184,1498,1177,3366,1129,3150,2729,1142,1085,984,830,1270,2663,28784,28955,2147483647,64536,65303,51,1791,10533,4152,53829,0,3,3,1
pinky to fist,13:11:49.205,28959,6341,2188,1305,1001,1234,729,1951,1234,742,725,1819,2746,29122,29113,29096,29100,29100,1524,1243,3383,1160,3128,2755,1164,1085,979,834,1265,2658,28806,28964,2147483647,64598,65316,62,1790,10511,4147,53808,0,3,3,1
pinky to fist,13:11:49.304,28911,6345,2148,1287,993,1230,703,1968,1204,747,733,1854,2781,29184,29030,29047,29052,29034,1472,1234,3361,1160,3155,2750,1168,1054,988,883,1283,2649,28784,28964,2147483647,64603,65303,65,1785,10504,4152,53803,0,3,3,1
pinky to fist,13:11:49.405,29012,6367,2192,1274,1015,1212,707,1951,1199,720,751,1832,2742,29126,29148,29126,29100,29170,1480,1195,3348,1160,3137,2777,1160,1094,1015,852,1278,2667,28801,28973,2147483647,64595,65306,40,1779,10491,4145,53787,0,3,3,1
pinky to fist,13:11:49.420,29003,6372,2175,1261,993,1190,725,1951,1226,733,742,1845,2729,29166,29135,28929,29012,29131,1507,1234,3392,1089,3168,2790,1146,1037,1032,834,1291,2671,28806,28951,2147483647,64580,65308,77,1770,10495,4118,53780,0,3,3,1
pinky to fist,13:11:49.605,29021,6345,2188,1274,993,1212,747,1986,1195,716,729,1854,2768,29126,29162,29096,29047,29148,1494,1168,3361,1116,3190,2781,1142,1063,993,870,1296,2649,28770,28999,2147483647,64568,65318,59,1773,10493,4094,53770,0,3,3,1
pinky to fist,13:11:49.704,28911,6363,2153,1248,975,1226,703,1964,1186,725,769,1823,2746,29083,29096,28999,29017,29065,1476,1212,3366,1142,3159,2764,1186,1072,962,830,1313,2689,28836,28990,2147483647,64591,65297,27,1781,10500,4087,53776,0,3,3,1
pinky to fist,13:11:49.804,28968,6385,2175,1300,997,1243,720,1999,1182,733,729,1819,2755,29126,29197,29109,29104,29192,1489,1234,3361,1129,3102,2711,1120,1094,997,839,1265,2654,28792,28916,2147483647,64570,65340,83,1741,10537,3988,53769,0,3,3,1
pinky to fist,13:11:49.904,28968,6380,2192,1287,988,1199,707,1959,1208,689,733,1841,2759,29170,29113,29043,28990,29153,1507,1208,3379,1177,3150,2729,1164,1089,1028,821,1300,2671,28779,28911,2147483647,64587,65334,5,1726,10559,3965,53778,0,3,3,1
rest in fist,13:11:50.005,29017,6424,2201,1278,1006,1239,711,2025,1221,720,689,1828,2750,29192,29201,29039,29096,29210,1502,1212,3348,1164,3172,2742,1151,1041,979,856,1261,2649,28845,29021,2147483647,64588,65326,34,1728,10532,4006,53768,0,3,3,1
rest in fist,13:11:50.021,28911,6416,2184,1261,975,1256,694,1964,1182,716,738,1823,2720,29140,29118,29056,29065,29109,1472,1230,3357,1129,3150,2755,1195,1063,975,892,1287,2671,28727,28907,2147483647,64591,65336,74,1679,10524,3983,53746,0,3,3,1
rest in fist,13:11:50.205,29025,6398,2201,1270,1037,1230,703,1955,1199,707,707,1823,2737,29192,28959,29061,29091,28929,1485,1252,3366,1142,3155,2755,1164,1059,1001,883,1278,2654,28806,28990,2147483647,64547,65327,64,1665,10526,3974,53743,0,3,3,1
rest in fist,13:11:50.304,28964,6394,2206,1274,997,1248,681,2003,1190,738,716,1823,2750,29153,29118,28995,29039,29179,1511,1208,3335,1116,3168,2790,1195,1054,979,861,1278,2667,28740,28907,2147483647,64526,65310,29,1690,10514,4020,53751,0,3,3,1
rest in fist,13:11:50.404,28933,6429,2201,1278,1028,1226,685,1986,1204,742,738,1819,2755,29188,29201,29104,29083,29192,1520,1212,3392,1125,3150,2742,1138,1045,1006,861,1309,2658,28770,28911,2147483647,64577,65294,56,1693,10504,4025,53745,0,3,3,1
rest in fist,13:11:50.504,28933,6437,2267,1283,984,1221,720,1937,1199,707,729,1845,2680,29140,29140,29039,29021,29131,1476,1239,3366,1116,3172,2746,1133,1059,966,834,1270,2605,28749,28916,2147483647,64539,65287,72,1710,10510,3987,53740,0,3,3,1
rest in fist,13:11:50.604,28494,6455,2214,1261,1028,1204,711,1981,1190,689,751,1810,2702,29175,29197,29047,29109,29192,1485,1212,3331,1155,3159,2755,1155,1081,993,834,1274,2614,28722,28617,2147483647,64565,65296,63,1730,10511,3989,53744,0,3,3,1
rest in fist,13:11:50.704,28968,6402,2201,1256,1015,1217,733,2008,1195,720,729,1872,2711,29118,29096,29039,29017,29148,1472,1195,3375,1142,3133,2759,1177,1059,971,878,1296,2680,28770,28964,2147483647,64539,65314,78,1737,10552,3991,53782,0,3,3,1
rest in fist,13:11:50.804,28973,6442,2210,1252,1010,1204,707,2008,1186,729,751,1814,2750,29166,29091,28995,29047,29126,1524,1204,3427,1085,3177,2755,1199,1019,1028,874,1278,2667,28801,28929,2147483647,64553,65317,14,1705,10626,4028,53857,0,3,3,1
rest in fist,13:11:50.904,28959,6442,2232,1287,993,1230,729,2008,1190,747,725,1841,2702,29166,29056,29052,29091,29096,1542,1217,3379,1146,3234,2742,1182,1098,984,874,1287,2641,28889,28977,2147483647,64592,65324,65525,1658,10633,4042,53861,0,3,3,1
rest in fist,13:11:51.004,28907,6416,2210,1256,1010,1243,707,1981,1221,716,725,1832,2764,29113,29065,28981,28990,29047,1507,1239,3313,1155,3238,2746,1151,1045,1028,839,1239,2636,28757,28823,2147483647,64590,65311,33,1623,10612,4020,53830,0,3,3,1
rest in fist,13:11:51.104,28999,6420,2236,1274,1023,1252,729,1995,1177,755,738,1836,2781,29188,29087,29087,29069,29078,1489,1195,3357,1151,3221,2764,1168,1015,1006,865,1287,2667,28801,28968,2147483647,64607,65313,50,1561,10609,4015,53818,0,3,3,1
rest in fist,13:11:51.205,28894,6398,2201,1261,1006,1204,703,1990,1182,725,747,1841,2737,29118,29091,29118,29131,29148,1507,1243,3361,1151,3221,2768,1160,1045,1023,848,1287,2645,28845,28937,2147483647,64605,65308,36,1551,10607,4018,53815,0,3,3,1
rest in fist,13:11:51.304,29012,6437,2179,1287,1010,1212,725,1964,1212,755,751,1836,2759,29170,29052,29039,29126,29061,1480,1195,3375,1160,3150,2720,1142,1041,1010,878,1287,2698,28836,28981,2147483647,64568,65318,30,1563,10610,4009,53816,0,3,3,1
rest in fist,13:11:51.404,28937,6411,2188,1270,997,1243,711,1951,1190,729,742,1810,2746,29109,29131,29056,29021,29074,1511,1217,3357,1151,3247,2777,1125,1059,966,826,1296,2627,28766,28889,2147483647,64598,65314,34,1550,10599,4025,53810,0,3,3,1
rest in fist,13:11:51.505,28981,6420,2157,1252,1006,1278,742,2017,1230,698,742,1801,2724,29214,29052,29056,29087,29122,1507,1217,3353,1164,3186,2729,1142,1045,993,870,1261,2623,28775,28955,2147483647,64604,65284,69,1546,10588,4026,53800,0,3,3,1
rest in fist,13:11:51.605,28911,6367,2184,1265,1050,1230,733,2025,1221,676,729,1832,2755,29188,29030,29025,29047,29034,1511,1226,3370,1138,3159,2715,1155,1054,1006,874,1335,2671,28762,28894,2147483647,64550,65306,6,1520,10646,3997,53840,0,3,3,1
rest in fist,13:11:51.620,28990,6385,2241,1287,1006,1239,742,1981,1190,720,725,1814,2742,29184,29170,29100,29096,29201,1529,1226,3326,1146,3150,2750,1160,1045,988,826,1287,2636,28775,28964,2147483647,64555,65308,50,1488,10615,3959,53794,0,3,3,1
rest in fist,13:11:51.721,29021,6411,2219,1252,1023,1199,703,1959,1208,733,711,1854,2759,29140,29012,28977,29017,29025,1507,1226,3326,1138,3168,2737,1138,1037,1015,830,1283,2641,28770,28946,2147483647,64597,65310,40,1485,10589,3991,53782,0,3,3,1
rest in fist,13:11:51.904,28911,6398,2201,1305,997,1248,694,2021,1204,725,755,1832,2764,29140,29148,29126,29118,29192,1511,1234,3370,1094,3137,2693,1182,1045,958,852,1305,2649,28744,28911,2147483647,64554,65314,43,1510,10601,3999,53798,0,3,3,1
rest in fist,13:11:52.004,28946,6385,2192,1221,1019,1217,733,1999,1234,703,755,1850,2750,29109,29122,28995,28977,29118,1485,1226,3322,1164,3199,2777,1190,1023,1037,848,1283,2676,28880,28951,2147483647,64592,65320,44,1515,10588,3993,53785,0,3,3,1
rest in fist,13:11:52.104,28902,6394,2192,1261,1019,1230,720,2012,1195,711,711,1850,2764,29197,29096,29030,29039,29157,1472,1239,3388,1116,3150,2772,1173,1081,975,861,1252,2627,28810,28902,2147483647,64615,65325,44,1530,10593,3995,53792,0,3,3,1
rest in fist,13:11:52.205,28981,6407,2179,1248,1015,1208,755,1990,1217,747,742,1819,2764,29157,29083,29043,28977,29096,1467,1221,3326,1125,3142,2742,1168,1063,988,861,1256,2636,28770,28951,2147483647,64593,65315,42,1553,10591,3999,53795,0,3,3,1
rest in fist,13:11:52.305,29021,6402,2184,1278,993,1239,716,1995,1195,725,747,1841,2772,29148,29069,29017,29061,29096,1524,1226,3344,1155,3172,2737,1155,1081,993,839,1287,2636,28709,28889,2147483647,64579,65320,61,1569,10592,3994,53796,0,3,3,1
rest in fist,13:11:52.405,28995,6376,2157,1265,1010,1239,716,1973,1195,747,729,1801,2737,29219,29122,29061,29030,29104,1502,1212,3309,1142,3133,2750,1204,1085,997,817,1278,2632,28832,28937,2147483647,64583,65319,54,1572,10601,3999,53806,0,3,3,1
rest in fist,13:11:52.505,28894,6385,2210,1300,1045,1239,716,2003,1226,720,751,1797,2768,29100,29109,29012,28959,29091,1502,1186,3326,1164,3181,2733,1168,1059,988,830,1274,2654,28797,28946,2147483647,64598,65300,53,1570,10619,3991,53819,0,3,3,1
rest in fist,13:11:52.615,28946,6398,2184,1274,997,1208,747,2034,1186,755,711,1828,2755,29175,29170,29184,29184,29074,1498,1226,3326,1151,3203,2750,1217,1037,1019,834,1322,2658,28929,28933,2147483647,64592,65309,47,1580,10615,4004,53822,0,3,3,1
rest in fist,13:11:52.705,29078,6389,2192,1252,1006,1243,707,1986,1208,751,747,1845,2742,28832,28801,28937,28885,28841,1494,1217,3357,1146,3177,2737,1164,1063,1023,848,1313,2658,29047,29069,2147483647,64598,65313,50,1595,10614,4006,53824,0,3,3,1
rest in fist,13:11:52.805,29166,6380,2210,1296,1001,1204,707,1981,1199,698,760,1828,2746,28902,28766,28731,28836,28889,1485,1230,3379,1107,3168,2724,1116,1063,984,874,1265,2645,28977,29162,2147483647,64589,65302,71,1602,10617,4009,53828,0,3,3,1
rest in fist,13:11:52.915,29047,6332,2201,1296,1001,1208,773,1981,1190,755,755,1832,2777,28942,28889,28999,28889,28920,1489,1221,3317,1129,3124,2720,1146,1050,988,826,1270,2654,28894,29061,2147483647,64576,65314,25,1603,10617,4023,53833,0,3,3,1
rest in fist,13:11:52.931,29087,6380,2201,1270,1019,1239,707,1981,1221,733,755,1828,2750,28920,28898,28959,28735,28942,1472,1248,3322,1155,3093,2755,1160,1072,1019,848,1291,2663,29043,29135,2147483647,64550,65303,45,1598,10655,4019,53866,0,3,3,1
rest in fist,13:11:53.105,28990,6372,2061,1274,1037,1270,703,2003,1177,716,725,1845,2729,29126,29078,28977,28951,29096,1529,1234,3348,1146,3133,2724,1160,1054,1001,843,1287,2693,28740,28898,2147483647,64567,65322,31,1585,10676,4004,53878,0,3,3,1
rest in fist,13:11:53.206,28850,6394,2052,1283,984,1221,694,1986,1199,720,747,1806,2733,29144,29184,29061,29039,29188,1516,1256,3331,1142,3120,2698,1146,1050,1010,848,1265,2689,28770,28854,2147483647,64568,65325,65535,1576,10690,4001,53888,0,3,3,1
rest in fist,13:11:53.220,28836,6358,2175,1296,1019,1239,703,2021,1230,698,742,1836,2750,29263,28902,29003,29008,28977,1485,1217,3357,1125,3150,2737,1173,1063,971,843,1283,2658,28749,28823,2147483647,64567,65313,23,1588,10678,4003,53880,0,3,3,1
rest in fist,13:11:53.405,28850,6380,2250,1300,1037,1261,703,1977,1204,716,720,1832,2715,29109,29104,29003,29065,29162,1520,1234,3335,1155,3142,2764,1177,1072,1001,852,1278,2636,28788,28832,2147483647,64571,65317,39,1596,10670,4009,53875,0,3,3,1
rest in fist,13:11:53.505,28876,6350,2214,1270,988,1226,716,1951,1204,720,716,1850,2781,29135,29122,29122,29091,29118,1494,1234,3348,1164,3159,2768,1142,1054,1001,830,1300,2658,28924,28828,2147483647,64596,65309,44,1611,10658,4020,53870,0,3,3,1
rest in fist,13:11:53.605,28832,6394,2148,1265,1028,1217,720,2025,1204,711,738,1836,2733,29109,29104,29122,29131,29131,1533,1212,3331,1138,3137,2720,1155,1085,1037,878,1331,2627,28902,28784,2147483647,64598,65320,52,1615,10650,4024,53864,0,3,3,1
rest in fist,13:11:53.705,28880,6354,2263,1274,1019,1234,725,1951,1239,729,738,1797,2768,29087,29087,29087,29074,29122,1485,1234,3313,1133,3142,2715,1160,1067,997,839,1270,2693,28814,28854,2147483647,64561,65311,45,1625,10654,4003,53863,0,3,3,1
rest in fist,13:11:53.805,28841,6389,2214,1296,1037,1239,720,1995,1230,769,751,1819,2715,29166,29162,29144,29131,29113,1480,1204,3331,1129,3177,2746,1186,1059,1006,878,1265,2641,28872,28867,2147483647,64589,65304,41,1621,10654,3999,53861,0,3,3,1
rest in fist,13:11:53.905,28841,6380,2166,1274,1015,1204,694,1999,1248,716,751,1819,2742,29083,29170,29153,29214,29140,1498,1208,3361,1155,3146,2715,1195,1019,1006,817,1313,2693,28999,28863,2147483647,64590,65311,24,1619,10648,4002,53857,0,3,3,1
rest in fist,13:11:54.005,28801,6433,2175,1300,1023,1230,711,2030,1212,720,751,1845,2720,29131,29109,28986,29021,29126,1538,1217,3370,1133,3142,2742,1186,1067,1045,843,1287,2663,28753,28766,2147483647,64563,65314,81,1619,10648,3990,53851,0,3,3,1
rest in fist,13:11:54.105,28841,6468,2223,1265,1050,1217,725,1990,1190,707,716,1823,2720,29285,29135,29047,29052,29166,1529,1190,3366,1133,3172,2707,1177,1098,1019,856,1270,2588,28841,28814,2147483647,64548,65314,55,1627,10642,3998,53850,0,3,3,1
rest in fist,13:11:54.119,28779,6424,2140,1283,997,1217,711,1968,1217,707,703,1836,2755,29285,29148,29126,29188,29131,1524,1177,3335,1129,3168,2698,1142,1032,975,843,1270,2649,28845,28797,2147483647,64566,65302,46,1635,10634,4015,53850,0,3,3,1
rest in fist,13:11:54.305,28770,6446,2223,1270,988,1265,716,2012,1243,738,742,1845,2750,29307,29192,29078,29140,29188,1485,1190,3339,1142,3133,2742,1177,1107,979,852,1305,2641,28810,28841,2147483647,64580,65322,25,1625,10634,4017,53850,0,3,3,1
rest in fist,13:11:54.406,28788,6394,2188,1283,1037,1239,742,2017,1212,716,751,1823,2724,29206,29131,29008,29043,29206,1516,1239,3326,1138,3164,2715,1138,1072,1010,830,1265,2654,28735,28788,2147483647,64566,65324,9,1628,10638,4013,53852,0,3,3,1
rest in fist,13:11:54.504,28841,6389,2232,1270,1015,1195,720,1990,1212,729,751,1792,2720,29285,29131,29188,29170,29030,1489,1248,3357,1125,3133,2715,1120,1054,997,856,1278,2671,28898,28885,2147483647,64565,65327,30,1621,10645,4002,53854,0,3,3,1
rest in fist,13:11:54.605,28876,6420,2210,1274,1019,1234,725,2008,1195,751,725,1845,2733,29271,29104,29144,29166,29122,1524,1239,3366,1120,3159,2724,1111,1059,962,817,1300,2645,28784,28858,2147483647,64583,65317,60,1640,10618,3986,53827,0,3,3,1
rest in fist,13:11:54.705,28797,6437,2223,1318,1032,1230,711,2030,1204,711,751,1841,2702,29197,29210,29052,29065,29197,1520,1177,3361,1125,3186,2720,1155,1054,1015,870,1248,2671,28749,28880,2147483647,64578,65327,20,1655,10610,4015,53831,0,3,3,1
rest in fist,13:11:54.719,28889,6416,2223,1300,1015,1234,698,2025,1177,729,738,1845,2729,29206,29104,28999,29056,29122,1472,1221,3357,1160,3164,2759,1151,1067,1019,826,1357,2671,28828,28863,2147483647,64549,65316,19,1652,10631,4024,53853,0,3,3,1
rest in fist,13:11:54.904,28819,6416,2210,1265,1010,1186,703,2012,1217,720,755,1806,2715,29346,29144,28990,29039,29214,1502,1243,3322,1129,3150,2737,1142,1059,984,883,1305,2667,28757,28801,2147483647,64559,65325,44,1645,10628,4018,53847,0,3,3,1
rest in fist,13:11:55.004,28863,6389,2179,1252,1010,1270,685,2039,1142,733,698,1819,2759,29289,29083,29069,29021,29113,1520,1221,3313,1111,3164,2746,1146,1085,1028,856,1291,2676,28828,28814,2147483647,64587,65309,62,1661,10625,4025,53849,0,3,3,1
