Time,P0,P1,P2,P3,P4,P5,P6,P7,P8,P9,P10,P11,P12,P13,P14,P15,P16,P17,P18,P19,P20,P21,P22,P23,P24,P25,P26,P27,P28,P29,P30,P31,ECG,AX0,AY0,AZ0,QW0,QX0,QY0,QZ0,GX0,GY0,GZ0,AX1,AY1,AZ1,QW1,QX1,QY1,QZ1,GX1,GY1,GZ1
2022-05-08 16:16:34.640903-07:00,623.8,698.7,786.1,915.2,354.5,292.1,790.2,699.5,3467.4,3464.9,1130.5,721.6,546.6,3473.4,1127.0,793.5,3439.5,3444.3,352.2,311.3,322.1,321.3,275.2,263.0,3452.8,3468.6,479.8,377.0,411.4,814.4,601.2,415.3,0.0,1.0,0.0,9381.0,-10038.0,-5299.0,7183.0,-10.0,-8.0,-1.0,-2.0,-3.0,3.0,8153.0,-12888.0,-3031.0,5166.0,-6.0,0.0,-2.0,1.0
2022-05-08 16:16:34.671267-07:00,623.8,698.7,790.2,923.7,354.5,292.1,788.6,702.8,3467.4,3464.9,1134.9,720.0,546.6,3473.4,1126.1,793.5,3443.1,3446.7,352.2,311.3,321.3,318.2,275.2,263.0,3463.7,3457.6,479.8,377.0,420.8,817.7,601.2,415.3,4.0,0.0,1.0,9381.0,-10038.0,-5299.0,7183.0,2.0,-5.0,3.0,1.0,-1.0,1.0,8152.0,-12888.0,-3032.0,5166.0,7.0,1.0,-2.0,1.0
2022-05-08 16:16:34.760581-07:00,622.2,701.1,790.2,923.7,354.5,289.0,788.6,702.8,3478.3,3466.1,1134.9,720.0,534.6,3467.4,1126.1,793.5,3443.1,3446.7,361.5,312.8,321.3,318.2,274.4,263.0,3463.7,3457.6,471.9,379.4,420.8,817.7,608.4,413.7,0.0,0.0,1.0,9381.0,-10039.0,-5299.0,7182.0,2.0,1.0,5.0,0.0,-1.0,0.0,8152.0,-12888.0,-3032.0,5166.0,1.0,-4.0,5.0,1.0
2022-05-08 16:16:34.851262-07:00,622.2,701.1,798.5,916.0,354.5,289.0,790.2,693.8,3478.3,3466.1,1132.2,729.0,534.6,3467.4,1123.5,791.9,3450.4,3446.7,361.5,312.8,315.9,318.2,274.4,263.0,3468.6,3466.1,471.9,379.4,412.9,818.5,608.4,413.7,-5.0,-13.0,3.0,9378.0,-10042.0,-5301.0,7180.0,-10.0,0.0,-4.0,-2.0,-8.0,0.0,8147.0,-12891.0,-3033.0,5164.0,-29.0,10.0,2.0,1.0
2022-05-08 16:16:34.911892-07:00,628.6,703.6,798.5,916.0,357.6,290.5,790.2,693.8,3460.1,3471.0,1132.2,729.0,534.6,3463.7,1123.5,791.9,3450.4,3446.7,356.1,316.7,315.9,318.2,279.8,259.2,3468.6,3466.1,482.2,377.8,412.9,818.5,599.6,416.1,-2.0,-2.0,-1.0,9379.0,-10041.0,-5300.0,7181.0,-10.0,1.0,0.0,-3.0,-1.0,-1.0,8149.0,-12890.0,-3033.0,5165.0,-7.0,1.0,0.0,1.0
2022-05-08 16:16:34.912693-07:00,628.6,703.6,796.9,916.0,357.6,286.7,787.7,704.4,3460.1,3471.0,1133.1,722.5,534.6,3468.6,1125.2,787.7,3437.0,3454.0,353.7,316.7,320.5,315.9,279.8,259.2,3452.8,3463.7,484.5,377.8,416.1,825.2,599.6,416.1,-1.0,3.0,3.0,9378.0,-10041.0,-5300.0,7181.0,4.0,-5.0,3.0,-1.0,-3.0,0.0,8148.0,-12891.0,-3033.0,5165.0,7.0,-2.0,0.0,1.0
2022-05-08 16:16:34.970769-07:00,623.8,692.1,799.4,916.0,353.7,286.7,787.7,704.4,3471.0,3468.6,1127.9,722.5,535.4,3468.6,1125.2,787.7,3437.0,3454.0,353.7,309.7,320.5,319.7,271.4,257.6,3452.8,3463.7,484.5,375.5,416.1,825.2,609.2,415.3,-1.0,-4.0,2.0,9378.0,-10042.0,-5301.0,7180.0,3.0,-4.0,0.0,-1.0,0.0,2.0,8148.0,-12891.0,-3033.0,5165.0,3.0,-4.0,0.0,1.0
2022-05-08 16:16:34.971664-07:00,623.8,692.1,799.4,916.0,353.7,286.7,791.0,701.9,3471.0,3468.6,1127.9,715.1,535.4,3475.9,1133.1,791.0,3447.9,3449.1,356.8,309.7,319.7,319.7,271.4,257.6,3467.4,3463.7,486.9,375.5,417.6,825.2,609.2,415.3,-1.0,1.0,2.0,9377.0,-10042.0,-5301.0,7180.0,-10.0,1.0,-1.0,0.0,-2.0,2.0,8148.0,-12891.0,-3033.0,5165.0,-7.0,2.0,0.0,1.0
2022-05-08 16:16:35.030742-07:00,619.7,697.0,784.4,916.0,367.7,286.7,791.0,701.9,3471.0,3468.6,1134.9,715.1,530.6,3475.9,1133.1,791.0,3447.9,3449.1,356.8,314.4,319.7,315.1,275.2,259.2,3467.4,3463.7,486.9,373.2,417.6,819.4,606.0,408.2,-1.0,2.0,0.0,9377.0,-10042.0,-5301.0,7180.0,2.0,-1.0,0.0,-1.0,0.0,2.0,8148.0,-12891.0,-3033.0,5165.0,2.0,-3.0,-1.0,1.0
2022-05-08 16:16:35.121221-07:00,619.7,697.0,784.4,912.7,367.7,289.0,789.4,709.3,3471.0,3468.6,1134.9,715.1,530.6,3475.9,1126.1,794.4,3449.1,3433.4,356.1,314.4,320.5,315.1,275.2,259.2,3445.5,3463.7,486.9,373.2,413.7,819.4,606.0,408.2,-1.0,0.0,1.0,9377.0,-10042.0,-5301.0,7180.0,-1.0,-1.0,-2.0,-2.0,-2.0,3.0,8148.0,-12891.0,-3033.0,5165.0,0.0,-3.0,0.0,1.0
2022-05-08 16:16:35.122378-07:00,623.8,707.7,788.6,912.7,357.6,289.0,789.4,709.3,3462.5,3473.4,1139.2,715.1,536.2,3475.9,1126.1,794.4,3449.1,3433.4,356.1,315.1,320.5,315.1,275.2,259.9,3445.5,3463.7,486.9,381.7,413.7,816.9,608.4,404.3,0.0,0.0,2.0,9377.0,-10042.0,-5301.0,7180.0,-1.0,-6.0,3.0,-1.0,-4.0,3.0,8148.0,-12891.0,-3033.0,5165.0,2.0,-1.0,-1.0,1.0
2022-05-08 16:16:35.181267-07:00,623.8,707.7,788.6,916.9,357.6,286.7,785.2,698.7,3462.5,3473.4,1139.2,722.5,536.2,3474.6,1126.1,792.7,3438.2,3454.0,356.8,315.1,322.8,315.1,275.2,259.9,3462.5,3463.7,481.4,381.7,419.2,816.9,608.4,404.3,-1.0,1.0,0.0,9377.0,-10042.0,-5301.0,7180.0,-1.0,-1.0,-2.0,0.0,-2.0,1.0,8148.0,-12891.0,-3033.0,5165.0,-3.0,0.0,-1.0,1.0
2022-05-08 16:16:35.240065-07:00,624.6,697.9,791.9,913.5,355.3,286.7,785.2,698.7,3473.4,3468.6,1133.1,718.4,535.4,3474.6,1126.1,792.7,3438.2,3454.0,356.8,313.6,324.4,322.1,275.2,260.7,3462.5,3463.7,481.4,380.2,410.6,810.2,627.8,409.8,1.0,0.0,1.0,9377.0,-10042.0,-5301.0,7180.0,-2.0,0.0,5.0,0.0,0.0,0.0,8148.0,-12891.0,-3033.0,5165.0,-3.0,0.0,-1.0,1.0
2022-05-08 16:16:35.270382-07:00,624.6,697.9,791.9,913.5,355.3,289.0,784.4,709.3,3473.4,3468.6,1133.1,718.4,533.8,3473.4,1124.4,791.9,3444.3,3449.1,354.5,311.3,324.4,322.1,275.2,260.7,3466.1,3464.9,486.9,377.8,410.6,810.2,627.8,409.8,-4.0,2.0,2.0,9377.0,-10042.0,-5301.0,7180.0,4.0,-6.0,0.0,-3.0,-5.0,4.0,8148.0,-12891.0,-3033.0,5165.0,4.0,-4.0,0.0,1.0
2022-05-08 16:16:35.391443-07:00,620.5,697.0,786.9,919.4,355.3,289.0,784.4,709.3,3474.6,3472.2,1131.4,717.5,533.8,3473.4,1124.4,791.9,3444.3,3449.1,354.5,311.3,325.1,315.1,274.4,259.2,3466.1,3464.9,486.9,377.8,410.6,812.7,604.4,413.7,2.0,0.0,2.0,9378.0,-10042.0,-5301.0,7180.0,-1.0,2.0,-1.0,0.0,-3.0,1.0,8149.0,-12890.0,-3033.0,5165.0,2.0,2.0,-4.0,1.0
2022-05-08 16:16:35.392514-07:00,620.5,697.0,786.9,919.4,361.5,289.0,790.2,707.7,3474.6,3472.2,1131.4,717.5,537.8,3477.1,1129.6,794.4,3450.4,3451.6,356.8,313.6,325.1,315.1,274.4,259.2,3458.9,3464.9,486.1,377.0,410.6,812.7,604.4,413.7,-5.0,4.0,-4.0,9376.0,-10042.0,-5302.0,7180.0,3.0,-15.0,2.0,-2.0,-1.0,2.0,8147.0,-12891.0,-3033.0,5165.0,1.0,-4.0,-2.0,1.0
2022-05-08 16:16:35.420690-07:00,624.6,692.1,790.2,919.4,361.5,289.0,790.2,707.7,3479.5,3467.4,1134.9,716.7,537.8,3477.1,1129.6,794.4,3450.4,3451.6,356.8,313.6,322.8,321.3,275.2,260.7,3458.9,3464.9,486.1,377.0,413.7,814.4,609.2,409.0,0.0,-1.0,7.0,9375.0,-10041.0,-5305.0,7183.0,-5.0,1.0,-1.0,0.0,-3.0,3.0,8147.0,-12891.0,-3033.0,5165.0,-7.0,-4.0,-1.0,1.0
2022-05-08 16:16:35.540621-07:00,624.6,692.1,790.2,919.4,359.2,283.6,788.6,704.4,3479.5,3467.4,1134.9,716.7,534.6,3461.3,1124.4,791.0,3445.5,3452.8,349.9,316.7,322.8,321.3,275.2,260.7,3464.9,3463.7,489.3,376.3,413.7,814.4,609.2,409.0,-5.0,6.0,0.0,9373.0,-10043.0,-5305.0,7181.0,-7.0,3.0,-5.0,-4.0,1.0,3.0,8144.0,-12893.0,-3035.0,5164.0,-10.0,5.0,0.0,1.0
2022-05-08 16:16:35.541738-07:00,627.8,695.4,785.2,925.4,359.2,283.6,788.6,703.6,3474.6,3464.9,1132.2,720.8,534.6,3461.3,1124.4,793.5,3446.7,3452.8,349.9,316.7,323.6,321.3,275.2,259.9,3458.9,3463.7,489.3,376.3,415.3,816.9,610.8,410.6,8.0,-8.0,-3.0,9373.0,-10042.0,-5306.0,7182.0,5.0,-14.0,-3.0,6.0,-5.0,-3.0,8144.0,-12893.0,-3035.0,5164.0,2.0,-8.0,-5.0,1.0
2022-05-08 16:16:35.630815-07:00,624.6,695.4,785.2,925.4,353.7,293.6,788.6,703.6,3472.2,3464.9,1132.2,720.8,535.4,3478.3,1124.4,793.5,3446.7,3449.1,360.0,316.7,323.6,321.3,275.2,265.3,3458.9,3468.6,484.5,383.3,415.3,816.9,610.8,409.8,-9.0,2.0,2.0,9370.0,-10042.0,-5306.0,7186.0,3.0,-9.0,13.0,-10.0,0.0,2.0,8144.0,-12893.0,-3035.0,5165.0,5.0,-9.0,2.0,1.0
2022-05-08 16:16:35.631853-07:00,624.6,700.3,791.9,912.7,353.7,293.6,788.6,701.9,3472.2,3455.2,1137.5,715.9,535.4,3478.3,1124.4,796.9,3443.1,3449.1,360.0,316.7,321.3,324.4,274.4,265.3,3458.9,3468.6,484.5,383.3,417.6,814.4,603.6,409.8,-5.0,5.0,10.0,9371.0,-10041.0,-5307.0,7186.0,-9.0,-5.0,-10.0,-2.0,0.0,7.0,8144.0,-12893.0,-3036.0,5165.0,-12.0,3.0,-5.0,1.0
2022-05-08 16:16:35.690593-07:00,624.6,700.3,791.9,912.7,360.0,290.5,791.9,701.9,3472.2,3455.2,1137.5,715.9,537.0,3473.4,1126.1,796.9,3443.1,3438.2,353.7,315.1,321.3,324.4,274.4,256.1,3458.9,3466.1,486.1,376.3,417.6,814.4,603.6,415.3,2.0,5.0,8.0,9369.0,-10044.0,-5307.0,7184.0,-9.0,10.0,-5.0,5.0,-3.0,0.0,8139.0,-12895.0,-3037.0,5164.0,-9.0,9.0,2.0,1.0
2022-05-08 16:16:35.720645-07:00,624.6,698.7,791.9,916.0,360.0,290.5,791.9,707.7,3472.2,3475.9,1135.7,720.0,537.0,3473.4,1126.1,794.4,3445.5,3438.2,353.7,315.1,319.0,311.3,274.4,256.1,3460.1,3466.1,486.1,376.3,415.3,814.4,607.6,415.3,13.0,-11.0,0.0,9368.0,-10047.0,-5308.0,7180.0,-5.0,10.0,-1.0,11.0,-10.0,-4.0,8137.0,-12898.0,-3038.0,5162.0,-5.0,4.0,2.0,1.0
2022-05-08 16:16:35.780773-07:00,620.5,698.7,791.9,916.0,354.5,292.1,788.6,707.7,3478.3,3475.9,1135.7,720.0,533.0,3466.1,1121.7,794.4,3445.5,3446.7,353.7,311.3,319.0,311.3,274.4,258.4,3460.1,3466.1,479.8,374.7,415.3,814.4,607.6,416.1,-6.0,1.0,0.0,9367.0,-10048.0,-5306.0,7181.0,-6.0,-1.0,12.0,-8.0,0.0,0.0,8137.0,-12898.0,-3038.0,5162.0,-2.0,-1.0,5.0,1.0
2022-05-08 16:16:35.840646-07:00,620.5,702.8,787.7,930.5,354.5,292.1,788.6,701.9,3478.3,3466.1,1138.4,717.5,533.0,3466.1,1121.7,792.7,3445.5,3446.7,353.7,311.3,317.4,311.3,279.0,258.4,3469.8,3466.1,479.8,374.7,416.8,817.7,601.2,416.1,-10.0,10.0,-2.0,9367.0,-10048.0,-5306.0,7182.0,3.0,3.0,-9.0,-9.0,2.0,2.0,8137.0,-12898.0,-3038.0,5162.0,4.0,2.0,-3.0,1.0
2022-05-08 16:16:35.870902-07:00,619.7,701.1,787.7,930.5,358.4,286.7,787.7,701.9,3464.9,3464.9,1138.4,717.5,537.8,3467.4,1126.1,792.7,3445.5,3445.5,356.1,315.1,317.4,311.3,274.4,260.7,3469.8,3460.1,484.5,377.8,416.8,817.7,608.4,405.9,4.0,-11.0,0.0,9368.0,-10047.0,-5309.0,7180.0,3.0,-13.0,-2.0,2.0,-8.0,3.0,8137.0,-12898.0,-3039.0,5162.0,7.0,-3.0,-4.0,1.0
2022-05-08 16:16:35.931646-07:00,619.7,701.1,791.0,916.0,358.4,286.7,789.4,700.3,3464.9,3464.9,1143.6,722.5,537.8,3467.4,1144.5,792.7,3445.5,3449.1,356.1,315.1,317.4,319.0,274.4,260.7,3458.9,3461.3,484.5,377.8,420.8,816.0,608.4,405.9,-7.0,4.0,6.0,9366.0,-10048.0,-5306.0,7183.0,1.0,6.0,10.0,-7.0,1.0,8.0,8137.0,-12898.0,-3039.0,5162.0,-3.0,-2.0,9.0,1.0
2022-05-08 16:16:35.990652-07:00,623.0,702.8,791.0,916.0,356.1,289.8,789.4,700.3,3467.4,3473.4,1143.6,722.5,533.8,3466.1,1144.5,792.7,3445.5,3449.1,353.7,312.0,317.4,319.0,272.1,260.7,3458.9,3461.3,485.3,379.4,420.8,816.0,609.2,407.5,-2.0,-1.0,1.0,9366.0,-10048.0,-5306.0,7183.0,0.0,3.0,-3.0,-5.0,-4.0,1.0,8137.0,-12898.0,-3039.0,5162.0,1.0,3.0,0.0,1.0
2022-05-08 16:16:36.080945-07:00,623.0,702.8,789.4,921.1,356.1,289.8,789.4,700.3,3467.4,3473.4,1128.7,720.0,533.8,3466.1,1121.7,793.5,3447.9,3449.1,353.7,312.0,317.4,315.1,272.1,260.7,3455.2,3466.1,485.3,379.4,416.8,818.5,609.2,407.5,12.0,-2.0,1.0,9366.0,-10048.0,-5306.0,7183.0,2.0,-8.0,-7.0,12.0,-5.0,1.0,8137.0,-12898.0,-3039.0,5162.0,2.0,-2.0,-4.0,1.0
2022-05-08 16:16:36.082038-07:00,623.0,699.5,789.4,921.1,355.3,288.2,789.4,700.3,3473.4,3474.6,1128.7,720.0,533.0,3479.5,1121.7,793.5,3447.9,3449.1,357.6,318.2,317.4,315.1,272.9,260.7,3455.2,3466.1,484.5,381.7,416.8,818.5,605.2,413.7,3.0,-1.0,2.0,9366.0,-10048.0,-5306.0,7183.0,2.0,-4.0,9.0,2.0,-1.0,-1.0,8137.0,-12898.0,-3039.0,5162.0,-1.0,-4.0,1.0,1.0
2022-05-08 16:16:36.140913-07:00,623.0,699.5,781.1,921.1,355.3,288.2,790.2,698.7,3473.4,3474.6,1131.4,717.5,533.0,3479.5,1123.5,789.4,3444.3,3441.9,357.6,318.2,317.4,318.2,272.9,260.7,3464.9,3466.1,484.5,381.7,419.2,817.7,605.2,413.7,-10.0,0.0,-1.0,9365.0,-10048.0,-5306.0,7185.0,1.0,-12.0,0.0,-11.0,-1.0,5.0,8137.0,-12898.0,-3039.0,5162.0,3.0,-7.0,-2.0,1.0
2022-05-08 16:16:36.230777-07:00,622.2,698.7,791.9,921.1,358.4,286.7,790.2,698.7,3471.0,3478.3,1134.9,717.5,537.8,3467.4,1123.5,789.4,3444.3,3441.9,353.0,317.4,317.4,319.7,275.2,259.2,3464.9,3466.1,481.4,377.0,419.2,821.9,602.8,412.1,-1.0,5.0,4.0,9367.0,-10046.0,-5306.0,7185.0,-5.0,-6.0,-11.0,-1.0,-3.0,6.0,8138.0,-12896.0,-3039.0,5164.0,-1.0,0.0,-7.0,1.0
2022-05-08 16:16:36.231943-07:00,622.2,698.7,791.9,919.4,358.4,288.2,784.4,702.8,3471.0,3478.3,1134.9,715.1,537.8,3473.4,1129.6,795.2,3450.4,3446.7,361.5,317.4,319.7,319.7,275.2,259.2,3464.9,3462.5,487.7,377.0,415.3,821.9,602.8,412.1,5.0,-6.0,3.0,9367.0,-10045.0,-5307.0,7184.0,-4.0,3.0,8.0,4.0,-5.0,0.0,8138.0,-12896.0,-3039.0,5164.0,-4.0,-2.0,5.0,1.0
2022-05-08 16:16:36.290987-07:00,623.0,706.0,791.9,919.4,357.6,288.2,784.4,702.8,3471.0,3463.7,1135.7,715.1,536.2,3473.4,1129.6,795.2,3450.4,3446.7,361.5,312.8,319.7,317.4,279.0,258.4,3464.9,3462.5,487.7,373.9,415.3,819.4,606.0,409.0,0.0,3.0,3.0,9367.0,-10046.0,-5306.0,7185.0,4.0,1.0,0.0,0.0,1.0,3.0,8138.0,-12896.0,-3039.0,5164.0,5.0,-6.0,2.0,1.0
2022-05-08 16:16:36.321010-07:00,623.0,706.0,791.9,917.7,357.6,290.5,786.1,701.9,3471.0,3463.7,1135.7,715.1,536.2,3473.4,1129.6,796.9,3452.8,3446.7,353.0,312.8,324.4,317.4,279.0,258.4,3466.1,3457.6,485.3,373.9,416.1,819.4,606.0,409.0,0.0,2.0,-5.0,9369.0,-10043.0,-5305.0,7187.0,11.0,-11.0,0.0,0.0,-1.0,-2.0,8140.0,-12895.0,-3038.0,5164.0,6.0,-7.0,-5.0,1.0
2022-05-08 16:16:36.380648-07:00,624.6,710.1,790.2,917.7,356.8,290.5,786.1,701.9,3471.0,3462.5,1133.1,715.1,535.4,3473.4,1129.6,796.9,3452.8,3446.7,353.0,313.6,324.4,318.2,273.7,260.7,3466.1,3457.6,485.3,373.2,416.1,816.9,605.2,414.5,-2.0,0.0,8.0,9369.0,-10042.0,-5306.0,7188.0,8.0,-3.0,6.0,-5.0,-6.0,2.0,8140.0,-12895.0,-3038.0,5164.0,8.0,-6.0,1.0,1.0
2022-05-08 16:16:36.470514-07:00,624.6,710.1,790.2,920.3,356.8,285.9,784.4,715.9,3471.0,3462.5,1133.1,716.7,535.4,3473.4,1118.2,790.2,3450.4,3447.9,353.0,313.6,324.4,318.2,273.7,260.7,3460.1,3461.3,484.5,373.2,416.1,816.9,605.2,414.5,0.0,0.0,6.0,9369.0,-10042.0,-5306.0,7188.0,3.0,-5.0,-9.0,-2.0,-4.0,7.0,8140.0,-12895.0,-3038.0,5164.0,7.0,-5.0,-4.0,1.0
2022-05-08 16:16:36.501285-07:00,623.0,701.9,787.7,920.3,354.5,285.9,784.4,715.9,3477.1,3471.0,1125.2,716.7,540.2,3473.4,1118.2,790.2,3450.4,3447.9,353.0,312.8,324.4,322.8,278.3,260.7,3460.1,3461.3,484.5,373.2,416.1,818.5,606.8,407.5,9.0,-1.0,0.0,9368.0,-10042.0,-5306.0,7188.0,-14.0,3.0,1.0,9.0,-3.0,-5.0,8139.0,-12895.0,-3038.0,5164.0,-13.0,5.0,-1.0,1.0
2022-05-08 16:16:36.590734-07:00,623.0,701.9,787.7,916.9,357.6,290.5,787.7,698.7,3477.1,3471.0,1125.2,718.4,538.6,3467.4,1120.9,795.2,3447.9,3456.4,356.8,310.5,320.5,322.8,278.3,260.7,3466.1,3477.1,483.0,377.8,414.5,818.5,606.8,407.5,0.0,2.0,-4.0,9368.0,-10043.0,-5307.0,7188.0,12.0,-9.0,5.0,0.0,-1.0,1.0,8140.0,-12895.0,-3038.0,5164.0,13.0,-5.0,-3.0,1.0
2022-05-08 16:16:36.591796-07:00,620.5,697.0,787.7,913.5,357.6,290.5,787.7,698.7,3467.4,3475.9,1128.7,718.4,538.6,3467.4,1120.9,795.2,3447.9,3456.4,356.8,310.5,324.4,317.4,269.9,258.4,3466.1,3477.1,483.0,377.8,419.2,816.0,601.2,410.6,-5.0,-2.0,4.0,9368.0,-10041.0,-5307.0,7189.0,1.0,-6.0,1.0,-5.0,0.0,5.0,8140.0,-12895.0,-3038.0,5164.0,0.0,-1.0,-2.0,1.0
2022-05-08 16:16:36.620684-07:00,620.5,697.0,787.7,913.5,356.1,292.1,782.7,699.5,3467.4,3475.9,1128.7,718.4,541.0,3468.6,1124.4,791.9,3446.7,3452.8,356.8,313.6,324.4,317.4,269.9,258.4,3454.0,3464.9,477.4,373.2,419.2,816.0,601.2,410.6,-5.0,7.0,7.0,9368.0,-10041.0,-5307.0,7189.0,-8.0,-4.0,-6.0,-4.0,-1.0,9.0,8140.0,-12895.0,-3038.0,5164.0,-7.0,1.0,-4.0,1.0
2022-05-08 16:16:36.740720-07:00,622.2,697.0,788.6,916.0,356.1,292.1,782.7,699.5,3473.4,3472.2,1131.4,715.9,541.0,3468.6,1124.4,791.9,3446.7,3452.8,356.8,313.6,319.0,316.7,278.3,260.7,3454.0,3464.9,477.4,373.2,412.9,829.4,604.4,414.5,14.0,-3.0,2.0,9369.0,-10041.0,-5307.0,7188.0,1.0,-4.0,-5.0,14.0,-6.0,-3.0,8140.0,-12895.0,-3038.0,5164.0,-1.0,-3.0,0.0,1.0
2022-05-08 16:16:36.742341-07:00,622.2,697.0,788.6,916.0,362.3,286.7,786.9,702.8,3473.4,3472.2,1131.4,715.9,537.0,3472.2,1122.6,791.0,3449.1,3445.5,353.7,313.6,319.0,316.7,278.3,260.7,3471.0,3458.9,470.3,377.0,412.9,829.4,604.4,414.5,4.0,-7.0,3.0,9368.0,-10042.0,-5308.0,7188.0,-3.0,-1.0,9.0,2.0,-8.0,2.0,8140.0,-12895.0,-3038.0,5164.0,2.0,2.0,5.0,1.0
2022-05-08 16:16:36.770745-07:00,622.2,697.0,784.4,916.0,362.3,286.7,786.9,702.8,3467.4,3462.5,1130.5,715.1,537.0,3472.2,1122.6,791.0,3449.1,3445.5,353.7,313.6,322.8,314.4,271.4,259.2,3471.0,3458.9,470.3,377.0,415.3,816.0,602.8,404.3,-15.0,6.0,4.0,9368.0,-10042.0,-5306.0,7189.0,13.0,-10.0,0.0,-15.0,5.0,6.0,8142.0,-12894.0,-3037.0,5165.0,17.0,-9.0,-2.0,1.0
2022-05-08 16:16:36.890830-07:00,626.2,697.0,784.4,916.0,355.3,286.7,787.7,697.0,3467.4,3462.5,1130.5,715.1,530.6,3467.4,1128.7,791.9,3451.6,3443.1,354.5,315.1,322.8,314.4,271.4,264.5,3457.6,3468.6,481.4,380.2,415.3,816.0,602.8,410.6,-9.0,-2.0,5.0,9371.0,-10036.0,-5306.0,7194.0,2.0,-7.0,1.0,-10.0,-3.0,4.0,8147.0,-12890.0,-3035.0,5166.0,4.0,-4.0,4.0,1.0
2022-05-08 16:16:36.892630-07:00,626.2,702.8,784.4,915.2,355.3,286.7,787.7,703.6,3467.4,3468.6,1125.2,717.5,530.6,3467.4,1128.7,789.4,3440.7,3443.1,354.5,315.1,323.6,315.9,277.5,264.5,3461.3,3468.6,481.4,380.2,420.8,815.2,606.0,410.6,8.0,3.0,7.0,9371.0,-10036.0,-5305.0,7194.0,-13.0,7.0,-1.0,6.0,-6.0,9.0,8146.0,-12891.0,-3036.0,5166.0,-11.0,13.0,5.0,1.0
2022-05-08 16:16:36.950663-07:00,620.5,702.8,784.4,915.2,352.2,289.8,787.7,703.6,3475.9,3468.6,1125.2,717.5,530.6,3464.9,1123.5,789.4,3440.7,3449.1,352.2,313.6,323.6,315.9,277.5,258.4,3461.3,3462.5,482.2,370.0,420.8,815.2,606.0,410.6,11.0,-4.0,6.0,9368.0,-10039.0,-5307.0,7192.0,-4.0,10.0,-3.0,8.0,-6.0,1.0,8145.0,-12894.0,-3034.0,5161.0,-3.0,9.0,4.0,1.0
2022-05-08 16:16:36.980915-07:00,620.5,692.1,787.7,912.7,352.2,289.8,787.7,698.7,3475.9,3478.3,1136.6,717.5,530.6,3464.9,1123.5,791.9,3440.7,3449.1,352.2,313.6,324.4,314.4,278.3,258.4,3468.6,3462.5,482.2,370.0,421.5,814.4,608.4,410.6,9.0,-3.0,-4.0,9369.0,-10043.0,-5304.0,7187.0,-16.0,10.0,-2.0,3.0,-2.0,-2.0,8143.0,-12897.0,-3033.0,5157.0,-15.0,12.0,1.0,1.0
2022-05-08 16:16:37.011126-07:00,620.5,692.1,787.7,912.7,356.8,293.6,784.4,698.7,3468.6,3478.3,1136.6,717.5,539.4,3463.7,1127.0,791.9,3440.7,3443.1,352.2,314.4,324.4,314.4,278.3,261.4,3468.6,3464.9,484.5,370.0,421.5,814.4,608.4,409.0,-3.0,2.0,-1.0,9365.0,-10048.0,-5306.0,7184.0,-9.0,-3.0,2.0,-6.0,1.0,0.0,8138.0,-12901.0,-3034.0,5154.0,-9.0,-2.0,-1.0,1.0
2022-05-08 16:16:37.070858-07:00,620.5,706.0,782.7,917.7,356.8,293.6,784.4,706.0,3468.6,3474.6,1135.7,717.5,539.4,3463.7,1127.0,791.9,3450.4,3443.1,352.2,314.4,319.0,315.9,273.7,261.4,3458.9,3464.9,484.5,370.0,420.0,810.2,605.2,409.0,-8.0,0.0,2.0,9365.0,-10048.0,-5306.0,7184.0,-13.0,-5.0,-1.0,-10.0,1.0,5.0,8134.0,-12903.0,-3036.0,5154.0,-14.0,9.0,0.0,1.0
2022-05-08 16:16:37.130839-07:00,620.5,706.0,782.7,917.7,370.8,287.5,782.7,706.0,3480.7,3474.6,1135.7,717.5,533.8,3473.4,1123.5,791.9,3450.4,3447.9,353.7,318.2,319.0,315.9,273.7,259.2,3458.9,3462.5,483.7,374.7,420.0,810.2,605.2,415.3,-5.0,2.0,6.0,9362.0,-10052.0,-5309.0,7182.0,-6.0,7.0,6.0,-7.0,0.0,3.0,8130.0,-12906.0,-3037.0,5152.0,0.0,7.0,4.0,1.0
2022-05-08 16:16:37.161077-07:00,620.5,701.9,786.9,919.4,370.8,287.5,788.6,703.6,3480.7,3473.4,1131.4,714.2,533.8,3473.4,1121.7,788.6,3444.3,3443.1,353.7,318.2,319.0,314.4,278.3,259.2,3458.9,3455.2,483.7,374.7,403.5,823.5,604.4,415.3,6.0,-4.0,4.0,9361.0,-10053.0,-5311.0,7178.0,-1.0,8.0,-5.0,3.0,-5.0,3.0,8128.0,-12908.0,-3037.0,5150.0,0.0,8.0,-3.0,1.0
2022-05-08 16:16:37.220796-07:00,627.8,701.1,786.9,919.4,355.3,295.1,788.6,703.6,3468.6,3469.8,1131.4,714.2,532.2,3463.7,1121.7,788.6,3444.3,3443.1,355.3,315.1,319.0,314.4,274.4,257.6,3458.9,3455.2,481.4,380.2,403.5,823.5,604.4,412.9,11.0,0.0,0.0,9361.0,-10053.0,-5311.0,7178.0,-9.0,3.0,2.0,5.0,-5.0,0.0,8128.0,-12908.0,-3037.0,5150.0,-9.0,4.0,1.0,1.0
2022-05-08 16:16:37.280729-07:00,627.8,701.1,790.2,916.9,355.3,295.1,783.6,702.8,3468.6,3469.8,1133.1,718.4,532.2,3463.7,1127.0,784.4,3449.1,3449.1,355.3,315.1,317.4,313.6,274.4,257.6,3464.9,3460.1,481.4,380.2,416.8,810.2,604.4,412.9,-2.0,1.0,3.0,9361.0,-10053.0,-5311.0,7178.0,3.0,-11.0,1.0,-5.0,-2.0,5.0,8128.0,-12908.0,-3037.0,5150.0,-1.0,-3.0,-1.0,1.0
2022-05-08 16:16:37.400697-07:00,633.5,693.8,790.2,916.9,363.1,289.8,783.6,702.8,3466.1,3477.1,1133.1,718.4,531.4,3478.3,1127.0,784.4,3449.1,3449.1,356.8,308.2,317.4,313.6,278.3,254.6,3464.9,3460.1,483.7,380.2,416.8,810.2,607.6,412.1,-4.0,0.0,6.0,9361.0,-10052.0,-5312.0,7179.0,1.0,5.0,-3.0,-6.0,-2.0,5.0,8128.0,-12908.0,-3037.0,5150.0,2.0,-2.0,1.0,1.0
2022-05-08 16:16:37.430860-07:00,633.5,693.8,790.2,914.4,363.1,289.8,788.6,703.6,3466.1,3477.1,1126.1,716.7,531.4,3478.3,1118.2,792.7,3441.9,3443.1,356.8,308.2,322.1,316.7,278.3,254.6,3463.7,3466.1,483.7,380.2,416.1,816.0,607.6,412.1,-3.0,-10.0,4.0,9362.0,-10053.0,-5311.0,7178.0,1.0,16.0,6.0,-8.0,-11.0,3.0,8132.0,-12906.0,-3036.0,5152.0,23.0,-12.0,9.0,1.0
2022-05-08 16:16:37.431895-07:00,622.2,698.7,790.2,914.4,359.2,297.4,788.6,703.6,3468.6,3462.5,1126.1,716.7,530.6,3462.5,1118.2,792.7,3441.9,3443.1,355.3,317.4,322.1,316.7,278.3,260.7,3463.7,3466.1,483.0,378.6,416.1,816.0,604.4,409.0,2.0,-61.0,14.0,9377.0,-10048.0,-5295.0,7176.0,309.0,77.0,65.0,-4.0,-18.0,18.0,8187.0,-12854.0,-3008.0,5209.0,418.0,-156.0,91.0,1.0
2022-05-08 16:16:37.460905-07:00,622.2,698.7,857.0,918.6,359.2,286.7,817.7,698.7,3468.6,3462.5,1133.1,716.7,530.6,3464.9,1121.7,791.9,3451.6,3454.0,356.8,317.4,321.3,319.0,278.3,260.7,3457.6,3466.1,490.1,378.6,416.8,816.9,604.4,409.0,18.0,21.0,-23.0,9493.0,-9939.0,-5163.0,7272.0,503.0,-21.0,133.0,-16.0,35.0,-36.0,8400.0,-12664.0,-2917.0,5383.0,773.0,-297.0,114.0,1.0
2022-05-08 16:16:37.520789-07:00,623.8,710.1,1164.7,918.6,359.2,286.7,817.7,698.7,3473.4,3467.4,1163.0,716.7,530.6,3464.9,1121.7,791.9,3451.6,3454.0,356.8,312.8,321.3,317.4,273.7,260.7,3457.6,3466.1,490.1,381.7,416.8,810.2,603.6,410.6,18.0,-13.0,0.0,9560.0,-9865.0,-5040.0,7370.0,590.0,19.0,242.0,14.0,7.0,-11.0,8592.0,-12477.0,-2828.0,5563.0,953.0,-359.0,177.0,1.0
2022-05-08 16:16:37.580834-07:00,623.8,710.1,1164.7,942.4,359.2,290.5,895.7,725.8,3473.4,3467.4,1163.0,717.5,530.6,3467.4,1117.4,790.2,3451.6,3449.1,358.4,312.8,324.4,317.4,273.7,260.7,3458.9,3457.6,498.0,381.7,417.6,810.2,603.6,410.6,7.0,59.0,15.0,9662.0,-9774.0,-4881.0,7464.0,273.0,130.0,89.0,8.0,24.0,18.0,8810.0,-12262.0,-2735.0,5743.0,588.0,-206.0,85.0,1.0
2022-05-08 16:16:37.613031-07:00,624.6,715.9,1188.5,942.4,354.5,290.5,895.7,725.8,3475.9,3468.6,1192.0,717.5,536.2,3467.4,1117.4,790.2,3451.6,3449.1,358.4,317.4,324.4,317.4,277.5,259.2,3458.9,3457.6,498.0,381.7,417.6,820.2,609.2,412.1,13.0,-1.0,15.0,9723.0,-9760.0,-4774.0,7474.0,246.0,191.0,92.0,-79.0,-97.0,35.0,8924.0,-12146.0,-2691.0,5833.0,150.0,-113.0,-81.0,1.0
2022-05-08 16:16:37.700665-07:00,624.6,715.9,1188.5,967.1,354.5,291.3,914.4,735.6,3475.9,3468.6,1192.0,724.9,536.2,3475.9,1120.9,789.4,3449.1,3449.1,360.0,317.4,325.9,317.4,277.5,259.2,3464.9,3458.9,492.5,381.7,415.3,820.2,609.2,412.1,1.0,41.0,-12.0,9805.0,-9732.0,-4668.0,7470.0,78.0,179.0,-54.0,7.0,24.0,23.0,8963.0,-12113.0,-2684.0,5847.0,154.0,-31.0,-9.0,1.0
2022-05-08 16:16:37.730756-07:00,627.0,709.3,1149.8,967.1,363.8,291.3,914.4,735.6,3463.7,3474.6,1217.7,724.9,537.8,3475.9,1120.9,789.4,3449.1,3449.1,360.0,319.0,325.9,319.7,276.7,262.2,3464.9,3458.9,492.5,373.2,415.3,818.5,614.9,416.1,0.0,-5.0,-36.0,9842.0,-9740.0,-4649.0,7423.0,-7.0,39.0,-47.0,-3.0,1.0,-9.0,8978.0,-12105.0,-2675.0,5842.0,20.0,5.0,-6.0,1.0
2022-05-08 16:16:37.761348-07:00,627.0,709.3,1149.8,967.1,363.8,294.4,903.4,724.1,3463.7,3474.6,1217.7,721.6,537.8,3469.8,1120.9,791.9,3438.2,3443.1,360.7,319.0,324.4,319.7,276.7,262.2,3460.1,3458.9,498.0,373.2,418.4,818.5,614.9,416.1,-5.0,-18.0,-21.0,9836.0,-9753.0,-4662.0,7404.0,-17.0,-25.0,-14.0,-9.0,-8.0,-3.0,8968.0,-12117.0,-2676.0,5834.0,-19.0,2.0,-2.0,1.0
2022-05-08 16:16:37.850672-07:00,627.0,712.6,1143.6,959.4,362.3,294.4,903.4,724.1,3464.9,3467.4,1224.8,716.7,534.6,3469.8,1120.9,791.9,3438.2,3443.1,360.7,319.0,319.0,321.3,276.0,260.7,3460.1,3458.9,498.0,376.3,416.8,818.5,618.1,413.7,0.0,3.0,-12.0,9846.0,-9733.0,-4663.0,7417.0,97.0,-53.0,-8.0,-1.0,-2.0,0.0,8997.0,-12084.0,-2676.0,5856.0,125.0,-63.0,-14.0,1.0
2022-05-08 16:16:37.880942-07:00,627.0,712.6,1143.6,959.4,363.1,294.4,889.0,722.5,3464.9,3467.4,1224.8,716.7,533.8,3467.4,1122.6,790.2,3443.1,3449.1,356.1,315.1,319.0,321.3,276.0,260.7,3462.5,3471.0,499.6,377.8,416.8,818.5,618.1,413.7,7.0,-5.0,12.0,9852.0,-9711.0,-4666.0,7436.0,0.0,-35.0,6.0,3.0,-13.0,9.0,9009.0,-12069.0,-2683.0,5867.0,-8.0,-17.0,0.0,1.0
2022-05-08 16:16:37.910949-07:00,629.5,713.4,1129.6,963.7,363.1,294.4,889.0,722.5,3467.4,3469.8,1217.7,721.6,533.8,3467.4,1122.6,790.2,3443.1,3449.1,356.1,315.1,317.4,310.5,280.6,261.4,3462.5,3471.0,499.6,377.8,417.6,815.2,607.6,416.8,-3.0,3.0,11.0,9853.0,-9707.0,-4666.0,7439.0,18.0,28.0,2.0,-3.0,-5.0,16.0,9011.0,-12066.0,-2683.0,5868.0,21.0,1.0,4.0,1.0
2022-05-08 16:16:38.000643-07:00,629.5,713.4,1129.6,963.7,357.6,289.8,891.5,721.6,3467.4,3469.8,1217.7,721.6,532.2,3460.1,1125.2,782.7,3438.2,3444.3,354.5,319.7,317.4,310.5,280.6,261.4,3462.5,3462.5,489.3,379.4,417.6,815.2,607.6,416.8,2.0,11.0,-8.0,9864.0,-9706.0,-4657.0,7432.0,-4.0,20.0,-27.0,1.0,3.0,2.0,9014.0,-12065.0,-2680.0,5868.0,-32.0,18.0,-6.0,1.0
2022-05-08 16:16:38.030519-07:00,627.8,710.1,1115.6,965.4,357.6,289.8,891.5,721.6,3477.1,3474.6,1215.1,725.8,532.2,3460.1,1125.2,782.7,3438.2,3444.3,354.5,319.7,324.4,315.9,276.0,262.2,3462.5,3462.5,489.3,379.4,420.0,822.7,610.0,418.4,-9.0,-25.0,0.0,9862.0,-9720.0,-4668.0,7410.0,-37.0,28.0,-26.0,-14.0,-21.0,3.0,8988.0,-12094.0,-2687.0,5846.0,-58.0,26.0,-11.0,1.0
2022-05-08 16:16:38.060379-07:00,627.8,710.1,1115.6,965.4,360.7,286.7,890.7,725.8,3477.1,3474.6,1215.1,725.8,537.0,3469.8,1120.0,790.2,3446.7,3454.0,356.8,320.5,324.4,315.9,276.0,262.2,3460.1,3466.1,494.0,383.3,420.0,822.7,610.0,418.4,8.0,13.0,-16.0,9876.0,-9709.0,-4665.0,7407.0,71.0,-32.0,-33.0,6.0,7.0,0.0,9004.0,-12078.0,-2684.0,5855.0,91.0,-44.0,-14.0,1.0
2022-05-08 16:16:38.150370-07:00,627.8,705.2,1115.6,961.1,360.7,286.7,890.7,725.8,3467.4,3473.4,1211.5,718.4,537.0,3469.8,1120.0,791.0,3449.1,3454.0,356.8,320.5,320.5,317.4,277.5,260.7,3473.4,3466.1,494.0,383.3,419.2,812.7,614.9,419.2,-2.0,2.0,-3.0,9890.0,-9687.0,-4669.0,7416.0,-1.0,-20.0,7.0,0.0,4.0,-4.0,9022.0,-12057.0,-2688.0,5868.0,-17.0,-7.0,-5.0,1.0
2022-05-08 16:16:38.180849-07:00,620.5,705.2,1115.6,961.1,362.3,289.8,888.2,725.8,3467.4,3473.4,1211.5,718.4,531.4,3469.8,1122.6,791.0,3449.1,3441.9,349.9,319.0,320.5,317.4,277.5,259.9,3473.4,3469.8,501.2,378.6,419.2,812.7,614.9,414.5,-6.0,2.0,-5.0,9882.0,-9691.0,-4671.0,7419.0,16.0,-8.0,11.0,-11.0,-7.0,10.0,9011.0,-12065.0,-2692.0,5867.0,1.0,-11.0,2.0,1.0
2022-05-08 16:16:38.240517-07:00,620.5,715.9,1111.2,959.4,362.3,289.8,888.2,724.1,3467.4,3473.4,1217.7,720.0,531.4,3469.8,1122.6,788.6,3455.2,3441.9,349.9,319.0,321.3,318.2,276.7,259.9,3474.6,3469.8,501.2,378.6,410.6,816.0,607.6,414.5,23.0,3.0,1.0,9887.0,-9680.0,-4674.0,7425.0,23.0,-25.0,-26.0,21.0,-1.0,2.0,9021.0,-12054.0,-2698.0,5872.0,30.0,-24.0,-27.0,1.0
2022-05-08 16:16:38.271180-07:00,628.6,715.9,1111.2,959.4,360.7,292.8,895.7,724.1,3467.4,3473.4,1217.7,720.0,536.2,3473.4,1118.2,788.6,3455.2,3449.1,354.5,317.4,321.3,318.2,276.7,259.9,3474.6,3463.7,491.7,381.7,410.6,816.0,607.6,417.6,0.0,-11.0,11.0,9892.0,-9670.0,-4682.0,7427.0,0.0,-16.0,3.0,-4.0,-7.0,5.0,9028.0,-12047.0,-2705.0,5872.0,-11.0,8.0,4.0,1.0
2022-05-08 16:16:38.330836-07:00,628.6,719.2,1106.0,956.0,360.7,292.8,895.7,719.2,3467.4,3467.4,1216.8,722.5,536.2,3473.4,1118.2,788.6,3444.3,3449.1,354.5,317.4,319.7,314.4,279.8,259.9,3464.9,3463.7,491.7,381.7,412.9,818.5,608.4,417.6,-17.0,6.0,8.0,9885.0,-9678.0,-4677.0,7429.0,-22.0,10.0,20.0,-14.0,-4.0,13.0,9021.0,-12053.0,-2700.0,5871.0,-11.0,10.0,14.0,1.0
2022-05-08 16:16:38.361578-07:00,623.8,719.2,1106.0,956.0,358.4,296.7,889.0,719.2,3467.4,3467.4,1216.8,722.5,533.8,3471.0,1120.9,788.6,3444.3,3451.6,358.4,319.7,319.7,314.4,279.8,258.4,3464.9,3458.9,489.3,377.8,412.9,818.5,608.4,414.5,-23.0,9.0,0.0,9885.0,-9680.0,-4667.0,7433.0,18.0,17.0,7.0,-25.0,3.0,6.0,9026.0,-12048.0,-2691.0,5879.0,36.0,-3.0,12.0,1.0
2022-05-08 16:16:38.451421-07:00,623.8,709.3,1103.4,962.0,358.4,296.7,889.0,722.5,3467.4,3464.9,1216.8,720.0,533.8,3471.0,1120.9,791.0,3446.7,3451.6,358.4,319.7,309.7,314.4,274.4,258.4,3468.6,3458.9,489.3,377.8,424.7,818.5,610.0,414.5,15.0,-10.0,1.0,9882.0,-9691.0,-4663.0,7423.0,-43.0,31.0,-13.0,14.0,-16.0,4.0,9021.0,-12056.0,-2685.0,5874.0,-50.0,39.0,8.0,1.0
2022-05-08 16:16:38.540856-07:00,627.0,708.5,1103.4,962.0,360.0,293.6,883.9,722.5,3477.1,3475.9,1216.8,720.0,533.0,3472.2,1120.0,791.0,3446.7,3445.5,359.2,319.0,309.7,314.4,273.7,259.2,3468.6,3468.6,493.2,378.6,424.7,818.5,606.8,414.5,17.0,-3.0,-7.0,9883.0,-9697.0,-4661.0,7416.0,5.0,16.0,10.0,9.0,-7.0,0.0,9022.0,-12058.0,-2682.0,5869.0,12.0,6.0,8.0,1.0
2022-05-08 16:16:38.570599-07:00,627.0,708.5,1101.7,961.1,360.0,293.6,879.7,726.6,3477.1,3475.9,1217.7,721.6,533.0,3472.2,1120.0,786.9,3438.2,3454.0,359.2,319.0,325.1,316.7,273.7,259.2,3457.6,3457.6,493.2,378.6,420.0,816.0,606.8,414.5,0.0,8.0,-9.0,9884.0,-9696.0,-4660.0,7416.0,20.0,-7.0,7.0,-3.0,1.0,-1.0,9025.0,-12055.0,-2681.0,5870.0,18.0,-9.0,2.0,1.0
2022-05-08 16:16:38.601277-07:00,624.6,703.6,1101.7,961.1,360.0,292.1,879.7,726.6,3463.7,3469.8,1217.7,721.6,537.0,3467.4,1120.0,786.9,3438.2,3454.0,353.0,317.4,325.1,316.7,277.5,260.7,3457.6,3457.6,496.4,384.0,420.0,816.0,615.7,428.6,-6.0,-6.0,-3.0,9883.0,-9695.0,-4662.0,7418.0,-10.0,-3.0,-1.0,-9.0,-8.0,1.0,9021.0,-12059.0,-2682.0,5869.0,-29.0,11.0,-2.0,1.0
2022-05-08 16:16:38.630846-07:00,624.6,703.6,1100.8,961.1,360.0,292.1,880.6,717.5,3463.7,3469.8,1220.4,718.4,537.0,3467.4,1123.5,795.2,3446.7,3451.6,353.0,317.4,322.8,317.4,277.5,260.7,3468.6,3462.5,496.4,384.0,423.9,817.7,615.7,428.6,-7.0,3.0,0.0,9883.0,-9692.0,-4664.0,7422.0,23.0,-14.0,5.0,-9.0,3.0,9.0,9023.0,-12055.0,-2684.0,5873.0,39.0,-24.0,0.0,1.0
2022-05-08 16:16:38.661360-07:00,623.8,709.3,1100.8,961.1,363.1,296.7,880.6,717.5,3467.4,3473.4,1220.4,718.4,535.4,3469.8,1123.5,795.2,3446.7,3451.6,356.1,318.2,322.8,317.4,274.4,260.7,3468.6,3462.5,492.5,379.4,423.9,817.7,609.2,410.6,-3.0,-1.0,1.0,9885.0,-9689.0,-4661.0,7425.0,-11.0,10.0,0.0,-4.0,0.0,-3.0,9027.0,-12049.0,-2683.0,5880.0,-11.0,7.0,-1.0,1.0
2022-05-08 16:16:38.720696-07:00,623.8,709.3,1096.4,964.5,363.1,296.7,885.6,721.6,3467.4,3473.4,1221.3,721.6,535.4,3469.8,1117.4,791.0,3440.7,3449.1,356.1,318.2,319.0,317.4,274.4,260.7,3452.8,3455.2,492.5,379.4,416.1,817.7,609.2,410.6,11.0,-1.0,-2.0,9883.0,-9691.0,-4662.0,7423.0,-10.0,-3.0,3.0,4.0,-10.0,7.0,9022.0,-12055.0,-2684.0,5876.0,-14.0,2.0,0.0,1.0
2022-05-08 16:16:38.781056-07:00,621.4,703.6,1096.4,964.5,364.6,295.1,885.6,721.6,3463.7,3467.4,1216.8,721.6,537.0,3469.8,1117.4,791.0,3440.7,3449.1,359.2,319.7,319.0,315.1,276.0,261.4,3452.8,3455.2,492.5,376.3,416.1,812.7,609.2,418.4,14.0,12.0,-19.0,9885.0,-9686.0,-4663.0,7426.0,22.0,-17.0,-1.0,4.0,-4.0,-6.0,9027.0,-12048.0,-2686.0,5881.0,31.0,-29.0,-6.0,1.0
2022-05-08 16:16:38.810876-07:00,621.4,703.6,1096.4,964.5,364.6,289.8,881.4,717.5,3463.7,3467.4,1216.8,718.4,537.0,3466.1,1123.5,790.2,3441.9,3441.9,358.4,319.7,322.1,315.1,276.0,261.4,3461.3,3468.6,490.1,376.3,419.2,812.7,609.2,418.4,13.0,5.0,0.0,9885.0,-9679.0,-4674.0,7429.0,2.0,-33.0,-15.0,1.0,7.0,-7.0,9031.0,-12043.0,-2695.0,5880.0,-7.0,-14.0,-26.0,1.0
2022-05-08 16:16:38.870702-07:00,626.2,703.6,1096.4,964.5,360.0,289.8,881.4,717.5,3474.6,3469.8,1214.2,718.4,533.8,3466.1,1123.5,790.2,3441.9,3441.9,358.4,324.4,322.1,313.6,272.9,261.4,3461.3,3468.6,490.1,377.0,419.2,818.5,607.6,412.9,-5.0,-11.0,13.0,9880.0,-9686.0,-4691.0,7417.0,-66.0,0.0,-39.0,0.0,-9.0,14.0,9019.0,-12057.0,-2709.0,5863.0,-63.0,24.0,-28.0,1.0
2022-05-08 16:16:38.991062-07:00,626.2,703.6,1096.4,971.3,360.0,292.8,874.7,718.4,3474.6,3469.8,1214.2,724.9,533.8,3469.8,1123.5,789.4,3449.1,3439.5,361.5,324.4,322.8,313.6,272.9,261.4,3458.9,3468.6,493.2,377.0,416.1,818.5,607.6,412.9,4.0,5.0,16.0,9878.0,-9689.0,-4694.0,7414.0,-14.0,13.0,-1.0,-1.0,-2.0,11.0,9018.0,-12059.0,-2710.0,5860.0,1.0,8.0,6.0,1.0
2022-05-08 16:16:38.992853-07:00,623.0,715.9,1090.3,971.3,357.6,292.8,874.7,718.4,3479.5,3473.4,1215.1,724.9,535.4,3469.8,1123.5,789.4,3449.1,3439.5,361.5,317.4,322.8,315.9,266.8,256.1,3458.9,3468.6,493.2,379.4,416.1,815.2,611.7,417.6,3.0,-23.0,22.0,9871.0,-9707.0,-4689.0,7403.0,-8.0,39.0,38.0,2.0,-21.0,23.0,9008.0,-12073.0,-2698.0,5853.0,-3.0,23.0,45.0,1.0
2022-05-08 16:16:39.020678-07:00,623.0,715.9,1090.3,963.7,357.6,294.4,878.0,717.5,3479.5,3473.4,1215.1,723.3,535.4,3474.6,1120.0,791.0,3444.3,3449.1,356.1,317.4,323.6,315.9,266.8,256.1,3467.4,3462.5,490.1,379.4,416.8,815.2,611.7,417.6,-22.0,30.0,-8.0,9868.0,-9727.0,-4668.0,7393.0,-40.0,82.0,0.0,-18.0,22.0,4.0,9003.0,-12082.0,-2676.0,5852.0,-33.0,64.0,28.0,1.0
2022-05-08 16:16:39.140833-07:00,622.2,715.9,1091.2,964.5,360.7,294.4,878.0,717.5,3478.3,3464.9,1216.8,717.5,537.0,3474.6,1120.0,791.0,3444.3,3449.1,356.1,318.2,322.8,319.7,275.2,259.9,3467.4,3462.5,490.1,380.2,414.5,813.5,606.8,413.7,12.0,3.0,-35.0,9876.0,-9739.0,-4664.0,7368.0,-23.0,38.0,-34.0,-3.0,4.0,-24.0,9000.0,-12094.0,-2664.0,5838.0,-23.0,31.0,-10.0,1.0
2022-05-08 16:16:39.142095-07:00,622.2,715.9,1091.2,964.5,360.0,293.6,878.0,715.1,3478.3,3464.9,1216.8,717.5,538.6,3471.0,1116.5,795.2,3449.1,3449.1,356.8,317.4,322.8,319.7,275.2,259.9,3473.4,3467.4,490.1,379.4,414.5,813.5,606.8,413.7,23.0,46.0,-16.0,9863.0,-9766.0,-4693.0,7331.0,-200.0,22.0,-127.0,28.0,19.0,-13.0,8969.0,-12133.0,-2686.0,5795.0,-231.0,95.0,-107.0,1.0
2022-05-08 16:16:39.170719-07:00,618.9,703.6,1079.9,962.0,360.0,293.6,878.0,715.1,3469.8,3473.4,1202.7,716.7,538.6,3471.0,1116.5,795.2,3449.1,3449.1,356.8,317.4,322.8,314.4,274.4,261.4,3473.4,3467.4,490.1,379.4,413.7,818.5,610.0,412.9,-34.0,-70.0,7.0,9864.0,-9770.0,-4742.0,7294.0,69.0,-29.0,-47.0,-39.0,-27.0,-6.0,8969.0,-12139.0,-2705.0,5771.0,44.0,-14.0,-8.0,1.0
2022-05-08 16:16:39.230852-07:00,618.9,703.6,1079.9,962.0,362.3,303.6,880.6,716.7,3469.8,3473.4,1202.7,716.7,536.2,3460.1,1121.7,791.0,3450.4,3456.4,353.7,319.7,322.8,314.4,274.4,261.4,3464.9,3469.8,496.4,378.6,413.7,818.5,610.0,412.9,82.0,-24.0,16.0,9853.0,-9777.0,-4727.0,7308.0,-29.0,2.0,117.0,68.0,-35.0,-11.0,8957.0,-12142.0,-2692.0,5789.0,11.0,-30.0,98.0,1.0
2022-05-08 16:16:39.260861-07:00,626.2,702.8,1092.1,959.4,362.3,303.6,880.6,716.7,3473.4,3467.4,1217.7,724.1,536.2,3460.1,1121.7,791.0,3450.4,3456.4,353.7,319.7,320.5,318.2,272.9,261.4,3464.9,3469.8,496.4,378.6,418.4,815.2,609.2,413.7,26.0,80.0,-15.0,9842.0,-9783.0,-4698.0,7334.0,6.0,-3.0,24.0,54.0,35.0,-3.0,8956.0,-12134.0,-2677.0,5816.0,-26.0,2.0,-31.0,1.0
2022-05-08 16:16:39.350649-07:00,626.2,702.8,1092.1,959.4,360.0,293.6,879.7,717.5,3473.4,3467.4,1217.7,724.1,535.4,3479.5,1121.7,782.7,3451.6,3445.5,355.3,312.8,320.5,318.2,272.9,261.4,3463.7,3473.4,494.0,377.0,418.4,815.2,609.2,413.7,-116.0,-58.0,-10.0,9841.0,-9778.0,-4721.0,7328.0,-3.0,-49.0,17.0,-125.0,-8.0,18.0,8948.0,-12137.0,-2695.0,5814.0,28.0,-53.0,32.0,1.0
2022-05-08 16:16:39.352252-07:00,621.4,712.6,1086.0,962.0,360.0,293.6,879.7,717.5,3478.3,3473.4,1207.1,725.8,535.4,3479.5,1121.7,782.7,3451.6,3445.5,355.3,312.8,320.5,315.9,274.4,259.9,3463.7,3473.4,494.0,377.0,420.8,814.4,607.6,410.6,-19.0,51.0,-2.0,9828.0,-9784.0,-4706.0,7347.0,-16.0,15.0,32.0,-10.0,17.0,14.0,8945.0,-12133.0,-2686.0,5831.0,22.0,6.0,8.0,1.0
2022-05-08 16:16:39.440790-07:00,623.0,712.6,1086.0,962.0,355.3,295.9,877.2,718.4,3478.3,3473.4,1207.1,725.8,534.6,3468.6,1120.0,789.4,3452.8,3451.6,353.7,321.3,320.5,315.9,274.4,258.4,3466.1,3473.4,501.2,373.2,420.8,814.4,607.6,412.1,69.0,-25.0,5.0,9842.0,-9772.0,-4704.0,7345.0,79.0,-23.0,-17.0,52.0,-25.0,3.0,8962.0,-12121.0,-2684.0,5830.0,101.0,-35.0,-21.0,1.0
2022-05-08 16:16:39.530935-07:00,623.0,705.2,1082.5,958.5,355.3,295.9,877.2,718.4,3478.3,3473.4,1216.0,718.4,534.6,3468.6,1120.0,794.4,3449.1,3451.6,353.7,321.3,317.4,320.5,278.3,258.4,3468.6,3473.4,501.2,373.2,423.9,816.9,607.6,412.1,38.0,-25.0,17.0,9855.0,-9744.0,-4694.0,7370.0,58.0,-43.0,46.0,39.0,-26.0,-5.0,8987.0,-12094.0,-2682.0,5848.0,35.0,-41.0,32.0,1.0
2022-05-08 16:16:39.532164-07:00,625.4,705.2,1082.5,958.5,355.3,294.4,878.9,718.4,3473.4,3473.4,1216.0,718.4,534.6,3473.4,1118.2,794.4,3449.1,3452.8,360.0,321.3,317.4,320.5,278.3,256.1,3468.6,3468.6,493.2,377.8,423.9,816.9,607.6,416.1,-57.0,40.0,1.0,9844.0,-9753.0,-4686.0,7380.0,-64.0,36.0,-1.0,-51.0,26.0,20.0,8981.0,-12097.0,-2681.0,5852.0,-64.0,28.0,17.0,1.0
2022-05-08 16:16:39.560770-07:00,625.4,698.7,1076.4,961.1,355.3,294.4,878.9,717.5,3473.4,3471.0,1214.2,722.5,534.6,3473.4,1118.2,793.5,3444.3,3452.8,360.0,321.3,319.7,315.9,276.7,256.1,3447.9,3468.6,493.2,377.8,420.8,813.5,607.6,416.1,-18.0,11.0,-9.0,9840.0,-9770.0,-4695.0,7357.0,-17.0,19.0,-41.0,-10.0,0.0,7.0,8969.0,-12114.0,-2680.0,5835.0,-21.0,38.0,-14.0,1.0
2022-05-08 16:16:39.651447-07:00,623.0,698.7,1076.4,961.1,356.8,295.1,880.6,717.5,3469.8,3471.0,1214.2,722.5,534.6,3471.0,1111.2,793.5,3444.3,3437.0,353.0,319.7,319.7,315.9,276.7,262.2,3447.9,3457.6,492.5,380.2,420.8,813.5,607.6,409.0,47.0,-35.0,8.0,9842.0,-9772.0,-4706.0,7343.0,2.0,21.0,-14.0,43.0,-30.0,-6.0,8969.0,-12120.0,-2680.0,5824.0,12.0,16.0,-5.0,1.0
2022-05-08 16:16:39.652947-07:00,623.0,702.8,1081.6,957.7,356.8,295.1,880.6,714.2,3469.8,3467.4,1211.5,729.9,534.6,3471.0,1111.2,790.2,3451.6,3437.0,353.0,319.7,320.5,317.4,279.8,262.2,3466.1,3457.6,492.5,380.2,422.3,818.5,606.8,409.0,33.0,-14.0,-2.0,9846.0,-9771.0,-4699.0,7343.0,-4.0,15.0,33.0,18.0,-7.0,-9.0,8973.0,-12117.0,-2675.0,5825.0,7.0,-4.0,26.0,1.0
2022-05-08 16:16:39.710829-07:00,636.7,704.4,1081.6,957.7,370.8,289.8,878.0,714.2,3463.7,3466.1,1211.5,729.9,541.0,3466.1,1122.6,790.2,3451.6,3452.8,358.4,318.2,320.5,317.4,278.3,259.9,3466.1,3451.6,493.2,398.9,422.3,818.5,611.7,409.0,-64.0,19.0,-16.0,9843.0,-9774.0,-4693.0,7348.0,-8.0,-17.0,8.0,-69.0,16.0,5.0,8972.0,-12118.0,-2673.0,5827.0,-4.0,-7.0,4.0,1.0
2022-05-08 16:16:39.830802-07:00,636.7,704.4,1083.4,959.4,370.8,289.8,879.7,717.5,3463.7,3466.1,1216.0,720.8,541.0,3466.1,1119.1,791.9,3447.9,3446.7,358.4,318.2,319.0,319.0,278.3,259.9,3467.4,3461.3,493.2,398.9,423.9,811.0,611.7,409.0,-14.0,14.0,-5.0,9842.0,-9774.0,-4694.0,7348.0,5.0,14.0,-9.0,0.0,2.0,1.0,8972.0,-12118.0,-2673.0,5826.0,9.0,14.0,-4.0,1.0
2022-05-08 16:16:39.832035-07:00,625.4,697.9,1083.4,959.4,355.3,294.4,879.7,717.5,3463.7,3469.8,1216.0,720.8,533.8,3473.4,1119.1,791.9,3447.9,3446.7,354.5,318.2,319.0,319.0,273.7,263.0,3467.4,3461.3,490.9,378.6,423.9,811.0,609.2,418.4,39.0,-18.0,0.0,9848.0,-9776.0,-4698.0,7336.0,2.0,-3.0,-28.0,39.0,-26.0,4.0,8976.0,-12120.0,-2672.0,5817.0,14.0,5.0,-14.0,1.0
2022-05-08 16:16:39.890707-07:00,625.4,697.9,1079.9,958.5,355.3,294.4,880.6,712.6,3463.7,3469.8,1210.6,720.0,533.8,3473.4,1119.1,790.2,3440.7,3451.6,354.5,318.2,317.4,314.4,273.7,263.0,3463.7,3467.4,490.9,378.6,419.2,815.2,609.2,418.4,36.0,-9.0,1.0,9850.0,-9768.0,-4704.0,7339.0,-8.0,-9.0,21.0,13.0,-8.0,0.0,8978.0,-12118.0,-2678.0,5815.0,-19.0,-1.0,10.0,1.0
2022-05-08 16:16:39.920801-07:00,627.8,706.9,1079.9,958.5,359.2,293.6,880.6,712.6,3457.6,3464.9,1210.6,720.0,535.4,3480.7,1119.1,790.2,3440.7,3451.6,358.4,311.3,317.4,314.4,276.7,258.4,3463.7,3467.4,486.1,379.4,419.2,815.2,611.7,412.9,-49.0,9.0,5.0,9846.0,-9773.0,-4696.0,7342.0,6.0,33.0,19.0,-48.0,18.0,11.0,8976.0,-12119.0,-2672.0,5818.0,14.0,4.0,16.0,1.0
2022-05-08 16:16:39.950798-07:00,627.8,706.9,1079.9,959.4,359.2,293.6,878.9,722.5,3457.6,3464.9,1208.0,717.5,535.4,3480.7,1122.6,793.5,3444.3,3458.9,358.4,311.3,325.9,314.4,276.7,258.4,3455.2,3463.7,486.1,379.4,420.0,815.2,611.7,412.9,-10.0,14.0,0.0,9847.0,-9784.0,-4692.0,7329.0,-27.0,32.0,-28.0,0.0,1.0,10.0,8972.0,-12128.0,-2665.0,5810.0,-31.0,37.0,-7.0,1.0
2022-05-08 16:16:40.070953-07:00,620.5,697.9,1079.9,959.4,360.7,297.4,878.9,722.5,3468.6,3478.3,1208.0,717.5,541.0,3456.4,1122.6,793.5,3444.3,3458.9,354.5,318.2,325.9,314.4,276.7,260.7,3455.2,3463.7,492.5,381.7,420.0,815.2,606.0,412.1,22.0,-25.0,-1.0,9848.0,-9786.0,-4699.0,7321.0,-2.0,-2.0,-8.0,19.0,-21.0,-6.0,8970.0,-12132.0,-2663.0,5805.0,14.0,2.0,2.0,1.0
2022-05-08 16:16:40.072194-07:00,620.5,697.9,1080.8,958.5,360.7,295.1,878.9,711.8,3468.6,3478.3,1208.9,723.3,541.0,3467.4,1120.9,784.4,3449.1,3444.3,355.3,318.2,321.3,317.4,276.7,260.7,3466.1,3458.9,490.1,381.7,416.1,816.9,606.0,412.1,-9.0,1.0,-8.0,9847.0,-9791.0,-4692.0,7320.0,-5.0,19.0,18.0,-11.0,-1.0,0.0,8969.0,-12133.0,-2661.0,5806.0,-7.0,4.0,15.0,1.0
2022-05-08 16:16:40.100721-07:00,627.8,705.2,1084.2,958.5,357.6,295.1,878.9,711.8,3477.1,3474.6,1214.2,723.3,536.2,3467.4,1120.9,784.4,3449.1,3444.3,355.3,315.1,321.3,311.3,272.9,261.4,3466.1,3458.9,490.1,379.4,416.1,826.0,608.4,415.3,-9.0,15.0,-16.0,9846.0,-9792.0,-4693.0,7320.0,-9.0,-19.0,-24.0,-14.0,8.0,-3.0,8967.0,-12134.0,-2661.0,5806.0,2.0,-4.0,-18.0,1.0
2022-05-08 16:16:40.220736-07:00,627.8,705.2,1084.2,974.8,357.6,296.7,878.9,719.2,3477.1,3474.6,1214.2,711.8,536.2,3472.2,1117.4,791.0,3447.9,3457.6,354.5,315.1,320.5,311.3,272.9,261.4,3462.5,3461.3,494.0,379.4,421.5,826.0,608.4,415.3,22.0,-19.0,3.0,9852.0,-9779.0,-4702.0,7324.0,13.0,-24.0,-9.0,16.0,-11.0,-1.0,8977.0,-12124.0,-2669.0,5808.0,10.0,-16.0,-10.0,1.0
2022-05-08 16:16:40.222429-07:00,624.6,706.0,1080.8,974.8,360.7,296.7,878.9,719.2,3469.8,3469.8,1209.7,711.8,537.8,3472.2,1117.4,791.0,3447.9,3457.6,354.5,318.2,320.5,316.7,276.0,257.6,3462.5,3461.3,494.0,375.5,421.5,813.5,604.4,415.3,12.0,6.0,10.0,9847.0,-9781.0,-4699.0,7329.0,-5.0,8.0,31.0,13.0,-4.0,7.0,8976.0,-12125.0,-2668.0,5809.0,-5.0,-1.0,18.0,1.0
2022-05-08 16:16:40.250771-07:00,624.6,706.0,1080.8,956.0,360.7,294.4,869.6,715.9,3469.8,3469.8,1209.7,722.5,537.8,3469.8,1112.1,793.5,3444.3,3437.0,355.3,318.2,324.4,316.7,276.0,257.6,3461.3,3454.0,490.9,375.5,419.2,813.5,604.4,415.3,-37.0,11.0,-12.0,9847.0,-9779.0,-4698.0,7333.0,15.0,-18.0,-10.0,-35.0,11.0,9.0,8978.0,-12121.0,-2667.0,5813.0,21.0,-22.0,-5.0,1.0
2022-05-08 16:16:40.311547-07:00,625.4,700.3,1076.4,956.0,360.0,294.4,869.6,715.9,3472.2,3466.1,1208.0,722.5,535.4,3469.8,1112.1,793.5,3444.3,3437.0,355.3,319.7,324.4,315.1,273.7,258.4,3461.3,3454.0,490.9,377.8,419.2,818.5,608.4,416.8,-6.0,1.0,-6.0,9847.0,-9781.0,-4697.0,7332.0,-20.0,15.0,-4.0,-1.0,-3.0,-2.0,8977.0,-12124.0,-2666.0,5811.0,-27.0,21.0,-3.0,1.0
2022-05-08 16:16:40.370640-07:00,625.4,700.3,1076.4,957.7,358.4,293.6,867.9,719.2,3472.2,3466.1,1208.0,720.0,531.4,3467.4,1120.0,791.0,3451.6,3443.1,358.4,319.7,320.5,315.1,273.7,258.4,3464.9,3462.5,486.1,380.9,409.0,818.5,608.4,416.8,23.0,-14.0,1.0,9844.0,-9786.0,-4698.0,7328.0,7.0,-7.0,1.0,17.0,-18.0,5.0,8973.0,-12128.0,-2665.0,5806.0,11.0,-6.0,0.0,1.0
2022-05-08 16:16:40.400712-07:00,621.4,704.4,1074.7,958.5,358.4,293.6,867.9,719.2,3467.4,3464.9,1209.7,720.8,531.4,3467.4,1120.0,791.0,3451.6,3443.1,358.4,319.7,316.7,317.4,274.4,263.0,3464.9,3462.5,486.1,380.9,420.8,816.0,608.4,415.3,14.0,0.0,0.0,9845.0,-9781.0,-4702.0,7330.0,0.0,3.0,16.0,8.0,2.0,-7.0,8974.0,-12131.0,-2666.0,5801.0,-26.0,58.0,-13.0,1.0
2022-05-08 16:16:40.460886-07:00,621.4,704.4,1074.7,958.5,360.0,290.5,877.2,715.9,3467.4,3464.9,1209.7,720.8,535.4,3462.5,1117.4,790.2,3435.8,3446.7,358.4,321.3,316.7,317.4,274.4,263.0,3457.6,3468.6,499.6,380.9,420.8,816.0,608.4,415.3,33.0,61.0,-183.0,9726.0,-9891.0,-4734.0,7321.0,-782.0,-110.0,246.0,17.0,3.0,-71.0,8892.0,-12244.0,-2683.0,5680.0,-1294.0,570.0,-170.0,1.0
2022-05-08 16:16:40.520823-07:00,628.6,713.4,1177.0,948.3,360.0,290.5,877.2,715.9,3477.1,3464.9,1206.2,720.0,535.4,3462.5,1117.4,790.2,3435.8,3446.7,358.4,321.3,324.4,315.9,276.7,259.9,3457.6,3468.6,499.6,380.9,423.1,816.9,625.4,416.1,-65.0,18.0,85.0,9549.0,-9972.0,-4883.0,7346.0,-40.0,-391.0,-1.0,-4.0,37.0,85.0,8527.0,-12600.0,-2797.0,5399.0,-563.0,255.0,-102.0,1.0
2022-05-08 16:16:40.670906-07:00,628.6,713.4,1177.0,948.3,357.6,295.9,868.8,715.9,3477.1,3464.9,1206.2,720.0,537.8,3467.4,1127.0,793.5,3445.5,3447.9,355.3,316.7,324.4,315.9,276.7,259.9,3473.4,3478.3,491.7,387.9,423.1,816.9,625.4,416.1,0.0,36.0,-10.0,9534.0,-9857.0,-5023.0,7426.0,-42.0,-369.0,-278.0,-10.0,32.0,-40.0,8405.0,-12727.0,-2875.0,5250.0,-553.0,227.0,-221.0,1.0
2022-05-08 16:16:40.672244-07:00,631.1,738.1,1053.9,944.9,357.6,295.9,868.8,715.9,3464.9,3464.9,1177.9,713.4,537.8,3467.4,1127.0,793.5,3445.5,3447.9,355.3,316.7,322.8,314.4,284.4,255.3,3473.4,3478.3,491.7,387.9,420.0,824.4,618.1,416.1,-21.0,-85.0,64.0,9518.0,-9830.0,-5161.0,7388.0,-109.0,-77.0,-139.0,-20.0,-35.0,23.0,8246.0,-12874.0,-2973.0,5086.0,-398.0,189.0,-87.0,1.0
2022-05-08 16:16:40.673069-07:00,638.4,738.1,1053.9,944.9,360.0,299.0,871.3,711.8,3473.4,3464.9,1177.9,713.4,537.8,3466.1,1124.4,790.2,3452.8,3441.9,353.0,315.9,322.8,314.4,284.4,259.2,3467.4,3447.9,500.4,384.8,420.0,824.4,618.1,419.2,23.0,-31.0,11.0,9506.0,-9865.0,-5153.0,7362.0,-125.0,169.0,92.0,17.0,-19.0,-13.0,8169.0,-12954.0,-2986.0,4999.0,-227.0,133.0,22.0,1.0
2022-05-08 16:16:40.700693-07:00,638.4,777.8,946.6,939.8,360.0,299.0,871.3,701.9,3473.4,3469.8,1157.7,722.5,537.8,3466.1,1124.4,791.9,3446.7,3441.9,353.0,315.9,322.8,319.0,289.0,259.2,3466.1,3447.9,500.4,384.8,420.8,816.9,613.3,419.2,25.0,0.0,19.0,9484.0,-9947.0,-5116.0,7305.0,-125.0,209.0,13.0,15.0,-13.0,1.0,8090.0,-13024.0,-2983.0,4945.0,-203.0,89.0,48.0,1.0
2022-05-08 16:16:40.761581-07:00,644.0,777.8,946.6,939.8,361.5,295.9,862.9,701.9,3466.1,3469.8,1157.7,722.5,537.8,3477.1,1125.2,791.9,3446.7,3441.9,361.5,315.9,322.8,319.0,289.0,259.2,3466.1,3463.7,502.8,379.4,420.8,816.9,613.3,409.8,-24.0,-5.0,-14.0,9483.0,-9999.0,-5096.0,7251.0,-114.0,96.0,-13.0,-25.0,9.0,3.0,8039.0,-13071.0,-2974.0,4909.0,-107.0,69.0,33.0,1.0
2022-05-08 16:16:40.820637-07:00,644.0,787.7,916.9,938.1,361.5,295.9,862.9,704.4,3466.1,3467.4,1145.4,714.2,537.8,3477.1,1125.2,793.5,3446.7,3441.9,361.5,315.9,322.8,317.4,282.1,259.2,3461.3,3463.7,502.8,379.4,424.7,809.4,604.4,409.8,-3.0,14.0,-30.0,9474.0,-10032.0,-5093.0,7219.0,-46.0,52.0,-23.0,-1.0,27.0,-16.0,8016.0,-13091.0,-2968.0,4898.0,-31.0,4.0,-1.0,1.0
2022-05-08 16:16:40.880972-07:00,645.7,787.7,916.9,938.1,366.9,299.0,857.9,704.4,3466.1,3467.4,1145.4,714.2,531.4,3469.8,1126.1,793.5,3446.7,3450.4,358.4,315.9,322.8,317.4,282.1,258.4,3461.3,3462.5,497.2,377.8,424.7,809.4,604.4,404.3,-21.0,2.0,-6.0,9447.0,-10066.0,-5108.0,7196.0,-155.0,-2.0,-9.0,-21.0,3.0,-5.0,7991.0,-13113.0,-2974.0,4878.0,-113.0,54.0,-25.0,1.0
2022-05-08 16:16:40.940760-07:00,645.7,786.9,907.6,938.1,366.9,299.0,857.9,701.9,3466.1,3474.6,1148.9,716.7,531.4,3469.8,1126.1,792.7,3444.3,3450.4,358.4,315.9,322.8,324.4,283.6,258.4,3463.7,3462.5,497.2,377.8,418.4,811.0,614.1,404.3,-3.0,-12.0,8.0,9414.0,-10096.0,-5130.0,7181.0,-44.0,-5.0,-14.0,-3.0,-9.0,5.0,7959.0,-13137.0,-2981.0,4860.0,-32.0,-1.0,-9.0,1.0
2022-05-08 16:16:41.060710-07:00,643.2,786.9,907.6,938.1,355.3,296.7,862.1,701.9,3477.1,3474.6,1148.9,716.7,536.2,3475.9,1114.7,792.7,3444.3,3443.1,358.4,318.2,322.8,324.4,283.6,263.7,3463.7,3473.4,492.5,382.5,418.4,811.0,614.1,409.8,27.0,-19.0,9.0,9421.0,-10082.0,-5131.0,7190.0,22.0,-43.0,13.0,29.0,-4.0,-1.0,7972.0,-13123.0,-2983.0,4876.0,45.0,-43.0,5.0,1.0
2022-05-08 16:16:41.091017-07:00,643.2,785.2,905.9,935.6,355.3,296.7,855.3,710.1,3477.1,3467.4,1141.9,719.2,536.2,3475.9,1114.7,795.2,3438.2,3451.6,358.4,318.2,324.4,319.7,284.4,263.7,3471.0,3467.4,492.5,382.5,405.9,813.5,612.5,409.8,33.0,34.0,1.0,9400.0,-10090.0,-5133.0,7205.0,-70.0,-11.0,43.0,15.0,16.0,-1.0,7969.0,-13120.0,-2985.0,4887.0,-24.0,-9.0,-3.0,1.0
2022-05-08 16:16:41.092905-07:00,640.8,781.1,905.9,935.6,361.5,297.4,855.3,710.1,3466.1,3480.7,1141.9,719.2,535.4,3473.4,1114.7,795.2,3438.2,3451.6,358.4,315.9,324.4,319.7,280.6,256.1,3471.0,3467.4,494.8,384.0,405.9,813.5,611.7,410.6,-87.0,-17.0,17.0,9384.0,-10105.0,-5147.0,7195.0,-48.0,18.0,-32.0,-94.0,2.0,11.0,7948.0,-13134.0,-2995.0,4876.0,-66.0,8.0,-9.0,1.0
2022-05-08 16:16:41.210685-07:00,640.8,781.1,883.9,934.7,361.5,297.4,850.3,706.0,3466.1,3480.7,1134.0,722.5,535.4,3473.4,1115.6,791.9,3447.9,3445.5,358.4,315.9,322.1,321.3,280.6,256.1,3457.6,3460.1,494.8,384.0,420.8,812.7,611.7,410.6,-14.0,4.0,10.0,9388.0,-10112.0,-5143.0,7183.0,13.0,23.0,-6.0,-2.0,-8.0,14.0,7951.0,-13134.0,-2986.0,4878.0,28.0,13.0,24.0,1.0
2022-05-08 16:16:41.211941-07:00,648.9,772.0,883.9,934.7,357.6,299.7,850.3,706.0,3467.4,3467.4,1134.0,722.5,543.4,3468.6,1115.6,791.9,3447.9,3445.5,353.7,315.1,322.1,321.3,283.6,257.6,3457.6,3460.1,495.6,380.2,420.8,812.7,616.5,416.8,40.0,-9.0,17.0,9392.0,-10110.0,-5139.0,7184.0,71.0,-21.0,10.0,49.0,-10.0,1.0,7961.0,-13127.0,-2976.0,4888.0,68.0,-21.0,13.0,1.0
2022-05-08 16:16:41.241352-07:00,648.9,772.0,892.4,939.8,357.6,299.7,850.3,694.6,3467.4,3467.4,1136.6,719.2,543.4,3468.6,1123.5,788.6,3445.5,3447.9,353.7,315.1,325.1,318.2,283.6,257.6,3461.3,3462.5,495.6,380.2,412.9,815.2,616.5,416.8,13.0,0.0,0.0,9406.0,-10090.0,-5133.0,7198.0,13.0,-2.0,-16.0,-6.0,8.0,-4.0,7980.0,-13110.0,-2972.0,4904.0,19.0,-15.0,-6.0,1.0
2022-05-08 16:16:41.270770-07:00,640.8,771.1,892.4,939.8,363.8,298.2,850.3,694.6,3483.2,3483.2,1136.6,719.2,533.8,3469.8,1123.5,788.6,3445.5,3447.9,358.4,314.4,325.1,318.2,281.3,259.2,3461.3,3462.5,489.3,381.7,412.9,815.2,607.6,416.1,-67.0,5.0,-3.0,9406.0,-10091.0,-5126.0,7202.0,-3.0,14.0,52.0,-63.0,13.0,-1.0,7982.0,-13109.0,-2967.0,4908.0,13.0,1.0,33.0,1.0
2022-05-08 16:16:41.301443-07:00,640.8,771.1,896.6,934.7,363.8,298.2,852.8,702.8,3483.2,3483.2,1133.1,711.8,533.8,3469.8,1119.1,795.2,3443.1,3446.7,358.4,314.4,322.1,319.0,281.3,259.2,3472.2,3468.6,489.3,381.7,410.6,819.4,607.6,416.1,9.0,27.0,9.0,9396.0,-10104.0,-5122.0,7199.0,-15.0,18.0,-36.0,6.0,9.0,12.0,7975.0,-13116.0,-2959.0,4903.0,-4.0,23.0,-3.0,1.0
2022-05-08 16:16:41.390871-07:00,639.2,775.3,878.0,934.7,356.8,291.3,852.8,702.8,3469.8,3466.1,1133.1,711.8,529.0,3457.6,1119.1,795.2,3443.1,3446.7,357.6,316.7,322.1,316.7,281.3,262.2,3472.2,3468.6,498.0,377.8,410.6,819.4,602.8,412.1,41.0,-37.0,3.0,9402.0,-10097.0,-5143.0,7186.0,-17.0,-30.0,-33.0,33.0,-28.0,-9.0,7979.0,-13118.0,-2962.0,4892.0,-9.0,11.0,-21.0,1.0
2022-05-08 16:16:41.420764-07:00,639.2,775.3,878.0,932.2,356.8,292.1,847.8,693.8,3469.8,3466.1,1133.1,718.4,529.0,3466.1,1116.5,791.9,3445.5,3450.4,355.3,316.7,325.9,316.7,281.3,262.2,3471.0,3468.6,493.2,377.8,417.6,819.4,602.8,412.1,10.0,-21.0,10.0,9402.0,-10095.0,-5135.0,7194.0,18.0,4.0,44.0,2.0,-5.0,-4.0,7984.0,-13114.0,-2961.0,4893.0,30.0,-14.0,32.0,1.0
2022-05-08 16:16:41.481026-07:00,644.9,763.7,873.0,932.2,358.4,292.1,847.8,693.8,3478.3,3468.6,1132.2,718.4,533.8,3466.1,1116.5,791.9,3445.5,3450.4,355.3,315.1,325.9,317.4,279.8,261.4,3471.0,3468.6,493.2,380.9,417.6,817.7,606.0,407.5,-32.0,33.0,-1.0,9395.0,-10100.0,-5130.0,7200.0,-4.0,7.0,4.0,-34.0,28.0,10.0,7981.0,-13115.0,-2951.0,4902.0,7.0,-5.0,19.0,1.0
2022-05-08 16:16:41.540732-07:00,644.9,763.7,873.0,931.3,358.4,299.7,852.0,707.7,3478.3,3468.6,1132.2,717.5,533.8,3475.9,1111.2,793.5,3446.7,3441.9,354.5,315.1,322.1,317.4,279.8,261.4,3464.9,3463.7,493.2,380.9,420.0,817.7,606.0,407.5,-22.0,3.0,-11.0,9390.0,-10106.0,-5140.0,7191.0,-55.0,2.0,-35.0,-25.0,9.0,-3.0,7972.0,-13123.0,-2946.0,4899.0,-48.0,24.0,-9.0,1.0
2022-05-08 16:16:41.541911-07:00,640.8,768.7,873.8,931.3,361.5,299.7,852.0,707.7,3471.0,3473.4,1129.6,717.5,536.2,3475.9,1111.2,793.5,3446.7,3441.9,354.5,312.0,322.1,319.7,274.4,256.1,3464.9,3463.7,493.2,379.4,420.0,816.0,609.2,414.5,17.0,-24.0,4.0,9380.0,-10112.0,-5156.0,7184.0,-17.0,-28.0,2.0,13.0,-15.0,-2.0,7956.0,-13134.0,-2951.0,4891.0,-25.0,0.0,0.0,1.0
2022-05-08 16:16:41.631047-07:00,640.8,768.7,873.8,936.4,361.5,299.7,844.4,701.1,3471.0,3473.4,1129.6,721.6,536.2,3466.1,1109.5,789.4,3451.6,3443.1,353.0,312.0,319.7,319.7,274.4,256.1,3467.4,3463.7,498.8,379.4,417.6,816.0,609.2,414.5,43.0,-2.0,15.0,9376.0,-10106.0,-5164.0,7193.0,12.0,5.0,-7.0,27.0,-17.0,-6.0,7957.0,-13133.0,-2954.0,4889.0,3.0,-5.0,-9.0,1.0
2022-05-08 16:16:41.660845-07:00,640.8,766.2,868.8,930.5,359.2,299.7,844.4,701.1,3461.3,3468.6,1136.6,718.4,533.8,3466.1,1109.5,789.4,3451.6,3443.1,353.0,318.2,320.5,314.4,277.5,260.7,3467.4,3463.7,498.8,379.4,416.1,816.9,599.6,406.7,0.0,-7.0,9.0,9379.0,-10104.0,-5166.0,7189.0,-31.0,-3.0,15.0,0.0,-5.0,4.0,7954.0,-13136.0,-2958.0,4886.0,-29.0,3.0,8.0,1.0
2022-05-08 16:16:41.720715-07:00,640.8,766.2,868.8,930.5,359.2,296.7,831.9,701.9,3461.3,3468.6,1136.6,718.4,533.8,3462.5,1115.6,790.2,3456.4,3441.9,358.4,313.6,320.5,314.4,277.5,260.7,3471.0,3463.7,494.8,383.3,416.1,816.9,599.6,406.7,-7.0,11.0,0.0,9372.0,-10111.0,-5166.0,7190.0,-25.0,4.0,11.0,-6.0,15.0,5.0,7949.0,-13138.0,-2958.0,4887.0,-23.0,9.0,4.0,1.0
2022-05-08 16:16:41.780961-07:00,636.7,762.9,864.6,931.3,359.2,296.7,831.9,701.9,3467.4,3473.4,1127.0,711.8,533.8,3462.5,1115.6,790.2,3456.4,3441.9,358.4,313.6,322.1,311.3,276.7,266.0,3471.0,3463.7,494.8,383.3,414.5,820.2,606.0,405.9,-3.0,2.0,2.0,9363.0,-10118.0,-5170.0,7187.0,-19.0,-1.0,-2.0,-10.0,4.0,0.0,7943.0,-13143.0,-2959.0,4885.0,-12.0,11.0,3.0,1.0
2022-05-08 16:16:41.810832-07:00,636.7,762.9,864.6,931.3,356.8,298.2,842.8,699.5,3467.4,3473.4,1127.0,711.8,537.8,3457.6,1114.7,791.0,3451.6,3449.1,348.3,314.4,322.1,311.3,276.7,266.0,3468.6,3462.5,486.1,380.2,414.5,820.2,606.0,405.9,-5.0,-3.0,0.0,9358.0,-10122.0,-5170.0,7188.0,-27.0,12.0,18.0,-11.0,4.0,-5.0,7938.0,-13146.0,-2957.0,4883.0,-27.0,12.0,7.0,1.0
2022-05-08 16:16:41.870619-07:00,643.2,767.8,867.1,933.9,356.8,298.2,842.8,699.5,3468.6,3468.6,1125.2,720.8,537.8,3457.6,1114.7,791.0,3451.6,3449.1,348.3,314.4,323.6,314.4,280.6,262.2,3468.6,3462.5,486.1,380.2,417.6,826.9,607.6,410.6,4.0,4.0,4.0,9350.0,-10131.0,-5168.0,7188.0,1.0,-7.0,9.0,-2.0,4.0,0.0,7931.0,-13152.0,-2955.0,4881.0,0.0,1.0,8.0,1.0
2022-05-08 16:16:41.901286-07:00,643.2,767.8,867.1,933.9,360.0,292.8,842.8,707.7,3468.6,3468.6,1125.2,720.8,533.0,3467.4,1116.5,784.4,3446.7,3441.9,355.3,315.9,323.6,314.4,280.6,262.2,3456.4,3468.6,490.9,379.4,417.6,826.9,607.6,410.6,11.0,-10.0,0.0,9348.0,-10130.0,-5171.0,7189.0,-18.0,-16.0,-3.0,7.0,-5.0,-6.0,7932.0,-13152.0,-2955.0,4881.0,-19.0,0.0,-7.0,1.0
2022-05-08 16:16:42.021433-07:00,640.8,763.7,859.5,938.1,360.0,292.8,842.8,707.7,3478.3,3478.3,1127.0,719.2,533.0,3467.4,1116.5,784.4,3446.7,3441.9,355.3,315.9,322.1,320.5,280.6,256.1,3456.4,3468.6,490.9,379.4,415.3,814.4,603.6,409.8,4.0,2.0,1.0,9345.0,-10130.0,-5174.0,7192.0,-6.0,-8.0,14.0,0.0,0.0,1.0,7930.0,-13153.0,-2956.0,4880.0,-6.0,1.0,3.0,1.0
2022-05-08 16:16:42.022542-07:00,642.4,763.7,859.5,938.1,362.3,296.7,843.6,703.6,3472.2,3478.3,1127.0,719.2,530.6,3464.9,1113.9,795.2,3454.0,3443.1,356.8,315.1,322.1,320.5,280.6,259.2,3463.7,3469.8,490.1,382.5,415.3,814.4,603.6,409.0,-4.0,7.0,2.0,9338.0,-10133.0,-5178.0,7194.0,-10.0,-24.0,-12.0,-5.0,-1.0,2.0,7925.0,-13156.0,-2958.0,4879.0,-6.0,-7.0,-4.0,1.0
2022-05-08 16:16:42.050858-07:00,642.4,762.0,857.0,928.8,362.3,296.7,843.6,699.5,3472.2,3466.1,1125.2,719.2,530.6,3464.9,1113.9,790.2,3452.8,3443.1,356.8,315.1,323.6,319.7,280.6,259.2,3455.2,3469.8,490.1,382.5,410.6,816.0,606.0,409.0,-7.0,-2.0,-4.0,9338.0,-10128.0,-5186.0,7195.0,-10.0,-16.0,-1.0,-10.0,0.0,-5.0,7926.0,-13153.0,-2961.0,4882.0,-8.0,0.0,-6.0,1.0
2022-05-08 16:16:42.111693-07:00,636.7,762.0,857.0,928.8,355.3,292.8,842.8,699.5,3477.1,3466.1,1125.2,719.2,533.8,3464.9,1109.5,790.2,3452.8,3439.5,351.4,315.9,323.6,319.7,280.6,259.2,3455.2,3460.1,492.5,374.7,410.6,816.0,606.0,409.0,1.0,-4.0,9.0,9330.0,-10133.0,-5190.0,7195.0,-4.0,-8.0,15.0,0.0,-8.0,2.0,7918.0,-13158.0,-2964.0,4880.0,-31.0,5.0,3.0,1.0
2022-05-08 16:16:42.200665-07:00,636.7,764.5,865.4,926.2,355.3,292.8,842.8,700.3,3477.1,3469.8,1130.5,715.9,533.8,3464.9,1109.5,795.2,3446.7,3439.5,351.4,315.9,327.5,317.4,281.3,259.2,3467.4,3460.1,492.5,374.7,410.6,811.0,606.8,409.0,2.0,10.0,4.0,9337.0,-10127.0,-5185.0,7198.0,24.0,-1.0,-20.0,1.0,1.0,8.0,7925.0,-13152.0,-2963.0,4885.0,38.0,-15.0,-2.0,1.0
2022-05-08 16:16:42.202279-07:00,639.2,764.5,865.4,926.2,357.6,292.8,844.4,700.3,3480.7,3469.8,1130.5,715.9,539.4,3473.4,1113.9,795.2,3446.7,3446.7,361.5,314.4,327.5,317.4,281.3,261.4,3467.4,3461.3,491.7,377.0,410.6,811.0,606.8,415.3,7.0,-17.0,4.0,9341.0,-10123.0,-5188.0,7197.0,-11.0,-4.0,8.0,0.0,-7.0,-4.0,7927.0,-13150.0,-2964.0,4886.0,-10.0,2.0,-1.0,1.0
2022-05-08 16:16:42.261209-07:00,639.2,771.1,858.7,930.5,357.6,292.8,844.4,695.4,3480.7,3471.0,1123.5,717.5,539.4,3473.4,1113.9,792.7,3451.6,3446.7,361.5,314.4,323.6,316.7,279.0,261.4,3466.1,3461.3,491.7,377.0,416.8,817.7,606.8,415.3,-2.0,14.0,4.0,9339.0,-10125.0,-5186.0,7199.0,5.0,-6.0,-3.0,-3.0,8.0,6.0,7927.0,-13150.0,-2963.0,4888.0,13.0,-12.0,3.0,1.0
2022-05-08 16:16:42.290768-07:00,639.2,762.9,858.7,930.5,356.8,291.3,842.8,695.4,3468.6,3472.2,1123.5,717.5,539.4,3478.3,1127.0,792.7,3451.6,3450.4,358.4,316.7,323.6,316.7,279.8,263.0,3466.1,3467.4,493.2,384.8,416.8,817.7,606.0,410.6,-3.0,-6.0,0.0,9341.0,-10121.0,-5189.0,7198.0,3.0,4.0,-3.0,-7.0,-6.0,-3.0,7930.0,-13147.0,-2962.0,4890.0,4.0,-4.0,-4.0,1.0
2022-05-08 16:16:42.411252-07:00,639.2,762.9,855.3,933.9,356.8,291.3,844.4,701.9,3468.6,3472.2,1127.9,714.2,539.4,3478.3,1103.4,795.2,3447.9,3447.9,358.4,316.7,322.8,319.0,279.8,263.0,3463.7,3464.9,493.2,384.8,413.7,815.2,606.0,410.6,2.0,1.0,5.0,9339.0,-10123.0,-5190.0,7197.0,-10.0,-1.0,3.0,1.0,-3.0,1.0,7929.0,-13148.0,-2963.0,4890.0,-8.0,-8.0,3.0,1.0
2022-05-08 16:16:42.441287-07:00,653.8,767.0,855.3,933.9,356.1,292.8,844.4,701.9,3478.3,3468.6,1127.9,714.2,535.4,3467.4,1103.4,795.2,3447.9,3447.9,353.7,315.1,322.8,319.0,279.0,259.2,3463.7,3464.9,499.6,382.5,413.7,815.2,601.2,414.5,0.0,-2.0,-1.0,9343.0,-10119.0,-5188.0,7200.0,20.0,-13.0,0.0,-5.0,0.0,-2.0,7937.0,-13142.0,-2961.0,4894.0,25.0,-7.0,-3.0,1.0
2022-05-08 16:16:42.500750-07:00,653.8,767.0,865.4,928.8,356.1,292.8,844.4,697.0,3478.3,3468.6,1116.5,716.7,535.4,3467.4,1118.2,793.5,3449.1,3449.1,353.7,315.1,324.4,319.0,279.0,259.2,3466.1,3464.9,499.6,382.5,410.6,817.7,601.2,414.5,3.0,-4.0,7.0,9342.0,-10119.0,-5187.0,7202.0,3.0,5.0,10.0,2.0,4.0,0.0,7938.0,-13142.0,-2961.0,4895.0,5.0,-2.0,3.0,1.0
2022-05-08 16:16:42.501791-07:00,637.6,757.9,865.4,928.8,360.0,295.1,844.4,697.0,3468.6,3474.6,1116.5,716.7,536.2,3473.4,1118.2,793.5,3449.1,3449.1,354.5,310.5,324.4,319.0,280.6,256.9,3466.1,3464.9,491.7,379.4,410.6,817.7,607.6,408.2,-6.0,-2.0,3.0,9342.0,-10119.0,-5186.0,7202.0,-4.0,-8.0,-8.0,-7.0,-5.0,8.0,7937.0,-13142.0,-2961.0,4895.0,-4.0,-1.0,-3.0,1.0
2022-05-08 16:16:42.620700-07:00,637.6,757.9,855.3,932.2,360.0,295.1,861.2,702.8,3468.6,3474.6,1124.4,713.4,536.2,3473.4,1110.4,791.9,3450.4,3454.0,354.5,310.5,322.1,318.2,280.6,256.9,3461.3,3468.6,491.7,379.4,412.9,815.2,607.6,408.2,2.0,-2.0,3.0,9340.0,-10118.0,-5187.0,7206.0,5.0,0.0,7.0,-3.0,-2.0,-3.0,7940.0,-13140.0,-2960.0,4895.0,10.0,-7.0,3.0,1.0
2022-05-08 16:16:42.621857-07:00,648.1,762.9,855.3,932.2,355.3,295.1,861.2,702.8,3478.3,3478.3,1124.4,713.4,534.6,3480.7,1110.4,791.9,3450.4,3454.0,360.7,315.1,322.1,318.2,279.8,256.1,3461.3,3468.6,492.5,377.8,412.9,815.2,605.2,407.5,-6.0,7.0,3.0,9340.0,-10118.0,-5187.0,7206.0,-1.0,0.0,-9.0,-3.0,0.0,0.0,7940.0,-13140.0,-2960.0,4895.0,-2.0,-3.0,-7.0,1.0
2022-05-08 16:16:42.651351-07:00,648.1,762.9,852.0,933.0,355.3,290.5,842.8,703.6,3478.3,3478.3,1126.1,711.8,534.6,3478.3,1111.2,789.4,3451.6,3461.3,354.5,315.1,317.4,319.0,279.8,256.1,3468.6,3467.4,490.9,377.8,419.2,811.0,605.2,407.5,2.0,3.0,7.0,9340.0,-10117.0,-5188.0,7207.0,-8.0,-15.0,-1.0,-4.0,-6.0,3.0,7941.0,-13140.0,-2959.0,4896.0,-3.0,-3.0,-1.0,1.0
2022-05-08 16:16:42.740749-07:00,640.8,758.7,850.3,933.0,360.7,290.5,842.8,703.6,3467.4,3457.6,1122.6,711.8,534.6,3478.3,1111.2,789.4,3451.6,3461.3,354.5,313.6,317.4,318.2,282.1,264.5,3468.6,3467.4,490.9,380.9,419.2,812.7,601.2,411.4,2.0,3.0,0.0,9339.0,-10116.0,-5189.0,7209.0,5.0,-6.0,-8.0,0.0,3.0,2.0,7941.0,-13139.0,-2959.0,4896.0,3.0,-2.0,-6.0,1.0
2022-05-08 16:16:42.742419-07:00,640.8,758.7,850.3,933.9,360.7,292.1,841.1,699.5,3467.4,3457.6,1122.6,722.5,534.6,3480.7,1112.1,791.9,3446.7,3445.5,357.6,313.6,322.8,318.2,282.1,264.5,3467.4,3468.6,490.1,380.9,415.3,812.7,601.2,411.4,0.0,-7.0,7.0,9335.0,-10116.0,-5196.0,7209.0,-11.0,-20.0,2.0,-4.0,-6.0,3.0,7937.0,-13142.0,-2961.0,4895.0,-7.0,-1.0,0.0,1.0
2022-05-08 16:16:42.800744-07:00,638.4,760.4,852.8,933.9,359.2,292.1,841.1,699.5,3478.3,3473.4,1114.7,722.5,537.8,3480.7,1112.1,791.9,3446.7,3445.5,357.6,314.4,322.8,314.4,279.0,260.7,3467.4,3468.6,490.1,381.7,415.3,816.0,603.6,410.6,0.0,6.0,-1.0,9335.0,-10112.0,-5197.0,7213.0,10.0,0.0,0.0,-2.0,0.0,2.0,7940.0,-13140.0,-2960.0,4896.0,7.0,-5.0,-2.0,1.0
2022-05-08 16:16:42.861605-07:00,638.4,760.4,852.8,931.3,359.2,293.6,841.9,695.4,3478.3,3473.4,1114.7,718.4,537.8,3469.8,1113.0,784.4,3449.1,3447.9,358.4,314.4,320.5,314.4,279.0,260.7,3463.7,3475.9,490.9,381.7,420.0,816.0,603.6,410.6,2.0,-4.0,11.0,9333.0,-10111.0,-5200.0,7215.0,12.0,-17.0,-4.0,1.0,-9.0,1.0,7940.0,-13140.0,-2960.0,4896.0,14.0,-7.0,-3.0,1.0
2022-05-08 16:16:42.891501-07:00,636.7,772.8,846.1,931.3,358.4,293.6,841.9,695.4,3471.0,3468.6,1119.1,718.4,538.6,3469.8,1113.0,784.4,3449.1,3447.9,358.4,318.2,320.5,312.8,279.0,261.4,3463.7,3475.9,490.9,380.9,420.0,813.5,597.9,408.2,-5.0,-2.0,9.0,9334.0,-10107.0,-5201.0,7219.0,-3.0,5.0,3.0,-5.0,-5.0,1.0,7942.0,-13138.0,-2959.0,4897.0,0.0,-1.0,3.0,1.0
2022-05-08 16:16:42.951388-07:00,636.7,772.8,846.1,931.3,354.5,296.7,844.4,701.9,3471.0,3468.6,1119.1,717.5,533.8,3466.1,1108.6,792.7,3443.1,3449.1,354.5,311.3,320.5,312.8,279.0,261.4,3464.9,3473.4,494.8,376.3,419.2,813.5,597.9,408.2,0.0,5.0,7.0,9334.0,-10107.0,-5201.0,7219.0,-6.0,-7.0,-10.0,-1.0,1.0,3.0,7943.0,-13138.0,-2959.0,4897.0,-1.0,2.0,0.0,1.0
2022-05-08 16:16:43.101365-07:00,633.5,765.3,852.0,923.7,354.5,296.7,844.4,701.9,3469.8,3466.1,1114.7,714.2,533.8,3466.1,1108.6,792.7,3443.1,3449.1,354.5,311.3,321.3,321.3,282.1,260.7,3464.9,3473.4,494.8,376.3,418.4,809.4,601.2,407.5,-1.0,-8.0,-4.0,9331.0,-10105.0,-5208.0,7220.0,-18.0,-33.0,-4.0,0.0,-4.0,-4.0,7941.0,-13139.0,-2959.0,4897.0,-10.0,3.0,-1.0,1.0
2022-05-08 16:16:43.131834-07:00,633.5,765.3,852.0,923.7,357.6,294.4,842.8,700.3,3469.8,3466.1,1114.7,714.2,537.8,3472.2,1109.5,791.9,3446.7,3450.4,354.5,316.7,321.3,321.3,282.1,260.7,3467.4,3473.4,486.9,377.8,418.4,809.4,601.2,407.5,0.0,1.0,-3.0,9322.0,-10099.0,-5221.0,7231.0,4.0,-51.0,3.0,-4.0,-1.0,1.0,7941.0,-13139.0,-2960.0,4897.0,14.0,-9.0,-7.0,1.0
2022-05-08 16:16:43.133276-07:00,636.7,754.6,841.9,928.8,357.6,294.4,842.8,700.3,3464.9,3468.6,1122.6,713.4,537.8,3472.2,1109.5,791.9,3446.7,3450.4,354.5,316.7,322.1,315.1,279.8,259.9,3467.4,3473.4,486.9,377.8,419.2,815.2,600.4,408.2,1.0,-5.0,6.0,9316.0,-10085.0,-5235.0,7248.0,-3.0,-58.0,3.0,-4.0,-8.0,-4.0,7946.0,-13134.0,-2961.0,4902.0,3.0,-10.0,-7.0,1.0
2022-05-08 16:16:43.190793-07:00,636.7,754.6,841.9,928.8,365.4,295.1,838.6,699.5,3464.9,3468.6,1122.6,713.4,537.8,3457.6,1109.5,791.9,3454.0,3445.5,356.1,315.1,322.1,315.1,279.8,259.9,3462.5,3463.7,487.7,382.5,419.2,815.2,600.4,408.2,5.0,-1.0,19.0,9310.0,-10077.0,-5245.0,7260.0,15.0,-1.0,0.0,-1.0,-5.0,4.0,7946.0,-13132.0,-2963.0,4906.0,7.0,-4.0,-5.0,1.0
2022-05-08 16:16:43.191977-07:00,640.8,758.7,847.0,928.8,365.4,295.1,838.6,699.5,3475.9,3471.0,1127.0,716.7,537.8,3457.6,1109.5,791.9,3454.0,3445.5,356.1,315.1,323.6,318.2,282.1,259.2,3462.5,3463.7,487.7,382.5,420.8,809.4,608.4,409.8,-2.0,-9.0,14.0,9312.0,-10077.0,-5243.0,7259.0,-5.0,15.0,8.0,-7.0,-9.0,6.0,7946.0,-13132.0,-2963.0,4906.0,5.0,5.0,6.0,1.0
2022-05-08 16:16:43.310811-07:00,640.8,758.7,847.0,928.8,359.2,292.1,841.9,699.5,3475.9,3471.0,1127.0,716.7,533.8,3463.7,1112.1,791.0,3451.6,3438.2,356.1,311.3,323.6,318.2,282.1,259.2,3466.1,3467.4,490.1,380.9,420.8,809.4,608.4,409.8,6.0,6.0,-1.0,9311.0,-10079.0,-5241.0,7258.0,-3.0,7.0,-3.0,1.0,2.0,-1.0,7946.0,-13132.0,-2961.0,4905.0,-5.0,9.0,-1.0,1.0
2022-05-08 16:16:43.312623-07:00,639.2,763.7,840.3,925.4,359.2,292.1,841.9,701.9,3473.4,3478.3,1120.9,711.8,533.8,3463.7,1112.1,787.7,3450.4,3438.2,356.1,311.3,323.6,319.7,280.6,258.4,3466.1,3467.4,490.1,380.9,416.1,811.9,608.4,409.0,-3.0,-9.0,0.0,9313.0,-10078.0,-5242.0,7256.0,-1.0,-2.0,-2.0,-7.0,-3.0,-5.0,7946.0,-13132.0,-2961.0,4905.0,7.0,-2.0,1.0,1.0
2022-05-08 16:16:43.370860-07:00,637.6,763.7,840.3,925.4,358.4,296.7,847.0,701.9,3469.8,3478.3,1120.9,711.8,535.4,3475.9,1119.1,787.7,3450.4,3458.9,357.6,311.3,323.6,319.7,280.6,263.0,3466.1,3460.1,490.9,380.2,416.1,811.9,608.4,409.0,3.0,11.0,2.0,9313.0,-10078.0,-5238.0,7260.0,17.0,4.0,13.0,2.0,7.0,4.0,7950.0,-13130.0,-2960.0,4906.0,13.0,-7.0,-1.0,1.0
2022-05-08 16:16:43.430873-07:00,637.6,762.0,836.9,929.6,358.4,296.7,847.0,701.9,3469.8,3469.8,1118.2,709.3,535.4,3475.9,1119.1,789.4,3446.7,3458.9,357.6,311.3,319.0,314.4,282.1,263.0,3464.9,3460.1,490.9,380.2,422.3,815.2,602.8,409.0,2.0,-3.0,9.0,9311.0,-10079.0,-5239.0,7259.0,5.0,-8.0,0.0,0.0,0.0,-1.0,7948.0,-13131.0,-2961.0,4906.0,11.0,-5.0,-1.0,1.0
2022-05-08 16:16:43.461288-07:00,639.2,762.0,836.9,929.6,354.5,292.1,837.7,701.9,3472.2,3469.8,1118.2,709.3,533.8,3478.3,1111.2,789.4,3446.7,3443.1,354.5,312.0,319.0,314.4,282.1,256.1,3464.9,3462.5,484.5,387.2,422.3,815.2,602.8,411.4,0.0,1.0,5.0,9311.0,-10080.0,-5237.0,7261.0,-12.0,6.0,6.0,-4.0,-2.0,0.0,7948.0,-13131.0,-2961.0,4906.0,-3.0,0.0,6.0,1.0
2022-05-08 16:16:43.550798-07:00,639.2,756.3,841.1,934.7,354.5,292.1,837.7,701.1,3472.2,3467.4,1120.9,715.9,533.8,3478.3,1111.2,796.0,3443.1,3443.1,354.5,312.0,320.5,320.5,281.3,256.1,3468.6,3462.5,484.5,387.2,416.8,814.4,602.8,411.4,-6.0,-79.0,54.0,9309.0,-10091.0,-5232.0,7252.0,-52.0,80.0,28.0,-28.0,2.0,13.0,7965.0,-13117.0,-2952.0,4923.0,130.0,-56.0,54.0,1.0
2022-05-08 16:16:43.640825-07:00,633.5,756.3,841.1,934.7,360.0,296.7,843.6,701.1,3461.3,3467.4,1120.9,715.9,537.0,3464.9,1100.8,796.0,3443.1,3435.8,358.4,315.1,320.5,320.5,281.3,257.6,3468.6,3457.6,498.8,378.6,416.8,814.4,602.8,405.9,-10.0,-70.0,27.0,9307.0,-10160.0,-5088.0,7261.0,331.0,314.0,398.0,1.0,-18.0,-30.0,8089.0,-13005.0,-2841.0,5080.0,848.0,-325.0,352.0,1.0
2022-05-08 16:16:43.760888-07:00,633.5,756.3,1146.3,937.3,360.0,296.7,843.6,727.4,3461.3,3462.5,1148.0,716.7,537.0,3464.9,1100.8,793.5,3445.5,3435.8,358.4,315.1,323.6,319.7,279.0,257.6,3471.0,3457.6,498.8,378.6,420.0,812.7,614.9,405.9,14.0,247.0,-74.0,9445.0,-10161.0,-4805.0,7273.0,605.0,460.0,92.0,55.0,194.0,57.0,8403.0,-12716.0,-2679.0,5381.0,1196.0,-445.0,170.0,1.0
2022-05-08 16:16:43.790784-07:00,637.6,751.3,1146.3,937.3,359.2,295.9,938.1,727.4,3467.4,3475.9,1148.0,716.7,533.8,3472.2,1104.3,793.5,3445.5,3443.1,357.6,316.7,323.6,319.7,281.3,262.2,3471.0,3462.5,504.4,373.2,420.0,812.7,631.9,415.3,60.0,-34.0,22.0,9415.0,-10251.0,-4745.0,7225.0,-260.0,133.0,109.0,-23.0,-54.0,-23.0,8487.0,-12629.0,-2621.0,5481.0,245.0,-133.0,132.0,1.0
2022-05-08 16:16:43.792207-07:00,637.6,751.3,1206.2,953.4,359.2,295.9,933.0,735.6,3467.4,3475.9,1181.5,716.7,533.8,3472.2,1107.8,784.4,3432.2,3446.7,357.6,316.7,320.5,318.2,281.3,262.2,3462.5,3469.8,504.4,373.2,418.4,824.4,631.9,415.3,6.0,95.0,-3.0,9432.0,-10256.0,-4713.0,7217.0,-21.0,21.0,-44.0,31.0,30.0,43.0,8514.0,-12592.0,-2602.0,5534.0,95.0,-48.0,35.0,1.0
2022-05-08 16:16:43.793623-07:00,637.6,748.8,1206.2,953.4,360.0,297.4,933.0,735.6,3468.6,3468.6,1181.5,716.7,537.8,3473.4,1107.8,784.4,3432.2,3446.7,356.1,315.9,320.5,318.2,282.1,263.7,3462.5,3469.8,498.0,373.2,418.4,824.4,628.6,424.7,-3.0,-55.0,10.0,9438.0,-10250.0,-4755.0,7189.0,27.0,-9.0,-75.0,-10.0,-7.0,-2.0,8529.0,-12576.0,-2607.0,5543.0,66.0,-28.0,-22.0,1.0
2022-05-08 16:16:43.794690-07:00,637.6,748.8,1163.0,949.2,360.0,297.4,911.0,719.2,3468.6,3468.6,1184.1,715.1,537.8,3473.4,1110.4,791.0,3444.3,3438.2,356.1,315.9,323.6,318.2,282.1,263.7,3457.6,3464.9,498.0,373.2,416.1,819.4,628.6,424.7,0.0,-2.0,-7.0,9455.0,-10237.0,-4730.0,7201.0,32.0,14.0,56.0,1.0,-4.0,-1.0,8558.0,-12551.0,-2593.0,5563.0,50.0,-17.0,32.0,1.0
2022-05-08 16:16:43.850812-07:00,642.4,743.9,1163.0,949.2,363.8,295.1,911.0,719.2,3463.7,3473.4,1184.1,715.1,539.4,3473.4,1110.4,791.0,3444.3,3438.2,356.8,318.2,323.6,318.2,276.7,259.9,3457.6,3464.9,502.8,378.6,416.1,819.4,631.1,427.8,0.0,17.0,0.0,9457.0,-10223.0,-4726.0,7223.0,60.0,-71.0,-12.0,-4.0,-1.0,11.0,8577.0,-12531.0,-2590.0,5580.0,90.0,-52.0,-17.0,1.0
2022-05-08 16:16:43.910868-07:00,642.4,743.9,1146.3,945.8,363.8,295.1,891.5,713.4,3463.7,3473.4,1174.4,722.5,539.4,3473.4,1106.0,795.2,3449.1,3447.9,356.8,318.2,321.3,316.7,276.7,259.9,3467.4,3471.0,502.8,378.6,421.5,818.5,631.1,427.8,-5.0,-11.0,11.0,9469.0,-10189.0,-4743.0,7243.0,22.0,-75.0,-27.0,-8.0,-1.0,1.0,8600.0,-12506.0,-2599.0,5596.0,26.0,-27.0,-21.0,1.0
2022-05-08 16:16:43.940970-07:00,629.5,744.7,1134.9,945.8,361.5,292.8,891.5,713.4,3466.1,3473.4,1176.2,722.5,537.8,3455.2,1106.0,795.2,3449.1,3447.9,357.6,314.4,321.3,315.1,276.0,259.9,3467.4,3471.0,501.2,380.9,421.5,811.0,627.8,423.9,9.0,3.0,12.0,9462.0,-10172.0,-4758.0,7266.0,43.0,-73.0,26.0,1.0,5.0,9.0,8610.0,-12495.0,-2600.0,5606.0,62.0,-39.0,8.0,1.0
2022-05-08 16:16:44.000719-07:00,629.5,744.7,1134.9,939.0,361.5,292.8,891.5,706.9,3466.1,3473.4,1176.2,711.8,537.8,3467.4,1109.5,791.0,3449.1,3445.5,354.5,314.4,324.4,315.1,276.0,259.9,3468.6,3467.4,497.2,380.9,413.7,811.0,627.8,423.9,3.0,11.0,12.0,9466.0,-10161.0,-4756.0,7278.0,1.0,2.0,-14.0,-3.0,4.0,0.0,8619.0,-12487.0,-2600.0,5610.0,-4.0,4.0,-10.0,1.0
2022-05-08 16:16:44.061358-07:00,631.1,740.6,1129.6,939.0,360.7,292.8,891.5,706.9,3467.4,3467.4,1169.1,711.8,536.2,3467.4,1109.5,791.0,3449.1,3445.5,354.5,318.2,324.4,316.7,271.4,263.0,3468.6,3467.4,497.2,379.4,413.7,818.5,627.0,423.1,4.0,1.0,1.0,9468.0,-10159.0,-4759.0,7275.0,25.0,-10.0,4.0,-3.0,-9.0,9.0,8623.0,-12484.0,-2598.0,5612.0,20.0,-10.0,5.0,1.0
2022-05-08 16:16:44.091383-07:00,631.1,740.6,1129.6,946.6,360.7,296.7,886.5,711.0,3467.4,3467.4,1169.1,714.2,536.2,3467.4,1107.8,784.4,3441.9,3446.7,356.8,318.2,322.8,316.7,271.4,263.0,3464.9,3457.6,496.4,379.4,410.6,818.5,627.0,423.1,4.0,2.0,2.0,9469.0,-10155.0,-4760.0,7279.0,22.0,-1.0,5.0,0.0,-3.0,-1.0,8626.0,-12481.0,-2597.0,5613.0,23.0,-4.0,-1.0,1.0
2022-05-08 16:16:44.240858-07:00,631.1,730.7,1123.5,946.6,366.2,296.7,886.5,711.0,3478.3,3463.7,1167.4,714.2,536.2,3467.4,1107.8,784.4,3441.9,3446.7,356.8,318.2,322.8,316.7,278.3,256.1,3464.9,3457.6,496.4,380.2,410.6,816.9,618.9,423.1,-7.0,-1.0,6.0,9472.0,-10156.0,-4756.0,7277.0,-10.0,15.0,0.0,-12.0,-7.0,12.0,8626.0,-12481.0,-2596.0,5613.0,-16.0,8.0,-1.0,1.0
2022-05-08 16:16:44.242227-07:00,631.1,730.7,1123.5,945.8,366.2,295.1,884.8,708.5,3478.3,3463.7,1167.4,718.4,536.2,3480.7,1108.6,791.9,3438.2,3449.1,353.0,318.2,323.6,316.7,278.3,256.1,3462.5,3469.8,497.2,380.2,414.5,816.9,618.9,423.1,6.0,5.0,2.0,9471.0,-10156.0,-4758.0,7278.0,-19.0,-15.0,-9.0,4.0,0.0,0.0,8623.0,-12483.0,-2598.0,5613.0,-33.0,6.0,-9.0,1.0
2022-05-08 16:16:44.243854-07:00,630.3,730.7,1121.7,945.8,361.5,295.1,884.8,708.5,3469.8,3466.1,1165.6,718.4,541.0,3480.7,1108.6,791.9,3438.2,3449.1,353.0,314.4,323.6,315.9,277.5,259.9,3462.5,3469.8,497.2,380.2,414.5,818.5,624.6,424.7,1.0,10.0,7.0,9469.0,-10151.0,-4763.0,7282.0,35.0,-7.0,9.0,-1.0,-1.0,0.0,8621.0,-12483.0,-2600.0,5614.0,30.0,-12.0,1.0,1.0
2022-05-08 16:16:44.300748-07:00,630.3,730.7,1121.7,950.9,363.1,292.1,882.3,712.6,3469.8,3466.1,1165.6,713.4,540.2,3471.0,1106.9,790.2,3454.0,3438.2,353.7,319.0,322.1,315.9,277.5,259.9,3461.3,3458.9,495.6,381.7,414.5,818.5,624.6,424.7,2.0,6.0,18.0,9473.0,-10152.0,-4759.0,7280.0,18.0,19.0,4.0,-4.0,-4.0,10.0,8623.0,-12481.0,-2599.0,5616.0,8.0,7.0,0.0,1.0
2022-05-08 16:16:44.360897-07:00,631.1,732.3,1115.6,947.5,363.1,292.1,882.3,712.6,3468.6,3457.6,1167.4,716.7,540.2,3471.0,1106.9,790.2,3454.0,3438.2,353.7,319.0,319.7,311.3,276.7,259.2,3461.3,3458.9,495.6,381.7,419.2,816.0,619.7,423.1,4.0,-7.0,4.0,9474.0,-10156.0,-4758.0,7274.0,-18.0,-5.0,-12.0,-3.0,-10.0,6.0,8619.0,-12486.0,-2599.0,5611.0,-3.0,-2.0,2.0,1.0
2022-05-08 16:16:44.480896-07:00,631.1,732.3,1115.6,947.5,358.4,293.6,882.3,708.5,3468.6,3457.6,1167.4,716.7,537.0,3467.4,1104.3,791.9,3440.7,3449.1,358.4,319.0,319.7,311.3,276.7,259.2,3471.0,3468.6,496.4,379.4,419.2,816.0,619.7,423.1,3.0,-3.0,0.0,9478.0,-10147.0,-4763.0,7277.0,11.0,-24.0,-17.0,-1.0,-1.0,-7.0,8623.0,-12481.0,-2600.0,5616.0,6.0,-8.0,-8.0,1.0
2022-05-08 16:16:44.570847-07:00,630.3,732.3,1109.5,944.9,358.4,293.6,882.3,708.5,3466.1,3467.4,1171.8,718.4,537.0,3467.4,1104.3,791.9,3440.7,3449.1,358.4,319.0,322.1,315.1,275.2,260.7,3471.0,3468.6,496.4,379.4,417.6,812.7,623.0,423.9,-8.0,6.0,5.0,9481.0,-10143.0,-4758.0,7282.0,6.0,0.0,19.0,-10.0,-7.0,7.0,8625.0,-12479.0,-2599.0,5618.0,-10.0,2.0,4.0,1.0
2022-05-08 16:16:44.572218-07:00,630.3,732.3,1109.5,944.9,360.7,312.0,887.3,711.0,3466.1,3467.4,1171.8,718.4,536.2,3463.7,1104.3,793.5,3445.5,3451.6,361.5,319.7,322.1,315.1,275.2,260.7,3467.4,3456.4,494.8,378.6,417.6,812.7,623.0,423.9,4.0,4.0,11.0,9479.0,-10145.0,-4759.0,7282.0,23.0,14.0,-9.0,2.0,4.0,2.0,8622.0,-12481.0,-2600.0,5618.0,19.0,-7.0,-5.0,1.0
2022-05-08 16:16:44.573318-07:00,625.4,731.5,1111.2,950.0,360.7,312.0,887.3,711.0,3468.6,3473.4,1168.2,715.1,536.2,3463.7,1104.3,793.5,3445.5,3451.6,361.5,319.7,324.4,315.9,281.3,259.2,3467.4,3456.4,494.8,378.6,413.7,816.9,624.6,430.2,3.0,-6.0,10.0,9481.0,-10144.0,-4758.0,7280.0,-6.0,-4.0,3.0,0.0,-7.0,1.0,8623.0,-12480.0,-2599.0,5618.0,-11.0,4.0,3.0,1.0
2022-05-08 16:16:44.600831-07:00,631.1,731.5,1111.2,950.0,363.1,294.4,887.3,705.2,3466.1,3473.4,1168.2,715.1,534.6,3475.9,1106.0,791.9,3449.1,3445.5,356.8,318.2,324.4,315.9,281.3,260.7,3467.4,3468.6,493.2,376.3,413.7,816.9,624.6,426.2,5.0,0.0,1.0,9479.0,-10142.0,-4762.0,7283.0,2.0,-19.0,-4.0,-3.0,0.0,-3.0,8624.0,-12480.0,-2599.0,5619.0,-5.0,-2.0,-1.0,1.0
2022-05-08 16:16:44.630968-07:00,631.1,728.2,1111.2,953.4,363.1,294.4,887.3,708.5,3466.1,3472.2,1165.6,722.5,534.6,3475.9,1106.0,794.4,3443.1,3445.5,356.8,318.2,327.5,318.2,278.3,260.7,3468.6,3468.6,493.2,376.3,417.6,821.9,619.7,426.2,0.0,5.0,4.0,9483.0,-10138.0,-4759.0,7285.0,-6.0,2.0,9.0,0.0,0.0,7.0,8627.0,-12477.0,-2598.0,5620.0,5.0,-2.0,2.0,1.0
2022-05-08 16:16:44.720785-07:00,628.6,728.2,1111.2,953.4,366.9,295.1,885.6,708.5,3467.4,3472.2,1165.6,722.5,533.8,3472.2,1103.4,794.4,3443.1,3438.2,356.1,315.9,327.5,318.2,278.3,259.9,3468.6,3457.6,499.6,383.3,417.6,821.9,619.7,423.9,2.0,3.0,12.0,9480.0,-10141.0,-4762.0,7284.0,7.0,-4.0,4.0,-7.0,-5.0,5.0,8624.0,-12479.0,-2599.0,5620.0,-1.0,-5.0,0.0,1.0
2022-05-08 16:16:44.750814-07:00,628.6,734.0,1107.8,946.6,366.9,295.1,885.6,706.9,3467.4,3466.1,1170.0,718.4,533.8,3472.2,1103.4,792.7,3445.5,3438.2,356.1,315.9,322.8,321.3,276.0,259.9,3457.6,3457.6,499.6,383.3,419.2,818.5,617.3,423.9,0.0,0.0,7.0,9481.0,-10142.0,-4760.0,7283.0,0.0,13.0,-7.0,-1.0,0.0,5.0,8625.0,-12478.0,-2599.0,5620.0,4.0,0.0,2.0,1.0
2022-05-08 16:16:44.780997-07:00,627.0,734.0,1107.8,946.6,367.7,290.5,883.9,706.9,3473.4,3466.1,1170.0,718.4,533.0,3467.4,1104.3,792.7,3445.5,3457.6,355.3,310.5,322.8,321.3,276.0,259.2,3457.6,3468.6,500.4,386.4,419.2,818.5,617.3,422.3,-1.0,3.0,0.0,9482.0,-10142.0,-4759.0,7282.0,-10.0,-6.0,1.0,-4.0,-5.0,5.0,8626.0,-12477.0,-2598.0,5621.0,-7.0,5.0,2.0,1.0
2022-05-08 16:16:44.901475-07:00,627.0,728.2,1101.7,951.7,367.7,290.5,883.9,709.3,3473.4,3464.9,1163.8,715.9,533.0,3467.4,1104.3,798.5,3443.1,3457.6,355.3,310.5,323.6,311.3,276.7,259.2,3461.3,3468.6,500.4,386.4,422.3,817.7,623.8,422.3,2.0,3.0,0.0,9479.0,-10143.0,-4761.0,7283.0,-2.0,-8.0,7.0,0.0,-6.0,0.0,8623.0,-12479.0,-2600.0,5620.0,-10.0,-1.0,-2.0,1.0
2022-05-08 16:16:44.931746-07:00,627.0,729.9,1101.7,951.7,373.9,293.6,885.6,709.3,3468.6,3468.6,1163.8,715.9,533.8,3472.2,1106.0,798.5,3443.1,3449.1,356.1,311.3,323.6,311.3,281.3,258.4,3461.3,3468.6,496.4,383.3,422.3,817.7,616.5,420.8,0.0,1.0,7.0,9482.0,-10138.0,-4760.0,7287.0,15.0,-30.0,-7.0,0.0,-2.0,2.0,8627.0,-12476.0,-2599.0,5622.0,17.0,-14.0,-9.0,1.0
2022-05-08 16:16:44.932989-07:00,627.0,729.9,1098.2,942.4,373.9,293.6,879.7,707.7,3468.6,3468.6,1164.7,718.4,533.8,3472.2,1105.1,790.2,3447.9,3454.0,356.1,311.3,320.5,319.7,281.3,258.4,3463.7,3462.5,496.4,383.3,419.2,817.7,616.5,420.8,-5.0,0.0,6.0,9481.0,-10129.0,-4766.0,7297.0,16.0,-28.0,0.0,-4.0,-4.0,2.0,8627.0,-12473.0,-2602.0,5627.0,8.0,-11.0,-4.0,1.0
2022-05-08 16:16:44.990865-07:00,628.6,729.0,1098.2,942.4,360.0,285.9,879.7,707.7,3468.6,3468.6,1164.7,718.4,537.0,3467.4,1105.1,790.2,3447.9,3454.0,348.3,314.4,320.5,319.7,275.2,260.7,3463.7,3462.5,490.9,379.4,419.2,817.7,624.6,427.0,-3.0,5.0,9.0,9480.0,-10127.0,-4768.0,7299.0,9.0,3.0,3.0,-6.0,1.0,10.0,8625.0,-12474.0,-2602.0,5627.0,4.0,-2.0,-1.0,1.0
2022-05-08 16:16:45.111837-07:00,628.6,729.0,1095.6,942.4,360.0,285.9,876.4,706.0,3468.6,3468.6,1164.7,718.4,537.0,3467.4,1097.3,795.2,3437.0,3446.7,348.3,314.4,329.0,315.9,275.2,260.7,3458.9,3471.0,490.9,379.4,427.0,819.4,624.6,427.0,6.0,-8.0,9.0,9480.0,-10127.0,-4768.0,7299.0,9.0,0.0,-2.0,0.0,-8.0,2.0,8625.0,-12474.0,-2602.0,5627.0,3.0,3.0,1.0,1.0
2022-05-08 16:16:45.112947-07:00,634.3,726.6,1095.6,942.4,363.8,296.7,876.4,706.0,3478.3,3469.8,1164.7,718.4,542.6,3473.4,1097.3,795.2,3437.0,3446.7,354.5,318.2,329.0,315.9,274.4,264.5,3458.9,3471.0,496.4,376.3,427.0,819.4,624.6,423.9,1.0,3.0,7.0,9480.0,-10131.0,-4766.0,7295.0,-23.0,27.0,3.0,-2.0,-4.0,1.0,8623.0,-12477.0,-2602.0,5624.0,-25.0,17.0,6.0,1.0
2022-05-08 16:16:45.200848-07:00,634.3,726.6,1104.3,944.1,363.8,296.7,882.3,706.0,3478.3,3469.8,1163.8,714.2,542.6,3473.4,1100.8,784.4,3449.1,3451.6,354.5,318.2,322.8,315.9,274.4,264.5,3463.7,3461.3,496.4,376.3,417.6,822.7,624.6,423.9,-1.0,11.0,1.0,9480.0,-10132.0,-4765.0,7293.0,-4.0,-7.0,-2.0,-2.0,0.0,1.0,8622.0,-12478.0,-2602.0,5623.0,3.0,-1.0,-2.0,1.0
2022-05-08 16:16:45.202152-07:00,623.8,724.9,1104.3,944.1,362.3,295.1,882.3,706.0,3469.8,3462.5,1163.8,714.2,533.0,3467.4,1100.8,784.4,3449.1,3451.6,356.1,317.4,322.8,315.9,274.4,259.9,3463.7,3461.3,487.7,378.6,417.6,822.7,620.5,424.7,3.0,5.0,1.0,9480.0,-10133.0,-4765.0,7293.0,0.0,0.0,-1.0,-2.0,3.0,-4.0,8621.0,-12479.0,-2603.0,5623.0,0.0,-1.0,1.0,1.0
2022-05-08 16:16:45.290626-07:00,623.8,724.9,1098.2,943.2,362.3,294.4,878.0,706.9,3469.8,3462.5,1160.3,715.1,533.0,3464.9,1104.3,790.2,3447.9,3445.5,356.8,317.4,320.5,321.3,274.4,259.9,3457.6,3464.9,492.5,378.6,420.8,816.0,620.5,424.7,2.0,-4.0,6.0,9481.0,-10133.0,-4764.0,7293.0,10.0,11.0,-1.0,-2.0,-8.0,5.0,8621.0,-12479.0,-2603.0,5623.0,-8.0,8.0,-2.0,1.0
2022-05-08 16:16:45.351454-07:00,631.1,724.1,1098.2,943.2,357.6,294.4,878.0,706.9,3473.4,3468.6,1158.6,715.1,535.4,3464.9,1104.3,790.2,3447.9,3445.5,356.8,311.3,320.5,315.9,276.0,256.1,3457.6,3464.9,492.5,377.8,420.8,814.4,615.7,430.2,-2.0,2.0,8.0,9482.0,-10132.0,-4763.0,7293.0,5.0,-5.0,-3.0,-3.0,-9.0,8.0,8621.0,-12479.0,-2603.0,5623.0,5.0,3.0,-2.0,1.0
2022-05-08 16:16:45.352771-07:00,631.1,724.1,1098.2,950.9,357.6,300.5,864.6,711.0,3473.4,3468.6,1158.6,714.2,535.4,3462.5,1105.1,787.7,3449.1,3445.5,356.8,311.3,322.8,315.9,276.0,256.1,3473.4,3458.9,491.7,377.8,416.8,814.4,615.7,430.2,5.0,-2.0,8.0,9482.0,-10131.0,-4764.0,7294.0,-15.0,-5.0,-7.0,0.0,-8.0,4.0,8623.0,-12477.0,-2603.0,5623.0,-11.0,1.0,-6.0,1.0
2022-05-08 16:16:45.381237-07:00,630.3,724.1,1090.3,950.9,362.3,300.5,864.6,711.0,3475.9,3468.6,1164.7,714.2,540.2,3462.5,1105.1,787.7,3449.1,3445.5,356.8,315.1,322.8,319.7,278.3,259.9,3473.4,3458.9,491.7,378.6,416.8,814.4,597.1,423.9,-1.0,7.0,7.0,9478.0,-10133.0,-4764.0,7295.0,-4.0,-10.0,15.0,-3.0,0.0,2.0,8620.0,-12480.0,-2605.0,5623.0,-2.0,1.0,9.0,1.0
2022-05-08 16:16:45.441309-07:00,630.3,724.1,1090.3,944.9,362.3,292.8,874.7,711.0,3475.9,3468.6,1164.7,715.1,540.2,3475.9,1097.3,790.2,3449.1,3443.1,358.4,315.1,319.7,319.7,278.3,259.9,3463.7,3457.6,498.0,378.6,423.9,814.4,597.1,423.9,0.0,1.0,4.0,9477.0,-10132.0,-4765.0,7297.0,10.0,-17.0,-5.0,-1.0,0.0,4.0,8619.0,-12479.0,-2605.0,5624.0,8.0,-11.0,-7.0,1.0
2022-05-08 16:16:45.500824-07:00,629.5,721.6,1102.5,944.9,360.7,292.8,874.7,711.0,3478.3,3463.7,1161.2,715.1,537.0,3475.9,1097.3,790.2,3449.1,3443.1,358.4,315.9,319.7,316.7,275.2,255.3,3463.7,3457.6,498.0,374.7,423.9,813.5,617.3,422.3,-1.0,-2.0,10.0,9477.0,-10127.0,-4767.0,7303.0,20.0,-13.0,5.0,0.0,-5.0,6.0,8619.0,-12477.0,-2608.0,5628.0,19.0,-18.0,-2.0,1.0
2022-05-08 16:16:45.530959-07:00,629.5,721.6,1102.5,944.1,360.0,293.6,871.3,710.1,3478.3,3463.7,1161.2,713.4,534.6,3469.8,1106.9,792.7,3447.9,3449.1,361.5,311.3,320.5,316.7,275.2,255.3,3457.6,3452.8,494.8,377.8,416.1,813.5,617.3,422.3,-1.0,-1.0,15.0,9476.0,-10127.0,-4769.0,7304.0,-6.0,3.0,3.0,-7.0,-8.0,9.0,8621.0,-12474.0,-2608.0,5631.0,-2.0,2.0,2.0,1.0
2022-05-08 16:16:45.591357-07:00,626.2,725.8,1090.3,950.0,360.0,293.6,871.3,710.1,3467.4,3469.8,1161.2,715.1,534.6,3469.8,1106.9,792.7,3447.9,3449.1,361.5,311.3,324.4,314.4,274.4,261.4,3457.6,3452.8,494.8,377.8,419.2,818.5,616.5,426.2,4.0,1.0,10.0,9474.0,-10128.0,-4770.0,7303.0,-9.0,9.0,-2.0,0.0,-7.0,0.0,8619.0,-12476.0,-2609.0,5629.0,3.0,11.0,2.0,1.0
2022-05-08 16:16:45.681063-07:00,626.2,725.8,1090.3,950.0,363.1,289.8,876.4,707.7,3467.4,3469.8,1161.2,715.1,534.6,3471.0,1118.2,796.0,3443.1,3452.8,356.8,316.7,324.4,314.4,274.4,261.4,3468.6,3457.6,494.0,379.4,419.2,818.5,616.5,426.2,0.0,-6.0,3.0,9476.0,-10131.0,-4767.0,7299.0,-1.0,20.0,-3.0,-3.0,-5.0,2.0,8620.0,-12476.0,-2607.0,5628.0,-2.0,5.0,2.0,1.0
2022-05-08 16:16:45.682392-07:00,634.3,725.8,1085.1,940.7,363.1,289.8,876.4,707.7,3471.0,3473.4,1157.7,716.7,534.6,3471.0,1118.2,796.0,3443.1,3452.8,356.8,316.7,323.6,318.2,274.4,263.0,3468.6,3457.6,494.0,379.4,415.3,815.2,618.9,424.7,1.0,4.0,4.0,9475.0,-10130.0,-4769.0,7301.0,5.0,-16.0,7.0,-3.0,2.0,-3.0,8620.0,-12477.0,-2608.0,5628.0,-3.0,-4.0,-1.0,1.0
2022-05-08 16:16:45.831553-07:00,634.3,725.8,1085.1,940.7,361.5,294.4,877.2,710.1,3471.0,3473.4,1157.7,716.7,530.6,3467.4,1102.5,791.0,3446.7,3449.1,351.4,311.3,323.6,318.2,274.4,263.0,3462.5,3458.9,490.9,376.3,415.3,815.2,618.9,424.7,0.0,-3.0,12.0,9475.0,-10128.0,-4770.0,7303.0,11.0,6.0,2.0,-10.0,-2.0,1.0,8620.0,-12477.0,-2608.0,5628.0,19.0,-7.0,0.0,1.0
2022-05-08 16:16:45.861665-07:00,620.5,719.2,1090.3,945.8,361.5,294.4,877.2,710.1,3468.6,3488.0,1163.8,717.5,530.6,3467.4,1102.5,791.0,3446.7,3449.1,351.4,311.3,319.7,319.0,277.5,259.2,3462.5,3458.9,490.9,376.3,418.4,821.9,616.5,423.9,8.0,8.0,8.0,9477.0,-10125.0,-4769.0,7306.0,-3.0,-13.0,2.0,4.0,0.0,3.0,8622.0,-12475.0,-2607.0,5629.0,-9.0,1.0,0.0,1.0
2022-05-08 16:16:45.890913-07:00,620.5,719.2,1090.3,945.8,363.1,293.6,874.7,703.6,3468.6,3488.0,1163.8,717.5,533.8,3468.6,1102.5,796.0,3443.1,3446.7,356.8,317.4,319.7,319.0,277.5,259.2,3460.1,3478.3,496.4,379.4,418.4,821.9,616.5,423.9,3.0,-2.0,5.0,9477.0,-10125.0,-4769.0,7306.0,-1.0,-4.0,-3.0,-2.0,-6.0,-3.0,8622.0,-12475.0,-2607.0,5629.0,6.0,-2.0,1.0,1.0
2022-05-08 16:16:45.950888-07:00,630.3,722.5,1091.2,944.1,363.1,293.6,874.7,698.7,3467.4,3475.9,1161.2,715.9,533.8,3468.6,1102.5,786.9,3450.4,3446.7,356.8,317.4,318.2,319.0,277.5,259.2,3460.1,3478.3,496.4,379.4,416.8,818.5,617.3,427.8,3.0,6.0,3.0,9479.0,-10123.0,-4768.0,7307.0,19.0,-7.0,-2.0,1.0,1.0,1.0,8624.0,-12473.0,-2606.0,5630.0,17.0,-13.0,-3.0,1.0
2022-05-08 16:16:45.952770-07:00,627.0,722.5,1091.2,944.1,361.5,291.3,871.3,698.7,3467.4,3475.9,1161.2,715.9,539.4,3472.2,1100.8,786.9,3450.4,3445.5,361.5,312.8,318.2,319.0,277.5,262.2,3460.1,3475.9,493.2,383.3,416.8,818.5,617.3,421.5,2.0,-4.0,1.0,9478.0,-10122.0,-4769.0,7308.0,3.0,-21.0,10.0,-3.0,-4.0,-4.0,8623.0,-12473.0,-2607.0,5631.0,-2.0,-11.0,0.0,1.0
2022-05-08 16:16:45.981100-07:00,627.0,719.2,1091.2,945.8,361.5,291.3,871.3,711.0,3467.4,3475.9,1156.8,716.7,539.4,3472.2,1100.8,789.4,3446.7,3445.5,361.5,312.8,324.4,320.5,274.4,262.2,3474.6,3475.9,493.2,383.3,413.7,816.0,613.3,421.5,-1.0,3.0,11.0,9476.0,-10120.0,-4771.0,7312.0,3.0,-14.0,-1.0,-2.0,1.0,6.0,8623.0,-12473.0,-2607.0,5631.0,4.0,-9.0,-3.0,1.0
2022-05-08 16:16:46.070924-07:00,627.0,719.2,1091.2,945.8,363.1,296.7,876.4,711.0,3478.3,3475.9,1156.8,716.7,532.2,3474.6,1113.9,789.4,3446.7,3454.0,360.0,312.0,324.4,320.5,274.4,261.4,3474.6,3467.4,493.2,376.3,413.7,816.0,613.3,427.0,-3.0,-4.0,10.0,9475.0,-10119.0,-4773.0,7314.0,-5.0,-2.0,-1.0,-5.0,-1.0,5.0,8623.0,-12473.0,-2607.0,5631.0,-7.0,-3.0,0.0,1.0
2022-05-08 16:16:46.100805-07:00,627.0,716.7,1081.6,942.4,363.1,296.7,876.4,708.5,3478.3,3466.1,1156.8,716.7,532.2,3474.6,1113.9,784.4,3447.9,3454.0,360.0,312.0,324.4,316.7,279.0,261.4,3456.4,3467.4,493.2,376.3,422.3,816.9,617.3,427.0,4.0,2.0,5.0,9476.0,-10120.0,-4771.0,7312.0,-3.0,10.0,3.0,0.0,-6.0,1.0,8623.0,-12473.0,-2607.0,5631.0,-6.0,6.0,5.0,1.0
2022-05-08 16:16:46.160801-07:00,627.0,716.7,1081.6,942.4,363.1,289.8,873.0,708.5,3468.6,3466.1,1156.8,716.7,529.0,3467.4,1104.3,784.4,3447.9,3450.4,354.5,315.9,324.4,316.7,279.0,261.4,3456.4,3473.4,491.7,377.8,422.3,816.9,617.3,420.0,2.0,0.0,2.0,9474.0,-10122.0,-4772.0,7311.0,4.0,-4.0,2.0,0.0,-3.0,0.0,8621.0,-12475.0,-2608.0,5629.0,4.0,-1.0,2.0,1.0
2022-05-08 16:16:46.190743-07:00,627.0,722.5,1087.7,943.2,363.1,289.8,872.1,708.5,3468.6,3467.4,1158.6,721.6,529.0,3467.4,1100.8,795.2,3438.2,3449.1,354.5,315.9,322.1,317.4,281.3,261.4,3462.5,3462.5,491.7,377.8,420.0,816.9,616.5,420.0,-1.0,1.0,10.0,9474.0,-10122.0,-4772.0,7311.0,-2.0,-3.0,-5.0,-4.0,-2.0,6.0,8621.0,-12475.0,-2608.0,5629.0,3.0,-7.0,0.0,1.0
2022-05-08 16:16:46.310682-07:00,627.0,717.5,1087.7,943.2,364.6,292.8,872.1,708.5,3467.4,3473.4,1158.6,721.6,533.8,3473.4,1100.8,795.2,3438.2,3449.1,361.5,319.0,322.1,317.4,274.4,263.0,3462.5,3462.5,496.4,385.6,420.0,816.9,612.5,425.5,2.0,3.0,8.0,9475.0,-10121.0,-4771.0,7312.0,-2.0,-9.0,-6.0,0.0,-1.0,5.0,8621.0,-12474.0,-2608.0,5630.0,-8.0,1.0,-6.0,1.0
2022-05-08 16:16:46.312233-07:00,627.0,717.5,1079.9,944.9,364.6,292.8,872.1,707.7,3467.4,3473.4,1176.2,713.4,533.8,3473.4,1099.9,784.4,3449.1,3456.4,361.5,319.0,325.9,316.7,274.4,263.0,3457.6,3456.4,496.4,385.6,410.6,822.7,612.5,425.5,0.0,2.0,7.0,9474.0,-10120.0,-4773.0,7313.0,-18.0,-2.0,-8.0,0.0,-1.0,4.0,8618.0,-12477.0,-2610.0,5630.0,-27.0,7.0,-1.0,1.0
2022-05-08 16:16:46.340856-07:00,627.0,724.9,1079.9,944.9,360.7,289.0,872.1,707.7,3466.1,3472.2,1176.2,713.4,527.4,3468.6,1099.9,784.4,3449.1,3456.4,356.1,315.9,325.9,316.7,281.3,259.9,3457.6,3456.4,493.2,380.2,410.6,822.7,624.6,423.1,34.0,14.0,-6.0,9457.0,-10136.0,-4777.0,7311.0,-103.0,29.0,69.0,2.0,24.0,-24.0,8600.0,-12504.0,-2613.0,5594.0,-177.0,185.0,-66.0,1.0
2022-05-08 16:16:46.431066-07:00,627.0,724.9,1090.3,948.3,360.7,289.0,880.6,710.1,3466.1,3472.2,1163.8,716.7,527.4,3468.6,1100.8,791.9,3445.5,3451.6,356.1,315.9,320.5,319.7,281.3,259.9,3457.6,3457.6,493.2,380.2,416.1,821.9,624.6,423.1,24.0,34.0,15.0,9341.0,-10258.0,-4808.0,7269.0,-466.0,61.0,58.0,19.0,-5.0,-1.0,8400.0,-12715.0,-2668.0,5393.0,-977.0,436.0,-109.0,1.0
2022-05-08 16:16:46.520780-07:00,633.5,737.3,1090.3,948.3,360.7,293.6,880.6,710.1,3467.4,3473.4,1163.8,716.7,537.0,3467.4,1100.8,791.9,3445.5,3451.6,358.4,313.6,320.5,319.7,279.0,256.1,3457.6,3457.6,495.6,373.2,416.1,821.9,614.9,422.3,13.0,45.0,-1.0,9313.0,-10264.0,-4853.0,7267.0,93.0,-161.0,-76.0,10.0,15.0,8.0,8228.0,-12886.0,-2739.0,5214.0,-451.0,239.0,-175.0,1.0
2022-05-08 16:16:46.523617-07:00,633.5,737.3,1173.5,939.0,360.7,295.1,875.5,706.0,3467.4,3473.4,1145.4,711.8,537.0,3466.1,1097.3,794.4,3446.7,3444.3,361.5,313.6,321.3,317.4,279.0,256.1,3466.1,3471.0,490.9,373.2,417.6,817.7,614.9,422.3,-9.0,-45.0,2.0,9259.0,-10253.0,-4986.0,7261.0,-379.0,-236.0,-178.0,-11.0,-21.0,4.0,8043.0,-13051.0,-2834.0,5039.0,-637.0,217.0,-139.0,1.0
2022-05-08 16:16:46.524544-07:00,627.0,771.1,997.9,939.0,358.4,295.1,875.5,706.0,3468.6,3457.6,1129.6,711.8,537.8,3466.1,1097.3,794.4,3446.7,3444.3,361.5,312.8,321.3,317.4,285.2,256.1,3466.1,3471.0,490.9,382.5,417.6,811.9,610.8,418.4,-3.0,-36.0,-14.0,9213.0,-10250.0,-5088.0,7254.0,38.0,-191.0,-83.0,-14.0,-13.0,-19.0,7948.0,-13133.0,-2889.0,4945.0,-210.0,78.0,-107.0,1.0
2022-05-08 16:16:46.640877-07:00,627.0,771.1,997.9,932.2,358.4,297.4,878.9,706.0,3468.6,3457.6,1129.6,711.0,537.8,3473.4,1101.7,790.2,3445.5,3445.5,353.0,312.8,325.9,317.4,285.2,256.1,3460.1,3450.4,500.4,382.5,415.3,811.9,610.8,418.4,9.0,1.0,5.0,9186.0,-10212.0,-5164.0,7286.0,-204.0,-193.0,-52.0,50.0,64.0,-19.0,7882.0,-13185.0,-2940.0,4880.0,-81.0,60.0,-55.0,1.0
2022-05-08 16:16:46.670885-07:00,638.4,784.4,921.1,932.2,363.1,297.4,878.9,706.0,3473.4,3462.5,1117.4,711.0,535.4,3473.4,1101.7,790.2,3445.5,3445.5,353.0,319.0,325.9,318.2,280.6,259.9,3460.1,3450.4,500.4,379.4,415.3,819.4,608.4,414.5,-3.0,-57.0,54.0,9112.0,-10246.0,-5252.0,7269.0,-121.0,-8.0,-13.0,-10.0,-33.0,17.0,7777.0,-13262.0,-2993.0,4809.0,-173.0,50.0,-36.0,1.0
2022-05-08 16:16:46.700819-07:00,638.4,784.4,921.1,933.0,363.1,295.1,867.9,698.7,3473.4,3462.5,1117.4,716.7,535.4,3464.9,1100.8,791.0,3443.1,3455.2,361.5,319.0,322.8,318.2,280.6,259.9,3463.7,3468.6,512.3,379.4,416.8,819.4,608.4,414.5,0.0,7.0,32.0,9105.0,-10269.0,-5242.0,7252.0,-118.0,100.0,25.0,0.0,-9.0,11.0,7760.0,-13276.0,-2995.0,4796.0,-143.0,61.0,13.0,1.0
2022-05-08 16:16:46.790887-07:00,641.6,796.0,894.9,933.0,361.5,295.1,867.9,698.7,3466.1,3467.4,1110.4,716.7,530.6,3464.9,1100.8,791.0,3443.1,3455.2,361.5,316.7,322.8,315.9,279.0,263.0,3463.7,3468.6,512.3,382.5,416.8,816.9,613.3,416.8,3.0,2.0,2.0,9101.0,-10309.0,-5228.0,7211.0,40.0,99.0,-25.0,-1.0,-1.0,19.0,7732.0,-13299.0,-2990.0,4779.0,40.0,8.0,20.0,1.0
2022-05-08 16:16:46.792369-07:00,641.6,796.0,894.9,933.0,361.5,291.3,862.1,701.1,3466.1,3467.4,1110.4,716.7,530.6,3475.9,1100.8,792.7,3454.0,3449.1,356.8,316.7,317.4,315.9,279.0,263.0,3462.5,3478.3,500.4,382.5,416.1,816.9,613.3,416.8,-5.0,-16.0,-16.0,9121.0,-10310.0,-5210.0,7198.0,-40.0,16.0,19.0,-7.0,2.0,-21.0,7741.0,-13295.0,-2982.0,4781.0,-47.0,13.0,10.0,1.0
2022-05-08 16:16:46.850904-07:00,640.0,787.7,882.3,929.6,360.7,291.3,862.1,701.1,3469.8,3478.3,1100.8,714.2,535.4,3475.9,1100.8,792.7,3454.0,3449.1,356.8,315.9,325.9,315.9,279.0,260.7,3462.5,3478.3,500.4,376.3,416.8,815.2,606.0,413.7,6.0,7.0,-1.0,9109.0,-10326.0,-5201.0,7195.0,24.0,20.0,3.0,4.0,-6.0,-3.0,7731.0,-13301.0,-2980.0,4783.0,38.0,-35.0,9.0,1.0
2022-05-08 16:16:46.881397-07:00,640.0,787.7,882.3,929.6,367.7,292.1,861.2,702.8,3469.8,3478.3,1100.8,714.2,533.8,3468.6,1097.3,792.7,3445.5,3447.9,354.5,315.9,325.9,315.9,279.0,260.7,3471.0,3467.4,496.4,381.7,416.8,815.2,606.0,413.7,-8.0,-2.0,8.0,9125.0,-10309.0,-5199.0,7201.0,49.0,-68.0,-22.0,-7.0,-1.0,0.0,7749.0,-13284.0,-2983.0,4800.0,62.0,-36.0,-11.0,1.0
2022-05-08 16:16:46.940905-07:00,637.6,781.1,870.5,929.6,367.7,292.1,861.2,702.8,3475.9,3463.7,1111.2,723.3,533.8,3468.6,1097.3,792.7,3445.5,3447.9,354.5,315.9,324.4,319.7,279.0,258.4,3471.0,3467.4,496.4,381.7,421.5,812.7,606.8,414.5,7.0,0.0,21.0,9124.0,-10295.0,-5210.0,7215.0,5.0,8.0,0.0,1.0,-6.0,4.0,7757.0,-13275.0,-2985.0,4809.0,23.0,-9.0,6.0,1.0
2022-05-08 16:16:47.000948-07:00,637.6,781.1,870.5,929.6,358.4,292.1,858.7,698.7,3475.9,3463.7,1111.2,723.3,536.2,3468.6,1095.6,791.9,3445.5,3450.4,354.5,312.8,324.4,319.7,279.0,258.4,3458.9,3471.0,499.6,380.2,421.5,812.7,606.8,414.5,-7.0,-1.0,9.0,9130.0,-10295.0,-5206.0,7210.0,2.0,3.0,-9.0,-1.0,-6.0,12.0,7760.0,-13273.0,-2984.0,4810.0,4.0,8.0,1.0,1.0
2022-05-08 16:16:47.031049-07:00,640.8,776.1,867.9,932.2,358.4,292.1,858.7,698.7,3467.4,3467.4,1101.7,715.9,536.2,3468.6,1095.6,791.9,3445.5,3450.4,354.5,312.8,324.4,318.2,283.6,252.3,3458.9,3471.0,499.6,380.2,415.3,811.9,604.4,420.0,6.0,-4.0,5.0,9128.0,-10295.0,-5208.0,7212.0,5.0,19.0,11.0,1.0,1.0,-5.0,7760.0,-13273.0,-2984.0,4810.0,-1.0,1.0,7.0,1.0
2022-05-08 16:16:47.120931-07:00,640.8,776.1,867.9,932.2,360.7,292.1,853.7,698.7,3467.4,3467.4,1101.7,715.9,536.2,3478.3,1102.5,791.0,3451.6,3447.9,356.8,318.2,324.4,318.2,283.6,252.3,3463.7,3463.7,492.5,378.6,415.3,811.9,604.4,420.0,-5.0,3.0,-2.0,9129.0,-10298.0,-5201.0,7211.0,17.0,-1.0,9.0,-6.0,3.0,1.0,7761.0,-13272.0,-2982.0,4812.0,18.0,-10.0,4.0,1.0
2022-05-08 16:16:47.122641-07:00,635.9,782.7,858.7,933.9,360.7,292.1,853.7,701.1,3475.9,3480.7,1101.7,711.0,536.2,3478.3,1102.5,793.5,3454.0,3447.9,356.8,318.2,321.3,316.7,281.3,261.4,3466.1,3463.7,492.5,378.6,413.7,816.9,606.0,412.9,7.0,6.0,1.0,9131.0,-10289.0,-5202.0,7221.0,21.0,-26.0,-3.0,2.0,7.0,-3.0,7770.0,-13263.0,-2982.0,4822.0,26.0,-22.0,-6.0,1.0
2022-05-08 16:16:47.181153-07:00,633.5,782.7,858.7,933.9,359.2,299.7,854.5,701.1,3471.0,3480.7,1101.7,711.0,538.6,3467.4,1106.0,793.5,3454.0,3440.7,354.5,311.3,321.3,316.7,281.3,264.5,3466.1,3463.7,495.6,380.2,413.7,816.9,606.0,414.5,-1.0,-10.0,13.0,9130.0,-10288.0,-5204.0,7222.0,0.0,3.0,12.0,-1.0,-8.0,11.0,7769.0,-13264.0,-2982.0,4822.0,-17.0,0.0,0.0,1.0
2022-05-08 16:16:47.241901-07:00,633.5,777.8,858.7,927.9,359.2,299.7,854.5,696.2,3471.0,3473.4,1097.3,708.5,538.6,3467.4,1106.0,791.0,3445.5,3440.7,354.5,311.3,322.1,316.7,281.3,264.5,3463.7,3463.7,495.6,380.2,410.6,816.9,600.4,414.5,9.0,6.0,11.0,9128.0,-10288.0,-5198.0,7228.0,-10.0,-5.0,6.0,4.0,2.0,2.0,7770.0,-13263.0,-2982.0,4822.0,-1.0,1.0,5.0,1.0
2022-05-08 16:16:47.301106-07:00,636.7,777.8,858.7,927.9,360.7,298.2,852.8,696.2,3472.2,3473.4,1097.3,708.5,537.8,3471.0,1100.8,791.0,3445.5,3461.3,355.3,314.4,322.1,316.7,281.3,259.2,3463.7,3463.7,496.4,380.9,410.6,816.9,600.4,420.8,2.0,-3.0,2.0,9124.0,-10291.0,-5201.0,7227.0,-25.0,14.0,3.0,-4.0,-4.0,-10.0,7766.0,-13266.0,-2983.0,4820.0,-19.0,7.0,0.0,1.0
2022-05-08 16:16:47.331199-07:00,636.7,785.2,857.9,925.4,360.7,298.2,852.8,703.6,3472.2,3466.1,1097.3,718.4,537.8,3471.0,1100.8,790.2,3454.0,3461.3,355.3,314.4,322.1,321.3,276.7,259.2,3463.7,3463.7,496.4,380.9,418.4,811.0,597.9,420.8,1.0,10.0,2.0,9124.0,-10296.0,-5198.0,7221.0,0.0,-10.0,-11.0,-2.0,2.0,-4.0,7765.0,-13267.0,-2983.0,4820.0,11.0,-3.0,0.0,1.0
2022-05-08 16:16:47.390862-07:00,636.7,785.2,857.9,925.4,363.1,291.3,851.1,703.6,3468.6,3466.1,1097.3,718.4,533.8,3464.9,1101.7,790.2,3454.0,3450.4,356.1,311.3,322.1,321.3,276.7,262.2,3463.7,3473.4,492.5,385.6,418.4,811.0,597.9,416.1,0.0,4.0,2.0,9129.0,-10292.0,-5205.0,7217.0,3.0,-14.0,-25.0,-3.0,10.0,2.0,7767.0,-13265.0,-2983.0,4822.0,13.0,-15.0,-7.0,1.0
2022-05-08 16:16:47.421454-07:00,636.7,778.6,852.0,923.7,363.1,291.3,851.1,697.9,3468.6,3467.4,1101.7,710.1,533.8,3464.9,1101.7,791.0,3449.1,3450.4,356.1,311.3,318.2,317.4,282.9,262.2,3463.7,3473.4,492.5,385.6,409.0,818.5,599.6,416.1,4.0,3.0,5.0,9130.0,-10287.0,-5214.0,7217.0,-17.0,-9.0,-4.0,-1.0,3.0,-5.0,7767.0,-13264.0,-2984.0,4824.0,1.0,-5.0,-5.0,1.0
2022-05-08 16:16:47.571585-07:00,635.9,775.3,852.0,923.7,354.5,292.8,852.0,697.9,3469.8,3475.9,1101.7,710.1,538.6,3469.8,1100.8,791.0,3449.1,3451.6,353.0,311.3,318.2,317.4,279.8,257.6,3463.7,3457.6,497.2,382.5,409.0,818.5,607.6,410.6,0.0,2.0,12.0,9126.0,-10292.0,-5216.0,7213.0,-17.0,8.0,-1.0,2.0,4.0,10.0,7762.0,-13267.0,-2986.0,4823.0,-14.0,7.0,0.0,1.0
2022-05-08 16:16:47.573214-07:00,635.9,775.3,849.5,927.9,354.5,292.8,845.3,706.0,3469.8,3475.9,1097.3,714.2,538.6,3469.8,1102.5,789.4,3433.4,3454.0,353.0,311.3,330.5,318.2,279.8,257.6,3452.8,3463.7,497.2,382.5,417.6,811.0,607.6,410.6,0.0,-4.0,2.0,9126.0,-10292.0,-5215.0,7213.0,1.0,-4.0,9.0,-1.0,-1.0,-2.0,7764.0,-13265.0,-2985.0,4824.0,5.0,-1.0,8.0,1.0
2022-05-08 16:16:47.574193-07:00,636.7,771.1,849.5,927.9,359.2,292.8,845.3,706.0,3471.0,3479.5,1097.3,714.2,530.6,3467.4,1102.5,789.4,3433.4,3454.0,354.5,309.7,330.5,318.2,278.3,262.2,3452.8,3463.7,499.6,377.8,417.6,811.0,606.8,412.9,0.0,3.0,0.0,9126.0,-10295.0,-5210.0,7213.0,8.0,5.0,5.0,-6.0,-4.0,3.0,7766.0,-13265.0,-2984.0,4824.0,12.0,0.0,6.0,1.0
2022-05-08 16:16:47.631088-07:00,636.7,771.1,841.1,927.9,359.2,292.8,855.3,700.3,3471.0,3479.5,1097.3,715.9,530.6,3467.4,1105.1,793.5,3446.7,3449.1,354.5,309.7,322.1,315.1,278.3,262.2,3463.7,3455.2,499.6,377.8,417.6,818.5,606.8,412.9,6.0,2.0,6.0,9125.0,-10292.0,-5212.0,7216.0,19.0,-25.0,0.0,0.0,3.0,2.0,7771.0,-13261.0,-2983.0,4826.0,26.0,-9.0,-6.0,1.0
2022-05-08 16:16:47.690875-07:00,636.7,771.1,841.1,927.9,360.0,293.6,855.3,700.3,3467.4,3474.6,1097.3,715.9,533.0,3469.8,1105.1,793.5,3446.7,3449.1,353.7,312.8,322.1,315.1,281.3,256.1,3463.7,3455.2,496.4,377.8,417.6,818.5,606.8,419.2,1.0,-6.0,15.0,9126.0,-10288.0,-5214.0,7221.0,11.0,10.0,4.0,-4.0,-13.0,4.0,7772.0,-13261.0,-2983.0,4827.0,8.0,-6.0,4.0,1.0
2022-05-08 16:16:47.750854-07:00,636.7,771.1,846.1,928.8,360.0,293.6,851.1,711.8,3467.4,3474.6,1099.0,712.6,533.0,3469.8,1101.7,788.6,3437.0,3451.6,353.7,312.8,319.0,313.6,281.3,256.1,3454.0,3458.9,496.4,377.8,417.6,813.5,606.8,419.2,-4.0,15.0,3.0,9132.0,-10287.0,-5210.0,7216.0,-14.0,9.0,-31.0,-6.0,5.0,7.0,7775.0,-13259.0,-2981.0,4827.0,-6.0,-2.0,-3.0,1.0
2022-05-08 16:16:47.781234-07:00,642.4,767.0,848.6,928.8,358.4,292.8,851.1,711.8,3477.1,3468.6,1101.7,712.6,534.6,3468.6,1101.7,788.6,3437.0,3451.6,358.4,311.3,319.0,319.0,276.0,260.7,3454.0,3458.9,493.2,380.9,417.6,807.7,601.2,416.1,2.0,2.0,5.0,9139.0,-10287.0,-5218.0,7202.0,-8.0,27.0,-29.0,-1.0,0.0,0.0,7773.0,-13260.0,-2982.0,4827.0,-3.0,2.0,-4.0,1.0
2022-05-08 16:16:47.840909-07:00,642.4,767.0,848.6,927.1,358.4,296.7,848.6,698.7,3477.1,3468.6,1101.7,720.8,534.6,3463.7,1099.9,789.4,3445.5,3440.7,360.0,311.3,322.8,319.0,276.0,260.7,3468.6,3457.6,494.0,380.9,420.0,807.7,601.2,416.1,-2.0,-8.0,8.0,9137.0,-10298.0,-5218.0,7188.0,-10.0,23.0,12.0,-4.0,-6.0,7.0,7764.0,-13267.0,-2983.0,4821.0,-21.0,13.0,3.0,1.0
2022-05-08 16:16:47.900885-07:00,637.6,772.8,837.7,927.1,358.4,296.7,848.6,698.7,3483.2,3463.7,1092.9,720.8,535.4,3463.7,1099.9,789.4,3445.5,3440.7,360.0,318.2,322.8,314.4,274.4,261.4,3468.6,3457.6,494.0,375.5,420.0,816.0,600.4,413.7,-1.0,4.0,2.0,9137.0,-10303.0,-5211.0,7187.0,-4.0,14.0,-3.0,-3.0,-2.0,1.0,7764.0,-13267.0,-2983.0,4821.0,-6.0,1.0,3.0,1.0
2022-05-08 16:16:47.930965-07:00,637.6,772.8,837.7,924.5,358.4,291.3,852.0,699.5,3483.2,3463.7,1092.9,711.8,535.4,3466.1,1099.9,790.2,3445.5,3439.5,361.5,318.2,320.5,314.4,274.4,261.4,3463.7,3468.6,494.0,375.5,412.9,816.0,600.4,413.7,0.0,4.0,0.0,9137.0,-10304.0,-5210.0,7185.0,-3.0,-14.0,-2.0,0.0,2.0,1.0,7764.0,-13267.0,-2983.0,4821.0,2.0,1.0,-3.0,1.0
2022-05-08 16:16:48.021118-07:00,632.7,767.0,839.4,924.5,356.8,291.3,852.0,699.5,3468.6,3460.1,1093.8,711.8,536.2,3466.1,1099.9,790.2,3445.5,3439.5,361.5,315.1,320.5,314.4,278.3,255.3,3463.7,3468.6,494.0,378.6,412.9,811.0,598.7,412.1,-1.0,-2.0,8.0,9136.0,-10304.0,-5210.0,7187.0,-11.0,5.0,12.0,-2.0,0.0,1.0,7764.0,-13267.0,-2983.0,4821.0,-10.0,-1.0,2.0,1.0
2022-05-08 16:16:48.022454-07:00,632.7,767.0,839.4,925.4,356.8,294.4,845.3,702.8,3468.6,3460.1,1093.8,713.4,536.2,3478.3,1093.8,792.7,3447.9,3446.7,356.8,315.1,328.2,314.4,278.3,255.3,3462.5,3450.4,493.2,378.6,414.5,811.0,598.7,412.1,0.0,3.0,11.0,9136.0,-10304.0,-5209.0,7188.0,10.0,6.0,0.0,-2.0,-4.0,3.0,7764.0,-13267.0,-2984.0,4821.0,5.0,-2.0,3.0,1.0
2022-05-08 16:16:48.081461-07:00,637.6,767.0,835.2,925.4,356.1,294.4,845.3,702.8,3471.0,3464.9,1090.3,713.4,537.8,3478.3,1093.8,792.7,3447.9,3446.7,356.8,318.2,328.2,319.0,277.5,259.9,3462.5,3450.4,493.2,378.6,414.5,810.2,597.9,413.7,2.0,0.0,3.0,9136.0,-10304.0,-5209.0,7188.0,-16.0,-6.0,8.0,-4.0,0.0,0.0,7764.0,-13267.0,-2983.0,4820.0,-5.0,5.0,3.0,1.0
2022-05-08 16:16:48.140840-07:00,637.6,767.0,835.2,931.3,358.4,296.7,844.4,703.6,3471.0,3464.9,1090.3,711.8,532.2,3468.6,1098.2,782.7,3439.5,3441.9,358.4,314.4,319.7,319.0,277.5,259.9,3466.1,3460.1,496.4,378.6,417.6,810.2,597.9,413.7,2.0,8.0,6.0,9134.0,-10308.0,-5210.0,7184.0,6.0,27.0,-20.0,-4.0,-2.0,3.0,7761.0,-13269.0,-2984.0,4819.0,5.0,-9.0,0.0,1.0
2022-05-08 16:16:48.170850-07:00,640.0,764.5,835.2,927.1,358.4,296.7,844.4,703.6,3466.1,3473.4,1092.9,713.4,532.2,3468.6,1098.2,782.7,3439.5,3441.9,358.4,314.4,324.4,315.9,278.3,259.9,3466.1,3460.1,496.4,378.6,418.4,815.2,602.0,417.6,0.0,-3.0,3.0,9143.0,-10307.0,-5213.0,7172.0,3.0,3.0,-34.0,-1.0,4.0,-1.0,7763.0,-13268.0,-2984.0,4820.0,5.0,-5.0,-5.0,1.0
2022-05-08 16:16:48.230805-07:00,640.0,764.5,835.2,927.1,353.0,292.1,844.4,698.7,3466.1,3473.4,1092.9,713.4,533.8,3472.2,1096.4,792.7,3445.5,3456.4,353.7,315.9,324.4,315.9,278.3,259.9,3457.6,3464.9,492.5,378.6,418.4,815.2,602.0,417.6,1.0,0.0,5.0,9141.0,-10312.0,-5213.0,7167.0,-20.0,24.0,12.0,-3.0,-8.0,3.0,7759.0,-13270.0,-2985.0,4819.0,-14.0,6.0,10.0,1.0
2022-05-08 16:16:48.290883-07:00,635.1,771.1,831.1,926.2,353.0,292.1,844.4,698.7,3474.6,3462.5,1092.9,717.5,533.8,3472.2,1096.4,792.7,3445.5,3456.4,353.7,315.9,321.3,319.0,281.3,261.4,3457.6,3464.9,492.5,378.6,418.4,810.2,600.4,413.7,-4.0,3.0,0.0,9142.0,-10319.0,-5206.0,7160.0,-2.0,22.0,-4.0,-6.0,-2.0,3.0,7758.0,-13271.0,-2984.0,4820.0,-5.0,6.0,2.0,1.0
2022-05-08 16:16:48.350903-07:00,635.1,771.1,831.1,926.2,361.5,289.8,849.5,698.7,3474.6,3462.5,1092.9,717.5,533.0,3457.6,1095.6,791.0,3443.1,3446.7,355.3,315.9,321.3,319.0,281.3,261.4,3464.9,3452.8,490.9,379.4,418.4,810.2,600.4,413.7,-3.0,-7.0,2.0,9142.0,-10319.0,-5207.0,7159.0,-3.0,-6.0,7.0,-2.0,-5.0,0.0,7757.0,-13271.0,-2984.0,4819.0,-3.0,5.0,0.0,1.0
2022-05-08 16:16:48.411214-07:00,637.6,764.5,831.1,927.1,361.5,289.8,849.5,698.7,3474.6,3471.0,1088.6,712.6,533.0,3457.6,1095.6,791.0,3443.1,3446.7,355.3,315.9,324.4,318.2,281.3,256.1,3464.9,3452.8,490.9,379.4,412.9,821.0,601.2,415.3,2.0,4.0,7.0,9139.0,-10319.0,-5210.0,7161.0,-7.0,2.0,-1.0,-5.0,-2.0,2.0,7756.0,-13272.0,-2984.0,4819.0,-9.0,-2.0,-3.0,1.0
2022-05-08 16:16:48.440947-07:00,640.8,764.5,831.1,927.1,359.2,292.1,843.6,700.3,3466.1,3471.0,1088.6,712.6,532.2,3464.9,1105.1,789.4,3435.8,3455.2,353.0,313.6,324.4,318.2,281.3,254.6,3462.5,3464.9,493.2,382.5,412.9,821.0,601.2,416.8,0.0,0.0,5.0,9141.0,-10316.0,-5209.0,7163.0,4.0,-11.0,5.0,-2.0,-2.0,-3.0,7759.0,-13270.0,-2983.0,4820.0,7.0,-2.0,-2.0,1.0
2022-05-08 16:16:48.530944-07:00,640.8,767.8,826.9,929.6,359.2,292.1,843.6,700.3,3466.1,3469.8,1085.1,720.8,532.2,3464.9,1105.1,790.2,3433.4,3455.2,353.0,313.6,318.2,315.9,277.5,254.6,3460.1,3464.9,493.2,382.5,416.1,813.5,602.8,416.8,0.0,5.0,0.0,9140.0,-10317.0,-5210.0,7164.0,7.0,-2.0,-6.0,-3.0,4.0,1.0,7760.0,-13270.0,-2983.0,4820.0,15.0,-3.0,0.0,1.0
2022-05-08 16:16:48.590862-07:00,637.6,767.8,826.9,929.6,365.4,295.1,839.4,700.3,3473.4,3469.8,1085.1,720.8,533.8,3469.8,1097.3,790.2,3433.4,3443.1,354.5,312.0,318.2,315.9,277.5,256.1,3460.1,3456.4,493.2,377.8,416.1,813.5,602.8,417.6,-5.0,-2.0,3.0,9147.0,-10314.0,-5214.0,7155.0,4.0,10.0,-29.0,-1.0,2.0,10.0,7765.0,-13265.0,-2982.0,4824.0,22.0,-10.0,-1.0,1.0
2022-05-08 16:16:48.592206-07:00,637.6,764.5,821.0,927.9,365.4,295.1,839.4,700.3,3473.4,3474.6,1086.8,712.6,533.8,3469.8,1097.3,786.1,3458.9,3443.1,354.5,312.0,322.1,319.0,279.0,256.1,3471.0,3456.4,493.2,377.8,423.1,813.5,605.2,417.6,6.0,-2.0,2.0,9147.0,-10309.0,-5220.0,7158.0,11.0,-11.0,-2.0,0.0,-3.0,-2.0,7773.0,-13260.0,-2980.0,4827.0,18.0,-10.0,0.0,1.0
2022-05-08 16:16:48.621491-07:00,635.9,764.5,821.0,927.9,365.4,297.4,838.6,700.3,3463.7,3474.6,1086.8,712.6,532.2,3473.4,1097.3,786.1,3458.9,3444.3,357.6,314.4,322.1,319.0,279.0,266.0,3471.0,3447.9,494.8,378.6,423.1,813.5,605.2,415.3,-6.0,4.0,3.0,9149.0,-10308.0,-5219.0,7159.0,13.0,7.0,-5.0,-8.0,5.0,3.0,7777.0,-13257.0,-2980.0,4830.0,14.0,-7.0,-2.0,1.0
2022-05-08 16:16:48.681123-07:00,635.9,768.7,828.5,923.7,365.4,297.4,838.6,697.0,3463.7,3478.3,1090.3,711.8,532.2,3473.4,1097.3,796.0,3450.4,3444.3,357.6,314.4,319.7,315.1,279.8,266.0,3455.2,3447.9,494.8,378.6,421.5,814.4,596.3,415.3,6.0,-5.0,10.0,9145.0,-10306.0,-5223.0,7162.0,-7.0,-26.0,0.0,0.0,-2.0,2.0,7777.0,-13257.0,-2979.0,4830.0,-2.0,-3.0,-2.0,1.0
2022-05-08 16:16:48.741249-07:00,631.9,768.7,828.5,923.7,357.6,291.3,841.9,697.0,3475.9,3478.3,1090.3,711.8,534.6,3466.1,1103.4,796.0,3450.4,3450.4,356.1,313.6,319.7,315.1,279.8,261.4,3455.2,3464.9,490.9,377.0,421.5,814.4,596.3,414.5,-3.0,1.0,3.0,9144.0,-10306.0,-5225.0,7164.0,-11.0,5.0,2.0,-4.0,-3.0,5.0,7777.0,-13257.0,-2979.0,4830.0,1.0,-2.0,2.0,1.0
2022-05-08 16:16:48.770914-07:00,631.9,766.2,826.0,932.2,357.6,291.3,844.4,695.4,3475.9,3475.9,1088.6,708.5,534.6,3466.1,1099.0,786.1,3437.0,3451.6,356.1,313.6,316.7,321.3,282.1,261.4,3462.5,3475.9,490.9,377.0,413.7,811.9,597.9,414.5,-2.0,0.0,3.0,9143.0,-10306.0,-5225.0,7163.0,-10.0,-9.0,-7.0,-5.0,-4.0,5.0,7777.0,-13257.0,-2979.0,4830.0,-5.0,1.0,-4.0,1.0
2022-05-08 16:16:48.830999-07:00,642.4,767.0,826.0,932.2,354.5,293.6,844.4,695.4,3468.6,3462.5,1088.6,708.5,538.6,3473.4,1099.0,786.1,3437.0,3451.6,355.3,315.9,316.7,321.3,279.8,258.4,3462.5,3475.9,487.7,377.8,413.7,811.9,602.0,414.5,8.0,-1.0,0.0,9139.0,-10305.0,-5231.0,7167.0,1.0,-12.0,0.0,-2.0,1.0,-4.0,7779.0,-13255.0,-2979.0,4831.0,14.0,-10.0,-1.0,1.0
2022-05-08 16:16:48.890930-07:00,642.4,767.0,831.1,922.8,354.5,293.6,844.4,697.9,3468.6,3462.5,1095.6,713.4,538.6,3473.4,1100.8,791.0,3450.4,3438.2,355.3,315.9,319.0,315.9,279.8,258.4,3463.7,3472.2,487.7,377.8,413.7,808.5,602.0,414.5,-4.0,-3.0,9.0,9137.0,-10306.0,-5231.0,7167.0,-14.0,1.0,9.0,-3.0,-1.0,1.0,7780.0,-13255.0,-2979.0,4831.0,-12.0,2.0,2.0,1.0
2022-05-08 16:16:48.921000-07:00,632.7,761.2,831.1,922.8,361.5,291.3,844.4,697.9,3473.4,3473.4,1095.6,713.4,537.8,3466.1,1100.8,791.0,3450.4,3438.2,360.7,313.6,319.0,315.9,279.0,259.9,3463.7,3472.2,499.6,380.2,413.7,808.5,601.2,417.6,3.0,2.0,9.0,9131.0,-10308.0,-5235.0,7169.0,-14.0,-14.0,5.0,-5.0,-4.0,0.0,7780.0,-13255.0,-2979.0,4831.0,3.0,-2.0,-2.0,1.0
2022-05-08 16:16:49.010878-07:00,632.7,761.2,842.8,927.1,361.5,291.3,845.3,696.2,3473.4,3473.4,1101.7,713.4,537.8,3466.1,1099.9,793.5,3433.4,3445.5,360.7,313.6,324.4,319.7,279.0,259.9,3447.9,3460.1,499.6,380.2,413.7,812.7,601.2,417.6,1.0,1.0,0.0,9131.0,-10308.0,-5235.0,7169.0,-9.0,3.0,-5.0,-5.0,0.0,0.0,7780.0,-13255.0,-2979.0,4831.0,-15.0,5.0,0.0,1.0
2022-05-08 16:16:49.160925-07:00,637.6,765.3,842.8,927.1,360.7,292.8,845.3,696.2,3457.6,3467.4,1101.7,713.4,535.4,3474.6,1099.9,793.5,3433.4,3445.5,356.1,312.8,324.4,319.7,284.4,264.5,3447.9,3460.1,494.8,380.9,413.7,812.7,595.5,410.6,2.0,0.0,3.0,9127.0,-10312.0,-5239.0,7167.0,-5.0,-10.0,3.0,-6.0,-3.0,2.0,7778.0,-13256.0,-2979.0,4830.0,12.0,-6.0,3.0,1.0
2022-05-08 16:16:49.310940-07:00,637.6,765.3,825.2,924.5,360.7,292.8,837.7,698.7,3457.6,3467.4,1089.5,714.2,535.4,3483.2,1099.9,786.1,3440.7,3449.1,353.7,312.8,322.1,318.2,284.4,264.5,3460.1,3468.6,494.8,380.9,416.1,808.5,595.5,410.6,4.0,-3.0,10.0,9126.0,-10311.0,-5242.0,7165.0,-12.0,-8.0,-19.0,-2.0,-1.0,1.0,7784.0,-13250.0,-2980.0,4837.0,33.0,-21.0,0.0,1.0
2022-05-08 16:16:49.400949-07:00,638.4,763.7,819.4,924.5,367.7,292.8,837.7,698.7,3466.1,3472.2,1090.3,714.2,529.8,3483.2,1099.9,786.1,3440.7,3449.1,353.7,314.4,322.1,319.0,279.8,260.7,3460.1,3468.6,494.8,375.5,416.1,814.4,603.6,409.0,1.0,-12.0,6.0,9132.0,-10302.0,-5250.0,7165.0,12.0,-33.0,-14.0,-2.0,-3.0,-3.0,7791.0,-13243.0,-2980.0,4844.0,15.0,-11.0,0.0,1.0
2022-05-08 16:16:49.490920-07:00,638.4,763.7,819.4,926.2,367.7,293.6,838.6,698.7,3466.1,3472.2,1090.3,717.5,529.8,3468.6,1097.3,789.4,3450.4,3443.1,357.6,314.4,319.7,319.0,279.8,260.7,3458.9,3466.1,494.8,375.5,419.2,814.4,603.6,409.0,0.0,8.0,6.0,9134.0,-10294.0,-5255.0,7172.0,22.0,-18.0,-8.0,-4.0,1.0,3.0,7800.0,-13235.0,-2980.0,4854.0,43.0,-22.0,3.0,1.0
2022-05-08 16:16:49.521572-07:00,631.9,770.3,825.2,926.2,358.4,293.6,838.6,698.7,3474.6,3469.8,1097.3,717.5,534.6,3468.6,1097.3,789.4,3450.4,3443.1,357.6,315.1,319.7,319.0,287.5,260.7,3458.9,3466.1,494.8,376.3,419.2,816.0,596.3,415.3,0.0,-6.0,10.0,9138.0,-10286.0,-5260.0,7174.0,-8.0,-4.0,-10.0,-5.0,-3.0,1.0,7808.0,-13228.0,-2980.0,4861.0,-6.0,-2.0,0.0,1.0
2022-05-08 16:16:49.522737-07:00,631.9,770.3,825.2,924.5,358.4,289.8,836.1,698.7,3474.6,3469.8,1097.3,711.8,534.6,3469.8,1100.8,792.7,3451.6,3438.2,360.0,315.1,320.5,319.0,287.5,260.7,3473.4,3449.1,492.5,376.3,418.4,816.0,596.3,415.3,0.0,-5.0,12.0,9135.0,-10286.0,-5263.0,7176.0,6.0,-6.0,1.0,-4.0,-10.0,7.0,7811.0,-13225.0,-2978.0,4863.0,60.0,-28.0,15.0,1.0
2022-05-08 16:16:49.523931-07:00,636.7,754.6,824.4,924.5,361.5,289.8,836.1,698.7,3477.1,3467.4,1094.7,711.8,530.6,3469.8,1100.8,792.7,3451.6,3438.2,360.0,318.2,320.5,314.4,278.3,263.0,3473.4,3449.1,492.5,378.6,418.4,816.9,593.1,413.7,-17.0,-89.0,54.0,9144.0,-10276.0,-5262.0,7178.0,-9.0,28.0,-6.0,-5.0,-12.0,2.0,7848.0,-13193.0,-2961.0,4902.0,265.0,-124.0,95.0,1.0
2022-05-08 16:16:49.525027-07:00,636.7,754.6,824.4,922.8,361.5,295.9,849.5,705.2,3477.1,3467.4,1094.7,713.4,530.6,3474.6,1096.4,790.2,3455.2,3447.9,353.7,318.2,325.1,314.4,278.3,263.0,3468.6,3455.2,500.4,378.6,416.1,816.9,593.1,413.7,2.0,-136.0,35.0,9174.0,-10352.0,-5099.0,7148.0,261.0,604.0,454.0,-37.0,-33.0,-51.0,8014.0,-13044.0,-2860.0,5087.0,1134.0,-418.0,392.0,1.0
2022-05-08 16:16:49.526407-07:00,636.7,754.6,824.4,922.8,361.5,295.9,849.5,705.2,3477.1,3467.4,1094.7,713.4,530.6,3474.6,1096.4,790.2,3455.2,3447.9,353.7,318.2,325.1,314.4,278.3,263.0,3468.6,3455.2,500.4,378.6,416.1,816.9,593.1,413.7,2.0,-136.0,35.0,9174.0,-10352.0,-5099.0,7148.0,261.0,604.0,454.0,-37.0,-33.0,-51.0,8014.0,-13044.0,-2860.0,5087.0,1134.0,-418.0,392.0,1.0
2022-05-08 16:16:49.550927-07:00,636.7,754.6,824.4,922.8,361.5,295.9,849.5,705.2,3477.1,3467.4,1094.7,713.4,530.6,3474.6,1096.4,790.2,3455.2,3447.9,353.7,318.2,325.1,314.4,278.3,263.0,3468.6,3455.2,500.4,378.6,416.1,816.9,593.1,413.7,2.0,-136.0,35.0,9174.0,-10352.0,-5099.0,7148.0,261.0,604.0,454.0,-37.0,-33.0,-51.0,8014.0,-13044.0,-2860.0,5087.0,1134.0,-418.0,392.0,1.0
2022-05-08 16:16:49.551956-07:00,636.7,754.6,824.4,922.8,361.5,295.9,849.5,705.2,3477.1,3467.4,1094.7,713.4,530.6,3474.6,1096.4,790.2,3455.2,3447.9,353.7,318.2,325.1,314.4,278.3,263.0,3468.6,3455.2,500.4,378.6,416.1,816.9,593.1,413.7,2.0,-136.0,35.0,9174.0,-10352.0,-5099.0,7148.0,261.0,604.0,454.0,-37.0,-33.0,-51.0,8014.0,-13044.0,-2860.0,5087.0,1134.0,-418.0,392.0,1.0
2022-05-08 16:16:49.580929-07:00,630.3,750.5,1184.1,950.9,360.7,303.6,878.9,718.4,3473.4,3477.1,1191.2,720.0,533.0,3457.6,1098.2,790.2,3444.3,3455.2,353.7,318.2,320.5,314.4,276.0,256.1,3467.4,3464.9,501.2,373.2,415.3,825.2,680.7,417.6,4.0,7.0,4.0,9430.0,-10305.0,-4559.0,7248.0,101.0,-85.0,11.0,2.0,11.0,8.0,8586.0,-12504.0,-2580.0,5631.0,143.0,-81.0,18.0,1.0
2022-05-08 16:16:49.640841-07:00,632.7,743.0,1155.0,947.5,360.7,303.6,878.9,718.4,3467.4,3478.3,1187.6,719.2,533.0,3457.6,1098.2,790.2,3444.3,3455.2,353.7,318.2,324.4,319.7,279.8,259.9,3467.4,3464.9,501.2,373.2,416.8,827.7,684.0,414.5,9.0,10.0,10.0,9459.0,-10257.0,-4551.0,7284.0,134.0,-29.0,-23.0,-4.0,-3.0,3.0,8616.0,-12472.0,-2581.0,5655.0,117.0,-45.0,-11.0,1.0
2022-05-08 16:16:49.671471-07:00,632.7,743.0,1155.0,947.5,357.6,301.3,871.3,711.0,3467.4,3478.3,1187.6,719.2,537.0,3473.4,1091.2,793.5,3452.8,3441.9,356.1,315.1,324.4,319.7,279.8,259.9,3468.6,3460.1,497.2,383.3,416.8,827.7,684.0,414.5,-1.0,-9.0,5.0,9483.0,-10229.0,-4535.0,7301.0,52.0,-27.0,40.0,-7.0,-6.0,7.0,8642.0,-12449.0,-2574.0,5671.0,46.0,-17.0,17.0,1.0
2022-05-08 16:16:49.731081-07:00,629.5,738.9,1141.0,946.6,357.6,301.3,871.3,708.5,3467.4,3480.7,1189.4,713.4,537.0,3473.4,1091.2,795.2,3454.0,3441.9,356.1,315.1,322.1,312.8,272.9,263.0,3464.9,3460.1,497.2,383.3,416.8,820.2,674.2,419.2,8.0,11.0,9.0,9478.0,-10221.0,-4527.0,7322.0,45.0,-24.0,20.0,1.0,1.0,0.0,8647.0,-12443.0,-2566.0,5679.0,40.0,-18.0,9.0,1.0
2022-05-08 16:16:49.760848-07:00,633.5,738.9,1141.0,946.6,361.5,292.8,868.8,708.5,3474.6,3480.7,1189.4,713.4,533.8,3471.0,1101.7,795.2,3454.0,3450.4,361.5,314.4,322.1,312.8,272.9,260.7,3464.9,3468.6,498.8,378.6,416.8,820.2,674.2,420.8,-2.0,7.0,0.0,9492.0,-10204.0,-4534.0,7325.0,7.0,-50.0,-52.0,-6.0,-4.0,7.0,8652.0,-12440.0,-2568.0,5678.0,-16.0,0.0,-21.0,1.0
2022-05-08 16:16:49.820955-07:00,633.5,736.5,1137.5,943.2,361.5,292.8,868.8,706.0,3474.6,3480.7,1181.5,711.8,533.8,3471.0,1101.7,792.7,3455.2,3450.4,361.5,314.4,323.6,315.9,281.3,260.7,3469.8,3468.6,498.8,378.6,416.8,824.4,673.3,420.8,10.0,-5.0,5.0,9492.0,-10190.0,-4549.0,7335.0,-16.0,-28.0,1.0,-6.0,-1.0,-5.0,8648.0,-12444.0,-2571.0,5674.0,-48.0,20.0,-1.0,1.0
2022-05-08 16:16:49.881095-07:00,629.5,736.5,1137.5,943.2,363.8,292.1,863.7,706.0,3467.4,3480.7,1181.5,711.8,534.6,3463.7,1097.3,792.7,3455.2,3440.7,356.8,312.8,323.6,315.9,281.3,262.2,3469.8,3458.9,497.2,381.7,416.8,824.4,673.3,416.8,-2.0,12.0,15.0,9490.0,-10194.0,-4551.0,7332.0,9.0,7.0,-13.0,3.0,15.0,16.0,8637.0,-12455.0,-2573.0,5666.0,-14.0,3.0,-7.0,1.0
2022-05-08 16:16:49.940865-07:00,629.5,736.5,1127.0,944.1,363.8,292.1,863.7,712.6,3467.4,3473.4,1165.6,720.0,534.6,3463.7,1097.3,792.7,3449.1,3440.7,356.8,312.8,320.5,319.0,279.0,262.2,3466.1,3458.9,497.2,381.7,421.5,825.2,646.5,416.8,1.0,-23.0,13.0,9490.0,-10196.0,-4556.0,7325.0,4.0,14.0,-6.0,-4.0,-12.0,1.0,8631.0,-12461.0,-2574.0,5660.0,3.0,9.0,4.0,1.0
2022-05-08 16:16:49.970870-07:00,626.2,736.5,1127.0,944.1,367.7,291.3,866.3,712.6,3475.9,3473.4,1165.6,720.0,534.6,3473.4,1094.7,792.7,3449.1,3445.5,354.5,317.4,320.5,319.0,279.0,265.3,3466.1,3471.0,494.0,380.2,421.5,825.2,646.5,423.1,2.0,5.0,0.0,9494.0,-10196.0,-4547.0,7325.0,-6.0,7.0,8.0,-3.0,0.0,-1.0,8632.0,-12461.0,-2570.0,5662.0,-13.0,11.0,11.0,1.0
2022-05-08 16:16:50.060920-07:00,626.2,733.2,1118.2,939.0,367.7,291.3,855.3,704.4,3475.9,3475.9,1153.3,711.0,534.6,3473.4,1092.9,795.2,3441.9,3449.1,354.5,317.4,319.0,316.7,275.2,265.3,3462.5,3468.6,494.0,380.2,415.3,820.2,641.6,423.1,-3.0,-2.0,-4.0,9499.0,-10189.0,-4548.0,7329.0,24.0,-23.0,-12.0,-6.0,0.0,5.0,8634.0,-12458.0,-2570.0,5664.0,18.0,-11.0,-9.0,1.0
2022-05-08 16:16:50.063549-07:00,627.0,729.9,1118.2,939.0,366.9,294.4,855.3,704.4,3479.5,3462.5,1153.3,711.0,532.2,3475.9,1092.9,795.2,3441.9,3449.1,361.5,321.3,319.0,316.7,274.4,261.4,3462.5,3468.6,497.2,381.7,415.3,820.2,638.4,423.9,4.0,-6.0,10.0,9502.0,-10178.0,-4550.0,7338.0,23.0,-14.0,10.0,-5.0,-7.0,4.0,8640.0,-12450.0,-2572.0,5671.0,16.0,-14.0,-5.0,1.0
2022-05-08 16:16:50.121532-07:00,627.0,729.9,1110.4,942.4,366.9,294.4,858.7,705.2,3479.5,3462.5,1152.4,715.9,532.2,3475.9,1094.7,788.6,3446.7,3446.7,361.5,321.3,319.7,316.7,274.4,261.4,3463.7,3461.3,497.2,381.7,418.4,824.4,638.4,423.9,4.0,8.0,12.0,9500.0,-10178.0,-4548.0,7341.0,2.0,0.0,9.0,0.0,6.0,8.0,8638.0,-12451.0,-2573.0,5671.0,2.0,0.0,3.0,1.0
2022-05-08 16:16:50.210904-07:00,635.9,729.0,1110.4,942.4,366.9,292.1,858.7,705.2,3474.6,3474.6,1152.4,715.9,530.6,3464.9,1094.7,788.6,3446.7,3446.7,359.2,321.3,319.7,316.7,273.7,256.9,3463.7,3461.3,497.2,383.3,418.4,824.4,635.9,419.2,8.0,2.0,7.0,9502.0,-10176.0,-4550.0,7341.0,3.0,6.0,-15.0,-2.0,-2.0,-4.0,8638.0,-12452.0,-2572.0,5670.0,9.0,4.0,-9.0,1.0
2022-05-08 16:16:50.212226-07:00,635.9,729.0,1104.3,939.8,366.9,292.1,857.0,702.8,3474.6,3474.6,1154.2,717.5,530.6,3464.9,1092.1,784.4,3437.0,3447.9,359.2,321.3,325.9,315.1,273.7,256.9,3463.7,3467.4,497.2,383.3,416.1,826.0,635.9,419.2,2.0,-2.0,-4.0,9502.0,-10180.0,-4547.0,7338.0,-29.0,5.0,12.0,-4.0,-5.0,-4.0,8634.0,-12458.0,-2571.0,5665.0,-36.0,21.0,9.0,1.0
2022-05-08 16:16:50.271512-07:00,627.0,732.3,1104.3,939.8,364.6,291.3,857.0,702.8,3474.6,3464.9,1154.2,717.5,533.8,3472.2,1092.1,784.4,3437.0,3447.9,355.3,309.7,325.9,315.1,276.7,263.0,3463.7,3467.4,498.0,378.6,416.1,826.0,640.8,423.9,0.0,9.0,-4.0,9499.0,-10180.0,-4549.0,7341.0,19.0,-32.0,-2.0,-5.0,-1.0,2.0,8635.0,-12456.0,-2571.0,5667.0,30.0,-25.0,-3.0,1.0
2022-05-08 16:16:50.330960-07:00,627.0,732.3,1100.8,943.2,364.6,291.3,857.9,715.9,3474.6,3464.9,1150.6,717.5,533.8,3472.2,1102.5,795.2,3447.9,3449.1,355.3,309.7,322.1,315.1,276.7,263.0,3467.4,3466.1,498.0,378.6,416.1,821.9,640.8,423.9,2.0,2.0,5.0,9505.0,-10169.0,-4553.0,7346.0,6.0,-12.0,-12.0,-3.0,2.0,1.0,8643.0,-12448.0,-2576.0,5671.0,-3.0,-1.0,-12.0,1.0
2022-05-08 16:16:50.390904-07:00,625.4,730.7,1101.7,943.2,366.2,292.1,857.9,715.9,3474.6,3473.4,1150.6,717.5,530.6,3472.2,1102.5,795.2,3447.9,3449.1,354.5,315.9,322.1,318.2,275.2,255.3,3467.4,3466.1,490.9,379.4,416.1,822.7,631.9,425.5,1.0,3.0,12.0,9498.0,-10174.0,-4554.0,7347.0,-17.0,7.0,18.0,-2.0,-5.0,9.0,8635.0,-12455.0,-2577.0,5666.0,-26.0,12.0,9.0,1.0
2022-05-08 16:16:50.450973-07:00,625.4,730.7,1101.7,942.4,366.2,295.9,855.3,699.5,3474.6,3473.4,1150.6,720.8,530.6,3475.9,1089.5,791.9,3451.6,3451.6,359.2,315.9,322.1,318.2,275.2,255.3,3466.1,3466.1,494.8,379.4,419.2,822.7,631.9,425.5,9.0,7.0,7.0,9500.0,-10172.0,-4551.0,7348.0,19.0,0.0,-9.0,-1.0,1.0,-1.0,8634.0,-12456.0,-2578.0,5665.0,11.0,4.0,-7.0,1.0
2022-05-08 16:16:50.541633-07:00,640.8,725.8,1097.3,942.4,367.7,295.9,855.3,699.5,3467.4,3460.1,1154.2,720.8,536.2,3475.9,1089.5,791.9,3451.6,3451.6,359.2,311.3,322.1,315.9,273.7,266.0,3466.1,3466.1,494.8,377.8,419.2,813.5,625.4,423.1,-3.0,-5.0,2.0,9505.0,-10174.0,-4548.0,7341.0,-4.0,24.0,6.0,-8.0,-5.0,8.0,8635.0,-12456.0,-2576.0,5663.0,-16.0,10.0,7.0,1.0
2022-05-08 16:16:50.543277-07:00,640.8,725.8,1097.3,939.8,367.7,289.8,855.3,704.4,3467.4,3460.1,1154.2,722.5,536.2,3464.9,1093.8,792.7,3444.3,3447.9,354.5,311.3,318.2,315.9,273.7,266.0,3467.4,3451.6,495.6,377.8,416.1,813.5,625.4,423.1,7.0,1.0,0.0,9500.0,-10179.0,-4550.0,7340.0,0.0,-11.0,-3.0,0.0,-5.0,3.0,8628.0,-12462.0,-2578.0,5660.0,8.0,-7.0,-5.0,1.0
2022-05-08 16:16:50.600922-07:00,628.6,721.6,1097.3,939.8,363.1,289.8,855.3,704.4,3478.3,3467.4,1148.9,722.5,530.6,3464.9,1093.8,792.7,3444.3,3447.9,354.5,318.2,318.2,318.2,271.4,261.4,3467.4,3451.6,495.6,376.3,416.1,817.7,627.8,422.3,0.0,-2.0,2.0,9506.0,-10172.0,-4547.0,7344.0,16.0,-3.0,-3.0,-7.0,-3.0,5.0,8634.0,-12456.0,-2577.0,5664.0,14.0,-5.0,-3.0,1.0
2022-05-08 16:16:50.631217-07:00,628.6,721.6,1097.3,944.9,363.1,286.7,862.1,698.7,3478.3,3467.4,1148.9,718.4,530.6,3473.4,1094.7,794.4,3443.1,3438.2,358.4,318.2,322.1,318.2,271.4,261.4,3467.4,3455.2,492.5,376.3,417.6,817.7,627.8,422.3,4.0,1.0,9.0,9503.0,-10171.0,-4551.0,7346.0,-5.0,-16.0,3.0,-2.0,1.0,1.0,8635.0,-12456.0,-2577.0,5664.0,2.0,-6.0,-2.0,1.0
2022-05-08 16:16:50.661072-07:00,629.5,718.4,1086.8,942.4,366.2,286.7,862.1,698.7,3462.5,3473.4,1148.9,717.5,535.4,3473.4,1094.7,794.4,3443.1,3438.2,358.4,318.2,324.4,319.0,272.9,256.9,3467.4,3455.2,492.5,380.2,418.4,816.9,620.5,422.3,3.0,-1.0,6.0,9504.0,-10171.0,-4550.0,7345.0,-12.0,15.0,9.0,-2.0,-4.0,4.0,8635.0,-12456.0,-2577.0,5664.0,-3.0,7.0,3.0,1.0
2022-05-08 16:16:50.721005-07:00,629.5,718.4,1086.8,942.4,366.2,285.9,854.5,698.7,3462.5,3473.4,1148.9,717.5,537.8,3471.0,1094.7,787.7,3451.6,3451.6,359.2,310.5,324.4,319.0,272.9,256.9,3473.4,3466.1,490.9,373.2,418.4,816.9,620.5,422.3,7.0,9.0,0.0,9505.0,-10174.0,-4548.0,7342.0,-10.0,2.0,-1.0,-3.0,-2.0,-2.0,8635.0,-12456.0,-2576.0,5664.0,-12.0,4.0,2.0,1.0
2022-05-08 16:16:50.780861-07:00,628.6,718.4,1091.2,943.2,366.2,285.9,854.5,698.7,3469.8,3474.6,1140.1,719.2,537.8,3471.0,1094.7,787.7,3451.6,3451.6,359.2,310.5,323.6,315.1,275.2,260.7,3473.4,3466.1,490.9,373.2,416.1,808.5,632.7,421.5,-3.0,1.0,-1.0,9504.0,-10175.0,-4549.0,7342.0,-5.0,-10.0,-2.0,-7.0,2.0,0.0,8634.0,-12457.0,-2577.0,5664.0,-4.0,0.0,-1.0,1.0
2022-05-08 16:16:50.840993-07:00,628.6,718.4,1091.2,943.2,370.8,289.8,851.1,706.0,3469.8,3474.6,1140.1,719.2,539.4,3481.9,1092.9,791.9,3438.2,3450.4,356.1,324.4,323.6,315.1,275.2,260.7,3473.4,3462.5,494.0,380.2,416.1,808.5,632.7,421.5,2.0,6.0,4.0,9501.0,-10175.0,-4552.0,7343.0,2.0,-18.0,-7.0,1.0,2.0,6.0,8634.0,-12457.0,-2577.0,5664.0,5.0,-6.0,-5.0,1.0
2022-05-08 16:16:50.870912-07:00,631.1,721.6,1091.2,937.3,370.8,289.8,851.1,706.0,3467.4,3467.4,1143.6,708.5,539.4,3481.9,1092.9,791.9,3438.2,3450.4,356.1,324.4,324.4,319.0,273.7,260.7,3473.4,3462.5,494.0,380.2,417.6,811.0,634.3,419.2,-3.0,-13.0,6.0,9499.0,-10176.0,-4553.0,7344.0,6.0,3.0,12.0,-6.0,-10.0,8.0,8633.0,-12457.0,-2577.0,5663.0,1.0,3.0,4.0,1.0
2022-05-08 16:16:50.931004-07:00,631.1,721.6,1091.2,937.3,366.2,291.3,855.3,700.3,3467.4,3467.4,1143.6,708.5,530.6,3462.5,1094.7,790.2,3443.1,3452.8,361.5,314.4,324.4,319.0,273.7,260.7,3466.1,3473.4,494.0,380.2,417.6,811.0,634.3,419.2,0.0,7.0,9.0,9498.0,-10177.0,-4551.0,7345.0,-9.0,13.0,-2.0,-5.0,-1.0,8.0,8633.0,-12458.0,-2577.0,5663.0,-11.0,10.0,-3.0,1.0
2022-05-08 16:16:50.961004-07:00,622.2,720.0,1089.5,943.2,366.2,291.3,855.3,700.3,3478.3,3473.4,1144.5,719.2,530.6,3462.5,1094.7,790.2,3443.1,3452.8,361.5,314.4,321.3,318.2,281.3,263.0,3466.1,3473.4,494.0,380.2,415.3,816.0,623.8,416.8,-1.0,-12.0,6.0,9498.0,-10177.0,-4551.0,7345.0,1.0,7.0,1.0,-9.0,-12.0,4.0,8633.0,-12459.0,-2577.0,5662.0,-6.0,5.0,3.0,1.0
2022-05-08 16:16:51.021254-07:00,627.8,720.0,1089.5,943.2,361.5,289.8,851.1,701.1,3467.4,3473.4,1144.5,719.2,534.6,3468.6,1093.8,784.4,3433.4,3454.0,359.2,314.4,321.3,318.2,281.3,258.4,3463.7,3457.6,490.9,379.4,415.3,816.0,623.8,429.4,2.0,4.0,4.0,9499.0,-10176.0,-4550.0,7345.0,-11.0,6.0,-3.0,-4.0,-2.0,7.0,8635.0,-12457.0,-2575.0,5662.0,-3.0,1.0,-1.0,1.0
2022-05-08 16:16:51.080533-07:00,627.8,725.8,1077.3,943.2,361.5,289.8,851.1,701.9,3467.4,3471.0,1137.5,715.1,534.6,3468.6,1093.8,784.4,3454.0,3454.0,359.2,314.4,324.4,317.4,276.0,258.4,3462.5,3457.6,490.9,379.4,414.5,818.5,627.0,429.4,0.0,-1.0,5.0,9500.0,-10175.0,-4549.0,7346.0,-1.0,-9.0,5.0,-6.0,-2.0,2.0,8635.0,-12457.0,-2575.0,5662.0,-2.0,-1.0,2.0,1.0
2022-05-08 16:16:51.110814-07:00,629.5,725.8,1077.3,943.2,364.6,286.7,857.0,701.9,3474.6,3471.0,1137.5,715.1,536.2,3463.7,1095.6,784.4,3454.0,3443.1,356.1,316.7,324.4,317.4,276.0,258.4,3462.5,3468.6,487.7,375.5,414.5,818.5,627.0,425.5,3.0,4.0,4.0,9500.0,-10175.0,-4550.0,7346.0,17.0,1.0,-2.0,-3.0,0.0,2.0,8637.0,-12455.0,-2574.0,5663.0,21.0,-6.0,-3.0,1.0
2022-05-08 16:16:51.170823-07:00,629.5,722.5,1079.9,941.5,364.6,286.7,857.0,701.9,3474.6,3473.4,1148.9,716.7,536.2,3463.7,1095.6,789.4,3450.4,3443.1,356.1,316.7,322.8,315.9,278.3,258.4,3460.1,3468.6,487.7,375.5,407.5,811.0,627.0,425.5,5.0,-3.0,3.0,9500.0,-10175.0,-4550.0,7346.0,-13.0,-6.0,-3.0,-6.0,-6.0,-1.0,8639.0,-12454.0,-2573.0,5663.0,-7.0,10.0,-2.0,1.0
2022-05-08 16:16:51.230836-07:00,628.6,722.5,1079.9,941.5,369.3,288.2,852.8,701.9,3469.8,3473.4,1148.9,716.7,530.6,3467.4,1095.6,789.4,3450.4,3454.0,351.4,315.1,322.8,315.9,278.3,253.1,3460.1,3461.3,491.7,395.0,407.5,811.0,627.0,423.9,2.0,10.0,2.0,9499.0,-10175.0,-4549.0,7347.0,4.0,1.0,7.0,-5.0,1.0,2.0,8638.0,-12455.0,-2574.0,5662.0,7.0,-3.0,4.0,1.0
2022-05-08 16:16:51.260985-07:00,628.6,720.0,1078.2,936.4,369.3,288.2,852.8,701.1,3469.8,3467.4,1145.4,711.8,530.6,3467.4,1095.6,789.4,3438.2,3454.0,351.4,315.1,321.3,314.4,272.9,253.1,3463.7,3461.3,491.7,395.0,412.9,815.2,627.0,423.9,3.0,0.0,5.0,9500.0,-10174.0,-4548.0,7348.0,17.0,-5.0,-8.0,-5.0,0.0,3.0,8640.0,-12454.0,-2574.0,5662.0,17.0,-7.0,-11.0,1.0
2022-05-08 16:16:51.321696-07:00,631.1,720.8,1078.2,936.4,361.5,286.7,855.3,701.1,3471.0,3473.4,1145.4,711.8,537.0,3464.9,1094.7,789.4,3438.2,3449.1,351.4,317.4,321.3,314.4,271.4,257.6,3463.7,3460.1,494.8,376.3,412.9,815.2,629.5,418.4,9.0,-9.0,6.0,9500.0,-10172.0,-4549.0,7350.0,-5.0,-5.0,11.0,-1.0,-8.0,0.0,8641.0,-12453.0,-2573.0,5662.0,2.0,-1.0,2.0,1.0
2022-05-08 16:16:51.381063-07:00,631.1,720.8,1069.5,932.2,361.5,286.7,856.2,702.8,3471.0,3473.4,1145.4,720.8,537.0,3464.9,1096.4,788.6,3440.7,3444.3,351.4,317.4,323.6,316.7,271.4,257.6,3462.5,3468.6,494.8,376.3,414.5,820.2,629.5,418.4,0.0,11.0,3.0,9499.0,-10173.0,-4546.0,7352.0,17.0,7.0,1.0,-6.0,2.0,5.0,8640.0,-12454.0,-2574.0,5662.0,14.0,-4.0,1.0,1.0
2022-05-08 16:16:51.410995-07:00,627.0,722.5,1069.5,932.2,359.2,291.3,856.2,702.8,3469.8,3480.7,1145.4,720.8,529.8,3461.3,1096.4,788.6,3440.7,3444.3,357.6,315.9,323.6,316.7,271.4,257.6,3462.5,3468.6,493.2,377.8,414.5,820.2,627.0,427.0,3.0,-12.0,7.0,9500.0,-10172.0,-4549.0,7349.0,-6.0,-9.0,-9.0,-2.0,-9.0,6.0,8640.0,-12454.0,-2574.0,5662.0,-14.0,6.0,-6.0,1.0
2022-05-08 16:16:51.530878-07:00,627.0,722.5,1080.8,938.1,359.2,291.3,855.3,708.5,3469.8,3480.7,1143.6,719.2,529.8,3461.3,1096.4,786.1,3449.1,3452.8,357.6,315.9,327.5,318.2,271.4,257.6,3458.9,3458.9,493.2,377.8,416.1,821.0,627.0,427.0,3.0,2.0,4.0,9498.0,-10174.0,-4549.0,7350.0,-10.0,9.0,9.0,-5.0,-1.0,4.0,8638.0,-12456.0,-2576.0,5661.0,-15.0,3.0,5.0,1.0
2022-05-08 16:16:51.532679-07:00,630.3,712.6,1080.8,938.1,364.6,291.3,855.3,708.5,3466.1,3471.0,1143.6,719.2,536.2,3467.4,1096.4,786.1,3449.1,3452.8,356.1,318.2,327.5,318.2,278.3,256.1,3458.9,3458.9,494.0,379.4,416.1,821.0,624.6,421.5,-3.0,7.0,3.0,9499.0,-10175.0,-4549.0,7348.0,1.0,0.0,-14.0,-7.0,-1.0,10.0,8638.0,-12456.0,-2576.0,5661.0,1.0,0.0,-9.0,1.0
2022-05-08 16:16:51.561058-07:00,630.3,712.6,1074.7,943.2,364.6,291.3,854.5,706.9,3466.1,3471.0,1141.0,725.8,536.2,3467.4,1087.7,784.4,3445.5,3447.9,356.1,318.2,321.3,317.4,278.3,256.1,3468.6,3462.5,494.0,379.4,420.0,816.9,624.6,421.5,5.0,0.0,0.0,9496.0,-10173.0,-4553.0,7352.0,8.0,-15.0,14.0,-3.0,-9.0,1.0,8638.0,-12456.0,-2576.0,5661.0,5.0,-8.0,5.0,1.0
2022-05-08 16:16:51.620897-07:00,631.9,720.0,1073.8,943.2,363.1,289.8,854.5,706.9,3471.0,3468.6,1147.1,725.8,536.2,3464.9,1087.7,784.4,3445.5,3447.9,354.5,316.7,321.3,317.4,278.3,258.4,3468.6,3462.5,490.9,377.8,420.0,818.5,627.8,421.5,2.0,5.0,9.0,9496.0,-10176.0,-4549.0,7351.0,-1.0,21.0,3.0,-3.0,0.0,2.0,8638.0,-12456.0,-2576.0,5661.0,1.0,3.0,0.0,1.0
2022-05-08 16:16:51.681033-07:00,631.9,720.0,1073.8,939.0,363.1,286.7,855.3,700.3,3471.0,3468.6,1147.1,722.5,536.2,3464.9,1088.6,791.0,3449.1,3447.9,358.4,316.7,321.3,317.4,278.3,258.4,3455.2,3463.7,491.7,377.8,413.7,818.5,627.8,421.5,-2.0,0.0,2.0,9497.0,-10177.0,-4547.0,7349.0,-3.0,-5.0,1.0,-4.0,-6.0,10.0,8638.0,-12456.0,-2576.0,5661.0,-5.0,7.0,4.0,1.0
2022-05-08 16:16:51.711081-07:00,627.0,715.9,1069.5,939.0,365.4,286.7,855.3,700.3,3474.6,3466.1,1143.6,722.5,530.6,3464.9,1088.6,791.0,3449.1,3447.9,358.4,312.0,321.3,318.2,271.4,260.7,3455.2,3463.7,491.7,378.6,413.7,816.9,623.0,421.5,5.0,-2.0,3.0,9496.0,-10176.0,-4548.0,7350.0,2.0,9.0,1.0,-5.0,-2.0,-3.0,8638.0,-12456.0,-2576.0,5661.0,-2.0,4.0,1.0,1.0
2022-05-08 16:16:51.770967-07:00,627.0,715.9,1069.5,938.1,365.4,293.6,841.1,702.8,3474.6,3466.1,1143.6,719.2,530.6,3474.6,1084.2,786.1,3449.1,3438.2,358.4,312.0,319.7,318.2,271.4,260.7,3462.5,3461.3,490.1,378.6,416.1,816.9,623.0,421.5,2.0,-1.0,2.0,9496.0,-10176.0,-4548.0,7350.0,-5.0,-15.0,3.0,-3.0,-6.0,3.0,8636.0,-12457.0,-2577.0,5661.0,-10.0,-2.0,1.0,1.0
2022-05-08 16:16:51.831048-07:00,626.2,715.9,1070.3,938.1,360.7,293.6,841.1,702.8,3472.2,3464.9,1142.7,719.2,536.2,3474.6,1084.2,786.1,3449.1,3438.2,358.4,311.3,319.7,319.7,275.2,260.7,3462.5,3461.3,490.1,376.3,416.1,814.4,628.6,419.2,7.0,2.0,7.0,9496.0,-10172.0,-4550.0,7354.0,16.0,2.0,-3.0,-2.0,-1.0,-1.0,8637.0,-12454.0,-2577.0,5664.0,15.0,-11.0,-5.0,1.0
2022-05-08 16:16:51.861436-07:00,626.2,715.9,1070.3,938.1,360.7,293.6,855.3,697.0,3472.2,3464.9,1142.7,718.4,536.2,3467.4,1089.5,792.7,3445.5,3445.5,360.0,311.3,319.7,319.7,275.2,260.7,3457.6,3467.4,485.3,376.3,416.1,814.4,628.6,419.2,5.0,2.0,5.0,9503.0,-10166.0,-4545.0,7357.0,1.0,-2.0,4.0,-1.0,0.0,2.0,8644.0,-12449.0,-2576.0,5667.0,7.0,-4.0,1.0,1.0
2022-05-08 16:16:51.920966-07:00,630.3,715.9,1066.0,938.1,362.3,293.6,855.3,697.0,3479.5,3469.8,1141.0,718.4,532.2,3467.4,1089.5,792.7,3445.5,3445.5,360.0,316.7,319.7,315.9,272.1,258.4,3457.6,3467.4,485.3,377.0,416.1,819.4,617.3,421.5,6.0,4.0,6.0,9499.0,-10169.0,-4546.0,7357.0,8.0,16.0,10.0,-4.0,2.0,0.0,8643.0,-12449.0,-2576.0,5667.0,2.0,5.0,1.0,1.0
2022-05-08 16:16:51.981093-07:00,630.3,715.9,1066.0,940.7,364.6,295.1,851.1,698.7,3479.5,3469.8,1141.0,719.2,536.2,3471.0,1090.3,791.9,3443.1,3452.8,357.6,315.9,322.1,315.9,272.1,258.4,3469.8,3463.7,499.6,379.4,412.9,819.4,617.3,421.5,2.0,-5.0,6.0,9500.0,-10173.0,-4542.0,7353.0,9.0,16.0,1.0,-4.0,-2.0,3.0,8642.0,-12450.0,-2576.0,5667.0,6.0,0.0,2.0,1.0
2022-05-08 16:16:52.011101-07:00,623.8,720.8,1066.9,939.8,364.6,295.1,851.1,698.7,3457.6,3466.1,1136.6,717.5,536.2,3471.0,1090.3,791.9,3443.1,3452.8,357.6,315.9,324.4,315.9,274.4,257.6,3469.8,3463.7,499.6,379.4,416.8,820.2,622.2,419.2,9.0,0.0,3.0,9499.0,-10174.0,-4542.0,7352.0,-2.0,-17.0,2.0,-2.0,0.0,-5.0,8641.0,-12451.0,-2576.0,5666.0,2.0,1.0,-1.0,1.0
2022-05-08 16:16:52.070894-07:00,623.8,720.8,1066.9,939.8,361.5,294.4,849.5,697.9,3457.6,3466.1,1136.6,717.5,537.0,3461.3,1089.5,790.2,3443.1,3447.9,353.7,319.0,324.4,315.9,274.4,257.6,3468.6,3471.0,498.8,376.3,416.8,820.2,622.2,419.2,0.0,-5.0,5.0,9498.0,-10174.0,-4544.0,7353.0,-9.0,-7.0,6.0,-5.0,-11.0,6.0,8641.0,-12451.0,-2576.0,5666.0,-5.0,-1.0,2.0,1.0
2022-05-08 16:16:52.131083-07:00,622.2,715.1,1073.8,941.5,361.5,294.4,849.5,697.9,3471.0,3484.4,1135.7,718.4,537.0,3461.3,1089.5,790.2,3443.1,3447.9,353.7,319.0,322.8,315.9,281.3,256.9,3468.6,3471.0,498.8,376.3,420.0,822.7,630.3,419.2,0.0,6.0,5.0,9497.0,-10174.0,-4543.0,7354.0,12.0,-10.0,-7.0,-3.0,-1.0,9.0,8642.0,-12450.0,-2576.0,5667.0,12.0,-10.0,-6.0,1.0
2022-05-08 16:16:52.160993-07:00,622.2,715.1,1073.8,941.5,360.7,290.5,849.5,699.5,3471.0,3484.4,1135.7,718.4,534.6,3473.4,1092.9,789.4,3434.6,3445.5,357.6,313.6,322.8,315.9,281.3,256.9,3461.3,3458.9,490.9,379.4,420.0,822.7,630.3,419.2,1.0,-3.0,7.0,9498.0,-10171.0,-4544.0,7357.0,-5.0,-3.0,3.0,-4.0,-2.0,4.0,8642.0,-12449.0,-2577.0,5668.0,-10.0,1.0,0.0,1.0
2022-05-08 16:16:52.220933-07:00,632.7,715.9,1063.4,937.3,360.7,290.5,849.5,699.5,3472.2,3469.8,1135.7,717.5,534.6,3473.4,1092.9,789.4,3434.6,3445.5,357.6,313.6,319.7,315.9,279.8,260.7,3461.3,3458.9,490.9,379.4,418.4,819.4,622.2,420.8,1.0,6.0,5.0,9498.0,-10171.0,-4544.0,7357.0,-2.0,6.0,1.0,-5.0,-4.0,8.0,8641.0,-12450.0,-2577.0,5667.0,-3.0,5.0,1.0,1.0
2022-05-08 16:16:52.281177-07:00,627.0,715.9,1063.4,937.3,359.2,295.1,858.7,698.7,3468.6,3469.8,1135.7,717.5,533.8,3468.6,1094.7,788.6,3450.4,3454.0,356.1,314.4,319.7,315.9,279.8,259.2,3473.4,3467.4,492.5,379.4,418.4,819.4,622.2,413.7,1.0,2.0,2.0,9498.0,-10171.0,-4544.0,7357.0,-23.0,4.0,9.0,-2.0,4.0,-1.0,8640.0,-12453.0,-2576.0,5664.0,-25.0,28.0,-1.0,1.0
2022-05-08 16:16:52.310986-07:00,627.0,717.5,1064.3,941.5,359.2,295.1,858.7,703.6,3468.6,3472.2,1142.7,725.8,533.8,3468.6,1094.7,787.7,3446.7,3454.0,356.1,314.4,319.0,321.3,274.4,259.2,3463.7,3467.4,492.5,379.4,412.9,816.9,629.5,413.7,16.0,18.0,-1.0,9466.0,-10208.0,-4547.0,7345.0,-177.0,58.0,70.0,10.0,20.0,0.0,8603.0,-12501.0,-2575.0,5614.0,-231.0,162.0,-31.0,1.0
2022-05-08 16:16:52.370976-07:00,627.8,717.5,1064.3,941.5,367.7,293.6,851.1,703.6,3467.4,3472.2,1142.7,725.8,536.2,3471.0,1083.4,787.7,3446.7,3450.4,358.4,315.9,319.0,321.3,274.4,263.0,3463.7,3468.6,491.7,373.2,412.9,816.9,629.5,422.3,-5.0,5.0,1.0,9401.0,-10285.0,-4570.0,7307.0,-247.0,7.0,36.0,-8.0,2.0,21.0,8483.0,-12627.0,-2605.0,5500.0,-409.0,213.0,-66.0,1.0
2022-05-08 16:16:52.431117-07:00,627.8,716.7,1092.1,935.6,367.7,293.6,851.1,706.9,3467.4,3471.0,1142.7,712.6,536.2,3471.0,1083.4,786.1,3438.2,3450.4,358.4,315.9,319.7,319.0,279.8,263.0,3457.6,3468.6,491.7,373.2,414.5,819.4,631.9,422.3,17.0,3.0,-17.0,9340.0,-10328.0,-4588.0,7313.0,-219.0,-43.0,96.0,-1.0,-11.0,-14.0,8381.0,-12736.0,-2637.0,5389.0,-515.0,254.0,-83.0,1.0
2022-05-08 16:16:52.490996-07:00,627.8,716.7,1092.1,935.6,359.2,293.6,852.0,706.9,3475.9,3471.0,1142.7,712.6,533.0,3468.6,1091.2,786.1,3438.2,3443.1,355.3,312.8,319.7,319.0,279.8,259.9,3457.6,3474.6,490.9,377.8,414.5,819.4,631.9,418.4,4.0,9.0,-8.0,9237.0,-10393.0,-4627.0,7326.0,-242.0,-110.0,112.0,-3.0,-17.0,7.0,8210.0,-12898.0,-2695.0,5235.0,-564.0,250.0,-105.0,1.0
2022-05-08 16:16:52.612512-07:00,627.8,742.2,1128.7,930.5,359.2,293.6,852.0,699.5,3475.9,3474.6,1130.5,711.8,533.0,3468.6,1091.2,790.2,3449.1,3443.1,355.3,312.8,320.5,321.3,276.7,259.9,3471.0,3474.6,490.9,377.8,417.6,816.9,630.3,418.4,-4.0,-14.0,16.0,9140.0,-10434.0,-4679.0,7357.0,-311.0,-125.0,36.0,2.0,-3.0,4.0,8058.0,-13035.0,-2763.0,5097.0,-576.0,215.0,-120.0,1.0
2022-05-08 16:16:52.614800-07:00,632.7,742.2,1128.7,930.5,360.0,289.8,849.5,699.5,3475.9,3474.6,1130.5,711.8,533.8,3474.6,1098.2,790.2,3449.1,3454.0,358.4,312.8,320.5,321.3,276.7,261.4,3471.0,3462.5,492.5,377.0,417.6,816.9,630.3,416.1,8.0,-14.0,23.0,9045.0,-10482.0,-4754.0,7359.0,-218.0,-40.0,2.0,-5.0,-16.0,-2.0,7924.0,-13149.0,-2823.0,4977.0,-441.0,153.0,-114.0,1.0
2022-05-08 16:16:52.615745-07:00,632.7,773.6,985.0,925.4,360.0,289.8,849.5,705.2,3475.9,3472.2,1129.6,710.1,533.8,3474.6,1093.8,790.2,3444.3,3447.9,358.4,312.8,321.3,318.2,278.3,261.4,3462.5,3467.4,492.5,377.0,420.8,817.7,623.0,416.1,-3.0,11.0,-19.0,9004.0,-10501.0,-4810.0,7347.0,-103.0,-205.0,-130.0,0.0,0.0,15.0,7814.0,-13239.0,-2884.0,4878.0,-403.0,133.0,-142.0,1.0
2022-05-08 16:16:52.761437-07:00,645.7,811.0,985.0,925.4,364.6,299.7,849.5,705.2,3471.0,3467.4,1129.6,710.1,537.8,3480.7,1093.8,790.2,3444.3,3447.9,355.3,312.8,321.3,318.2,277.5,259.2,3462.5,3467.4,495.6,381.7,420.8,817.7,619.7,412.1,-8.0,-45.0,18.0,8960.0,-10456.0,-4951.0,7369.0,-171.0,-251.0,-143.0,-6.0,1.0,-5.0,7727.0,-13306.0,-2956.0,4789.0,-359.0,91.0,-143.0,1.0
2022-05-08 16:16:52.764827-07:00,645.7,811.0,917.7,934.7,364.6,299.7,850.3,708.5,3471.0,3467.4,1123.5,714.2,537.8,3480.7,1089.5,786.1,3449.1,3439.5,355.3,312.8,325.9,319.0,277.5,259.2,3456.4,3469.8,495.6,381.7,419.2,811.0,619.7,412.1,12.0,15.0,0.0,8928.0,-10422.0,-5039.0,7396.0,-65.0,-115.0,-61.0,3.0,0.0,-23.0,7691.0,-13332.0,-2997.0,4751.0,-172.0,22.0,-77.0,1.0
2022-05-08 16:16:52.765733-07:00,650.5,852.0,917.7,934.7,360.7,297.4,850.3,708.5,3479.5,3466.1,1123.5,714.2,535.4,3467.4,1089.5,786.1,3449.1,3439.5,353.7,317.4,325.9,319.0,278.3,261.4,3456.4,3469.8,507.5,378.6,419.2,811.0,624.6,410.6,0.0,1.0,29.0,8912.0,-10412.0,-5098.0,7391.0,-29.0,-65.0,-83.0,-4.0,8.0,21.0,7634.0,-13368.0,-3039.0,4714.0,-115.0,19.0,-52.0,1.0
2022-05-08 16:16:52.820951-07:00,650.5,852.0,891.5,930.5,360.7,297.4,857.0,709.3,3479.5,3466.1,1120.9,719.2,535.4,3467.4,1096.4,792.7,3445.5,3447.9,353.7,317.4,325.9,317.4,278.3,261.4,3473.4,3471.0,507.5,378.6,419.2,807.7,624.6,410.6,-2.0,-19.0,36.0,8933.0,-10387.0,-5118.0,7387.0,54.0,14.0,-31.0,-5.0,1.0,10.0,7639.0,-13364.0,-3046.0,4712.0,26.0,-5.0,9.0,1.0
2022-05-08 16:16:52.850995-07:00,651.4,850.3,891.5,930.5,362.3,298.2,857.0,709.3,3473.4,3473.4,1120.9,719.2,536.2,3467.4,1096.4,792.7,3445.5,3447.9,361.5,312.0,325.9,317.4,281.3,259.9,3473.4,3471.0,508.3,379.4,419.2,807.7,619.7,416.1,9.0,2.0,9.0,8951.0,-10384.0,-5104.0,7379.0,-37.0,101.0,-11.0,-4.0,1.0,-10.0,7638.0,-13366.0,-3038.0,4712.0,-42.0,18.0,24.0,1.0
2022-05-08 16:16:52.911082-07:00,651.4,850.3,874.7,932.2,362.3,293.6,847.8,712.6,3473.4,3473.4,1120.0,722.5,536.2,3466.1,1092.1,784.4,3443.1,3446.7,356.8,312.0,329.8,319.7,281.3,259.9,3461.3,3461.3,508.3,379.4,414.5,815.2,619.7,416.1,-7.0,9.0,-18.0,8970.0,-10401.0,-5082.0,7346.0,3.0,46.0,-17.0,-5.0,7.0,3.0,7638.0,-13368.0,-3030.0,4713.0,6.0,10.0,13.0,1.0
2022-05-08 16:16:52.970973-07:00,658.7,858.7,844.4,932.2,357.6,293.6,847.8,712.6,3472.2,3475.9,1107.8,722.5,531.4,3466.1,1092.1,784.4,3443.1,3446.7,356.8,314.4,329.8,315.1,279.8,259.2,3461.3,3461.3,508.3,377.0,414.5,818.5,615.7,413.7,7.0,-12.0,-13.0,8962.0,-10410.0,-5091.0,7337.0,-39.0,-21.0,17.0,-2.0,-5.0,-19.0,7635.0,-13370.0,-3027.0,4713.0,6.0,-9.0,10.0,1.0
2022-05-08 16:16:53.001397-07:00,658.7,858.7,844.4,934.7,357.6,299.7,849.5,702.8,3472.2,3475.9,1107.8,720.8,531.4,3477.1,1092.9,791.0,3458.9,3445.5,352.2,314.4,330.5,315.1,279.8,259.2,3478.3,3467.4,507.5,377.0,416.8,818.5,615.7,413.7,2.0,18.0,-5.0,8960.0,-10406.0,-5090.0,7347.0,14.0,-12.0,3.0,-2.0,14.0,0.0,7645.0,-13362.0,-3025.0,4723.0,14.0,-18.0,-8.0,1.0
2022-05-08 16:16:53.061126-07:00,657.0,843.6,841.1,934.7,362.3,299.7,849.5,702.8,3469.8,3468.6,1101.7,720.8,536.2,3477.1,1092.9,791.0,3458.9,3445.5,352.2,318.2,330.5,316.7,281.3,262.2,3478.3,3467.4,507.5,373.2,416.8,817.7,614.1,412.9,1.0,-5.0,17.0,8957.0,-10399.0,-5097.0,7356.0,14.0,-21.0,6.0,-3.0,-9.0,5.0,7648.0,-13356.0,-3027.0,4731.0,36.0,-23.0,4.0,1.0
2022-05-08 16:16:53.120875-07:00,657.0,843.6,841.1,923.7,362.3,294.4,847.0,698.7,3469.8,3468.6,1101.7,722.5,536.2,3474.6,1081.6,795.2,3445.5,3444.3,355.3,318.2,320.5,316.7,281.3,262.2,3469.8,3467.4,505.1,373.2,416.1,817.7,614.1,412.9,-1.0,5.0,8.0,8961.0,-10395.0,-5094.0,7358.0,-20.0,16.0,-14.0,-3.0,-4.0,5.0,7655.0,-13350.0,-3027.0,4738.0,-8.0,9.0,-1.0,1.0
2022-05-08 16:16:53.151113-07:00,654.6,836.1,844.4,923.7,356.8,294.4,847.0,698.7,3471.0,3469.8,1097.3,722.5,533.0,3474.6,1081.6,795.2,3445.5,3444.3,355.3,314.4,320.5,317.4,281.3,261.4,3469.8,3467.4,505.1,384.0,416.1,816.0,617.3,416.1,6.0,-2.0,-2.0,8960.0,-10400.0,-5096.0,7351.0,-6.0,5.0,9.0,0.0,2.0,-1.0,7655.0,-13351.0,-3024.0,4737.0,10.0,5.0,10.0,1.0
2022-05-08 16:16:53.211107-07:00,654.6,836.1,844.4,931.3,356.8,295.9,837.7,697.9,3471.0,3469.8,1097.3,717.5,533.0,3478.3,1088.6,791.9,3449.1,3451.6,354.5,314.4,327.5,317.4,281.3,261.4,3464.9,3466.1,515.5,384.0,412.1,816.0,617.3,416.1,0.0,1.0,-5.0,8958.0,-10401.0,-5095.0,7352.0,-10.0,4.0,9.0,-10.0,3.0,-1.0,7656.0,-13351.0,-3022.0,4738.0,0.0,-3.0,6.0,1.0
2022-05-08 16:16:53.270975-07:00,652.2,836.1,837.7,926.2,364.6,295.9,837.7,697.9,3480.7,3471.0,1112.1,717.5,536.2,3478.3,1088.6,791.9,3449.1,3451.6,354.5,315.9,323.6,316.7,280.6,260.7,3464.9,3466.1,515.5,378.6,423.9,817.7,615.7,408.2,2.0,3.0,-1.0,8957.0,-10402.0,-5092.0,7354.0,8.0,-4.0,7.0,0.0,-4.0,1.0,7660.0,-13348.0,-3021.0,4741.0,20.0,-18.0,1.0,1.0
2022-05-08 16:16:53.300946-07:00,652.2,836.1,837.7,926.2,363.1,295.9,838.6,699.5,3480.7,3471.0,1112.1,717.5,533.0,3466.1,1089.5,790.2,3447.9,3446.7,359.2,324.4,323.6,316.7,280.6,260.7,3463.7,3463.7,505.1,379.4,423.9,817.7,615.7,408.2,0.0,-2.0,3.0,8959.0,-10395.0,-5098.0,7357.0,5.0,-24.0,-18.0,-5.0,-1.0,-1.0,7666.0,-13342.0,-3023.0,4747.0,11.0,-13.0,-11.0,1.0
2022-05-08 16:16:53.361298-07:00,644.9,847.0,832.7,922.0,363.1,295.9,838.6,699.5,3471.0,3477.1,1093.8,714.2,533.0,3466.1,1089.5,790.2,3447.9,3446.7,359.2,324.4,325.9,319.0,281.3,257.6,3463.7,3463.7,505.1,379.4,415.3,820.2,613.3,409.8,1.0,1.0,4.0,8958.0,-10394.0,-5102.0,7357.0,1.0,0.0,4.0,-4.0,-4.0,1.0,7667.0,-13341.0,-3023.0,4747.0,13.0,-7.0,6.0,1.0
2022-05-08 16:16:53.420904-07:00,644.9,847.0,832.7,922.0,354.5,295.1,837.7,699.5,3471.0,3477.1,1093.8,714.2,538.6,3473.4,1088.6,789.4,3443.1,3450.4,358.4,311.3,325.9,319.0,281.3,257.6,3464.9,3468.6,498.8,378.6,415.3,820.2,613.3,409.8,3.0,0.0,0.0,8958.0,-10390.0,-5109.0,7358.0,-11.0,-31.0,-30.0,-8.0,0.0,-2.0,7673.0,-13336.0,-3022.0,4751.0,16.0,-13.0,-10.0,1.0
2022-05-08 16:16:53.451199-07:00,653.8,831.9,836.1,928.8,354.5,295.1,837.7,699.5,3467.4,3469.8,1092.1,711.0,538.6,3473.4,1088.6,789.4,3443.1,3450.4,358.4,311.3,317.4,315.1,282.1,257.6,3464.9,3468.6,498.8,378.6,417.6,811.0,614.9,416.1,-8.0,-12.0,5.0,8959.0,-10382.0,-5122.0,7358.0,-7.0,-12.0,-4.0,-10.0,-5.0,-7.0,7676.0,-13332.0,-3026.0,4756.0,-3.0,-6.0,-6.0,1.0
2022-05-08 16:16:53.540930-07:00,653.8,831.9,836.1,928.8,358.4,296.7,842.8,698.7,3467.4,3469.8,1092.1,711.0,532.2,3472.2,1083.4,785.2,3449.1,3438.2,358.4,312.8,317.4,315.1,282.1,257.6,3461.3,3467.4,504.4,382.5,417.6,811.0,614.9,416.1,12.0,3.0,8.0,8954.0,-10385.0,-5120.0,7361.0,2.0,1.0,21.0,8.0,-7.0,7.0,7675.0,-13332.0,-3026.0,4756.0,7.0,-8.0,5.0,1.0
2022-05-08 16:16:53.601601-07:00,651.4,829.4,820.2,925.4,358.4,296.7,842.8,698.7,3478.3,3467.4,1097.3,715.9,532.2,3472.2,1083.4,785.2,3449.1,3438.2,358.4,312.8,319.7,320.5,280.6,259.9,3461.3,3467.4,504.4,382.5,413.7,811.0,612.5,410.6,1.0,-4.0,14.0,8957.0,-10382.0,-5118.0,7363.0,-25.0,-3.0,-5.0,-3.0,-2.0,5.0,7679.0,-13330.0,-3025.0,4756.0,-18.0,9.0,0.0,1.0
2022-05-08 16:16:53.602730-07:00,648.9,829.4,820.2,925.4,354.5,294.4,834.4,694.6,3478.3,3467.4,1097.3,715.9,531.4,3464.9,1088.6,787.7,3441.9,3456.4,361.5,315.9,319.7,320.5,280.6,261.4,3460.1,3468.6,505.1,376.3,413.7,811.0,612.5,407.5,-8.0,1.0,0.0,8952.0,-10389.0,-5119.0,7360.0,-15.0,26.0,18.0,-15.0,0.0,0.0,7676.0,-13334.0,-3021.0,4753.0,-6.0,10.0,11.0,1.0
2022-05-08 16:16:53.690988-07:00,648.9,826.0,826.0,923.7,354.5,294.4,834.4,700.3,3478.3,3460.1,1096.4,714.2,531.4,3464.9,1088.6,790.2,3439.5,3456.4,361.5,315.9,325.1,317.4,277.5,261.4,3461.3,3468.6,505.1,376.3,413.7,809.4,618.1,407.5,-3.0,5.0,-5.0,8941.0,-10401.0,-5115.0,7359.0,-27.0,-11.0,10.0,-8.0,3.0,-4.0,7670.0,-13339.0,-3018.0,4753.0,-10.0,-4.0,0.0,1.0
2022-05-08 16:16:53.720870-07:00,649.7,826.0,826.0,923.7,358.4,296.7,836.9,700.3,3478.3,3460.1,1096.4,714.2,537.8,3462.5,1091.2,790.2,3439.5,3447.9,354.5,315.9,325.1,317.4,277.5,256.1,3461.3,3467.4,505.1,380.2,413.7,809.4,618.1,409.0,8.0,-2.0,0.0,8940.0,-10397.0,-5123.0,7359.0,3.0,-10.0,-22.0,0.0,3.0,-2.0,7669.0,-13337.0,-3023.0,4756.0,1.0,-14.0,-17.0,1.0
2022-05-08 16:16:53.751057-07:00,649.7,824.4,829.4,931.3,358.4,296.7,836.9,697.0,3478.3,3473.4,1092.1,718.4,537.8,3462.5,1091.2,789.4,3450.4,3447.9,354.5,315.9,327.5,316.7,275.2,256.1,3469.8,3467.4,505.1,380.2,423.1,816.0,614.9,409.0,7.0,4.0,3.0,8941.0,-10396.0,-5125.0,7359.0,2.0,-12.0,4.0,-1.0,-8.0,2.0,7669.0,-13335.0,-3026.0,4759.0,15.0,-18.0,3.0,1.0
2022-05-08 16:16:53.810893-07:00,652.2,824.4,829.4,931.3,360.7,296.7,834.4,697.0,3468.6,3473.4,1092.1,718.4,529.8,3473.4,1090.3,789.4,3450.4,3454.0,357.6,317.4,327.5,316.7,275.2,256.1,3469.8,3466.1,506.7,379.4,423.1,816.0,614.9,414.5,1.0,6.0,7.0,8939.0,-10391.0,-5128.0,7366.0,5.0,-30.0,-5.0,-3.0,1.0,9.0,7673.0,-13331.0,-3026.0,4763.0,9.0,1.0,-5.0,1.0
2022-05-08 16:16:53.870975-07:00,652.2,828.5,825.2,923.7,360.7,296.7,834.4,699.5,3468.6,3471.0,1098.2,714.2,529.8,3473.4,1090.3,791.0,3447.9,3454.0,357.6,317.4,322.8,319.7,279.8,256.1,3457.6,3466.1,506.7,379.4,430.2,817.7,613.3,414.5,-3.0,-6.0,2.0,8934.0,-10393.0,-5135.0,7364.0,-24.0,12.0,4.0,-7.0,-3.0,1.0,7667.0,-13335.0,-3028.0,4760.0,-27.0,13.0,1.0,1.0
2022-05-08 16:16:53.930992-07:00,648.9,825.2,825.2,923.7,360.0,295.1,838.6,699.5,3467.4,3478.3,1098.2,714.2,541.0,3467.4,1089.5,791.0,3447.9,3428.6,359.2,312.0,322.8,319.7,274.4,257.6,3457.6,3461.3,502.0,380.2,430.2,817.7,614.1,409.8,0.0,1.0,6.0,8930.0,-10397.0,-5132.0,7366.0,1.0,5.0,14.0,-3.0,-5.0,11.0,7664.0,-13337.0,-3028.0,4759.0,-6.0,1.0,7.0,1.0
2022-05-08 16:16:53.961049-07:00,648.9,825.2,824.4,923.7,360.0,295.1,836.9,701.9,3467.4,3478.3,1086.8,715.9,541.0,3467.4,1091.2,793.5,3447.9,3443.1,359.2,312.0,325.1,319.7,274.4,257.6,3462.5,3467.4,502.0,380.2,420.0,809.4,614.1,409.8,-6.0,0.0,5.0,8929.0,-10397.0,-5133.0,7367.0,-12.0,4.0,-1.0,-8.0,1.0,1.0,7664.0,-13337.0,-3028.0,4759.0,-13.0,7.0,4.0,1.0
2022-05-08 16:16:54.050703-07:00,655.4,826.9,824.4,923.7,361.5,293.6,836.9,701.9,3468.6,3462.5,1086.8,715.9,536.2,3478.3,1091.2,793.5,3447.9,3443.1,356.8,311.3,325.1,319.7,277.5,258.4,3462.5,3467.4,497.2,380.2,420.0,809.4,614.9,406.7,4.0,3.0,-4.0,8927.0,-10398.0,-5134.0,7366.0,-1.0,8.0,1.0,-3.0,-6.0,0.0,7663.0,-13338.0,-3029.0,4759.0,-3.0,1.0,0.0,1.0
2022-05-08 16:16:54.080849-07:00,655.4,826.9,816.9,927.9,361.5,293.6,838.6,694.6,3468.6,3462.5,1097.3,717.5,536.2,3478.3,1087.7,787.7,3447.9,3452.8,356.8,311.3,326.7,318.2,277.5,258.4,3467.4,3463.7,497.2,380.2,420.8,817.7,614.9,406.7,7.0,-5.0,2.0,8925.0,-10397.0,-5136.0,7368.0,-2.0,-19.0,0.0,0.0,0.0,-6.0,7663.0,-13338.0,-3029.0,4759.0,1.0,-8.0,-3.0,1.0
2022-05-08 16:16:54.110579-07:00,653.8,817.7,816.9,927.9,360.0,296.7,838.6,694.6,3478.3,3466.1,1097.3,717.5,536.2,3471.0,1087.7,787.7,3447.9,3452.8,353.7,315.1,326.7,318.2,274.4,264.5,3467.4,3463.7,501.2,384.0,420.8,817.7,607.6,413.7,2.0,1.0,5.0,8928.0,-10395.0,-5135.0,7370.0,4.0,8.0,4.0,-1.0,-7.0,5.0,7667.0,-13335.0,-3028.0,4760.0,-6.0,1.0,4.0,1.0
2022-05-08 16:16:54.170707-07:00,653.8,817.7,817.7,927.1,360.0,296.7,838.6,696.2,3478.3,3466.1,1090.3,712.6,536.2,3471.0,1088.6,798.5,3451.6,3449.1,353.7,315.1,322.8,321.3,274.4,264.5,3473.4,3461.3,501.2,384.0,413.7,815.2,607.6,413.7,-1.0,-5.0,4.0,8925.0,-10397.0,-5137.0,7368.0,2.0,7.0,2.0,-6.0,-9.0,5.0,7664.0,-13337.0,-3028.0,4759.0,12.0,3.0,0.0,1.0
2022-05-08 16:16:54.201267-07:00,651.4,821.9,817.7,927.1,363.8,302.8,838.6,696.2,3467.4,3473.4,1090.3,712.6,537.8,3462.5,1088.6,798.5,3451.6,3449.1,351.4,314.4,322.8,321.3,276.0,258.4,3473.4,3461.3,496.4,377.8,413.7,815.2,612.5,408.2,4.0,0.0,4.0,8922.0,-10398.0,-5139.0,7369.0,-10.0,-9.0,-3.0,-3.0,-6.0,-1.0,7664.0,-13337.0,-3028.0,4759.0,1.0,3.0,2.0,1.0
2022-05-08 16:16:54.261055-07:00,651.4,821.9,821.0,928.8,363.8,292.8,835.2,698.7,3467.4,3473.4,1087.7,716.7,537.8,3466.1,1096.4,787.7,3450.4,3451.6,361.5,314.4,324.4,317.4,276.0,258.4,3469.8,3458.9,495.6,377.8,420.8,816.0,612.5,408.2,-10.0,-5.0,3.0,8923.0,-10398.0,-5139.0,7368.0,-10.0,13.0,-1.0,-16.0,-5.0,2.0,7666.0,-13336.0,-3028.0,4759.0,-11.0,3.0,2.0,1.0
2022-05-08 16:16:54.321002-07:00,646.5,817.7,815.2,928.8,360.0,292.8,835.2,698.7,3466.1,3464.9,1090.3,716.7,537.8,3466.1,1096.4,787.7,3450.4,3451.6,361.5,316.7,324.4,319.0,276.0,256.1,3469.8,3458.9,495.6,382.5,420.8,813.5,615.7,412.1,-2.0,8.0,0.0,8924.0,-10400.0,-5137.0,7366.0,-8.0,-6.0,-9.0,-5.0,5.0,4.0,7665.0,-13337.0,-3028.0,4759.0,-6.0,4.0,-4.0,1.0
2022-05-08 16:16:54.350994-07:00,646.5,817.7,815.2,927.9,360.0,299.7,837.7,699.5,3466.1,3464.9,1090.3,714.2,537.8,3468.6,1087.7,790.2,3441.9,3449.1,354.5,316.7,323.6,319.0,276.0,256.1,3458.9,3460.1,505.9,382.5,420.8,813.5,615.7,412.1,0.0,-1.0,1.0,8925.0,-10399.0,-5140.0,7364.0,9.0,12.0,-6.0,-7.0,-1.0,-1.0,7665.0,-13337.0,-3028.0,4759.0,0.0,3.0,-3.0,1.0
2022-05-08 16:16:54.410893-07:00,646.5,814.4,811.0,927.9,358.4,299.7,837.7,699.5,3477.1,3472.2,1088.6,714.2,536.2,3468.6,1087.7,790.2,3441.9,3449.1,354.5,311.3,323.6,319.7,276.7,260.7,3458.9,3460.1,505.9,377.8,420.8,818.5,618.9,409.8,6.0,-5.0,0.0,8927.0,-10404.0,-5134.0,7359.0,-9.0,24.0,14.0,4.0,-3.0,3.0,7665.0,-13337.0,-3028.0,4759.0,-5.0,4.0,4.0,1.0
2022-05-08 16:16:54.470756-07:00,646.5,814.4,811.0,928.8,358.4,292.8,836.1,706.0,3477.1,3472.2,1088.6,720.0,536.2,3478.3,1083.4,791.9,3444.3,3450.4,354.5,311.3,325.9,319.7,276.7,260.7,3462.5,3467.4,498.8,377.8,415.3,818.5,618.9,409.8,-2.0,4.0,-1.0,8926.0,-10411.0,-5121.0,7358.0,-6.0,20.0,21.0,-5.0,-2.0,-2.0,7666.0,-13336.0,-3027.0,4760.0,2.0,1.0,11.0,1.0
2022-05-08 16:16:54.501380-07:00,648.9,817.7,809.4,928.8,360.7,292.8,836.1,706.0,3469.8,3468.6,1091.2,720.0,530.6,3478.3,1083.4,791.9,3444.3,3450.4,354.5,309.0,325.9,322.1,278.3,256.1,3462.5,3467.4,498.8,384.8,415.3,814.4,614.9,415.3,3.0,2.0,0.0,8925.0,-10414.0,-5119.0,7358.0,1.0,-4.0,7.0,-8.0,3.0,-4.0,7666.0,-13336.0,-3027.0,4760.0,2.0,-3.0,1.0,1.0
2022-05-08 16:16:54.561041-07:00,648.9,817.7,809.4,926.2,353.0,291.3,847.0,689.7,3469.8,3468.6,1091.2,712.6,530.6,3475.9,1090.3,790.2,3445.5,3446.7,359.2,313.6,324.4,322.1,278.3,256.1,3461.3,3456.4,502.8,377.0,412.9,814.4,614.9,415.3,0.0,3.0,4.0,8925.0,-10414.0,-5119.0,7358.0,7.0,9.0,2.0,-6.0,0.0,2.0,7666.0,-13336.0,-3027.0,4760.0,4.0,-5.0,3.0,1.0
2022-05-08 16:16:54.650950-07:00,651.4,818.5,807.7,926.2,353.0,291.3,847.0,689.7,3468.6,3466.1,1082.5,714.2,530.6,3475.9,1090.3,790.2,3445.5,3446.7,359.2,313.6,319.7,318.2,279.0,257.6,3461.3,3456.4,502.8,377.0,417.6,817.7,611.7,411.4,2.0,2.0,8.0,8924.0,-10413.0,-5120.0,7359.0,4.0,-10.0,-3.0,-3.0,0.0,-3.0,7668.0,-13335.0,-3027.0,4761.0,10.0,-5.0,1.0,1.0
2022-05-08 16:16:54.652418-07:00,651.4,818.5,807.7,926.2,361.5,289.8,834.4,696.2,3468.6,3466.1,1082.5,714.2,535.4,3464.9,1087.7,785.2,3443.1,3451.6,353.0,312.8,319.7,318.2,279.0,257.6,3463.7,3464.9,497.2,375.5,417.6,817.7,611.7,411.4,1.0,4.0,1.0,8924.0,-10413.0,-5120.0,7358.0,7.0,10.0,-3.0,-4.0,1.0,0.0,7669.0,-13334.0,-3026.0,4761.0,7.0,-2.0,1.0,1.0
2022-05-08 16:16:54.711503-07:00,648.9,815.2,810.2,921.1,361.5,289.8,834.4,696.2,3463.7,3468.6,1089.5,711.0,535.4,3464.9,1087.7,785.2,3443.1,3451.6,353.0,312.8,320.5,316.7,278.3,258.4,3463.7,3464.9,497.2,375.5,416.8,813.5,609.2,409.8,3.0,-2.0,2.0,8926.0,-10415.0,-5118.0,7356.0,-2.0,13.0,6.0,-2.0,-4.0,-5.0,7669.0,-13334.0,-3026.0,4761.0,-1.0,4.0,3.0,1.0
2022-05-08 16:16:54.800972-07:00,648.9,815.2,810.2,921.1,357.6,293.6,829.4,698.7,3463.7,3468.6,1089.5,711.0,532.2,3460.1,1087.7,787.7,3440.7,3443.1,353.7,314.4,320.5,316.7,278.3,258.4,3468.6,3466.1,497.2,373.2,416.8,813.5,609.2,409.8,6.0,0.0,0.0,8926.0,-10416.0,-5116.0,7354.0,-5.0,-4.0,-8.0,-2.0,5.0,-6.0,7669.0,-13334.0,-3026.0,4761.0,1.0,-1.0,-2.0,1.0
2022-05-08 16:16:54.802486-07:00,648.9,820.2,806.0,920.3,357.6,293.6,829.4,698.7,3462.5,3475.9,1086.8,713.4,532.2,3460.1,1087.7,787.7,3440.7,3443.1,353.7,314.4,322.8,312.8,279.0,256.1,3468.6,3466.1,497.2,373.2,423.9,813.5,614.1,409.8,2.0,4.0,-4.0,8926.0,-10416.0,-5116.0,7354.0,-1.0,9.0,2.0,-4.0,6.0,-2.0,7669.0,-13334.0,-3026.0,4761.0,-6.0,2.0,-1.0,1.0
2022-05-08 16:16:54.891738-07:00,648.9,820.2,806.0,920.3,361.5,302.0,833.6,697.0,3462.5,3475.9,1086.8,713.4,537.0,3473.4,1086.8,795.2,3443.1,3449.1,357.6,315.9,322.8,312.8,279.0,256.1,3463.7,3471.0,507.5,380.2,423.9,813.5,614.1,409.8,2.0,1.0,0.0,8920.0,-10421.0,-5121.0,7351.0,-10.0,-10.0,1.0,-2.0,1.0,-1.0,7662.0,-13338.0,-3029.0,4760.0,-14.0,7.0,-6.0,1.0
2022-05-08 16:16:54.893568-07:00,646.5,820.2,811.9,923.7,361.5,302.0,833.6,699.5,3457.6,3473.4,1087.7,711.8,537.0,3473.4,1086.8,792.7,3447.9,3449.1,357.6,315.9,327.5,319.0,277.5,259.2,3457.6,3471.0,507.5,380.2,419.2,809.4,622.2,414.5,0.0,-1.0,5.0,8919.0,-10421.0,-5122.0,7352.0,12.0,8.0,3.0,-4.0,-1.0,0.0,7662.0,-13338.0,-3029.0,4760.0,8.0,-8.0,1.0,1.0
2022-05-08 16:16:54.951038-07:00,651.4,820.2,811.9,923.7,360.7,292.1,835.2,699.5,3469.8,3473.4,1087.7,711.8,534.6,3469.8,1092.1,792.7,3447.9,3445.5,358.4,315.1,327.5,319.0,277.5,263.0,3457.6,3462.5,505.9,379.4,419.2,809.4,622.2,406.7,0.0,0.0,3.0,8919.0,-10422.0,-5122.0,7352.0,-15.0,-3.0,3.0,-6.0,0.0,0.0,7662.0,-13338.0,-3029.0,4760.0,-12.0,3.0,2.0,1.0
2022-05-08 16:16:55.010998-07:00,651.4,816.0,806.0,924.5,360.7,292.1,835.2,697.9,3469.8,3466.1,1089.5,716.7,534.6,3469.8,1092.1,794.4,3441.9,3445.5,358.4,315.1,324.4,316.7,274.4,263.0,3462.5,3462.5,505.9,379.4,415.3,820.2,612.5,406.7,4.0,5.0,4.0,8920.0,-10424.0,-5119.0,7348.0,1.0,20.0,0.0,-2.0,2.0,9.0,7662.0,-13338.0,-3029.0,4760.0,2.0,1.0,1.0,1.0
2022-05-08 16:16:55.040946-07:00,655.4,816.0,806.0,924.5,357.6,295.1,835.2,697.9,3480.7,3466.1,1089.5,716.7,536.2,3464.9,1087.7,794.4,3441.9,3445.5,353.7,315.9,324.4,316.7,274.4,256.1,3462.5,3457.6,503.6,378.6,415.3,820.2,612.5,408.2,-1.0,1.0,2.0,8923.0,-10426.0,-5115.0,7344.0,12.0,19.0,-1.0,-7.0,1.0,0.0,7663.0,-13337.0,-3028.0,4761.0,18.0,-10.0,6.0,1.0
2022-05-08 16:16:55.101027-07:00,655.4,811.0,810.2,926.2,357.6,295.1,835.2,699.5,3480.7,3471.0,1089.5,711.8,536.2,3464.9,1087.7,787.7,3457.6,3445.5,353.7,315.9,324.4,319.0,278.3,256.1,3467.4,3457.6,503.6,378.6,420.8,818.5,607.6,408.2,6.0,13.0,-13.0,8933.0,-10432.0,-5102.0,7334.0,10.0,58.0,-4.0,-1.0,14.0,1.0,7668.0,-13333.0,-3025.0,4768.0,7.0,-8.0,10.0,1.0
2022-05-08 16:16:55.190983-07:00,648.1,811.0,810.2,926.2,360.0,291.3,829.4,699.5,3464.9,3471.0,1089.5,711.8,537.8,3461.3,1084.2,787.7,3457.6,3446.7,354.5,318.2,324.4,319.0,278.3,261.4,3467.4,3478.3,501.2,380.2,420.8,818.5,607.6,411.4,0.0,-7.0,10.0,8941.0,-10438.0,-5088.0,7325.0,41.0,39.0,17.0,-5.0,0.0,1.0,7673.0,-13328.0,-3020.0,4776.0,53.0,-22.0,25.0,1.0
2022-05-08 16:16:55.193856-07:00,648.1,820.2,859.5,922.0,360.0,291.3,829.4,693.8,3464.9,3472.2,1090.3,705.2,537.8,3461.3,1084.2,789.4,3444.3,3446.7,354.5,318.2,327.5,318.2,274.4,261.4,3458.9,3478.3,501.2,380.2,419.2,813.5,618.1,411.4,3.0,17.0,2.0,8963.0,-10434.0,-5056.0,7326.0,46.0,54.0,19.0,-1.0,2.0,0.0,7687.0,-13317.0,-3010.0,4790.0,-3.0,2.0,18.0,1.0
2022-05-08 16:16:55.251034-07:00,645.7,812.7,859.5,922.0,360.0,296.7,831.1,693.8,3475.9,3481.9,1090.3,705.2,530.6,3474.6,1086.0,789.4,3444.3,3449.1,354.5,317.4,327.5,318.2,279.0,258.4,3458.9,3461.3,502.0,377.8,419.2,813.5,621.4,405.9,-3.0,-23.0,20.0,8976.0,-10454.0,-5024.0,7304.0,37.0,149.0,44.0,-12.0,-3.0,2.0,7693.0,-13313.0,-2989.0,4804.0,96.0,-27.0,76.0,1.0
2022-05-08 16:16:55.311035-07:00,645.7,812.7,1032.3,925.4,360.0,296.7,839.4,702.8,3475.9,3481.9,1093.8,715.9,530.6,3474.6,1092.9,791.0,3451.6,3447.9,354.5,317.4,326.7,315.9,279.0,258.4,3462.5,3460.1,502.0,377.8,416.8,821.9,621.4,405.9,-12.0,-49.0,25.0,9025.0,-10475.0,-4927.0,7280.0,197.0,270.0,117.0,-12.0,-23.0,0.0,7763.0,-13255.0,-2924.0,4891.0,440.0,-166.0,193.0,1.0
2022-05-08 16:16:55.340993-07:00,648.9,819.4,1032.3,925.4,357.6,293.6,839.4,702.8,3463.7,3467.4,1093.8,715.9,533.0,3472.2,1092.9,791.0,3451.6,3447.9,359.2,314.4,326.7,315.9,279.0,258.4,3462.5,3460.1,503.6,378.6,416.8,821.9,644.9,402.0,-20.0,0.0,-32.0,9118.0,-10459.0,-4758.0,7298.0,353.0,200.0,166.0,-16.0,1.0,5.0,7892.0,-13146.0,-2839.0,5026.0,659.0,-281.0,230.0,1.0
2022-05-08 16:16:55.401021-07:00,648.9,819.4,1208.0,950.0,357.6,293.6,945.8,742.2,3463.7,3467.4,1127.9,718.4,533.0,3472.2,1092.9,792.7,3446.7,3443.1,359.2,314.4,325.1,321.3,279.0,258.4,3468.6,3468.6,503.6,378.6,417.6,828.5,644.9,402.0,-31.0,-79.0,27.0,9178.0,-10435.0,-4608.0,7354.0,308.0,105.0,293.0,-21.0,-38.0,4.0,8143.0,-12921.0,-2695.0,5282.0,961.0,-377.0,273.0,1.0
2022-05-08 16:16:55.461019-07:00,643.2,803.5,1208.0,950.0,357.6,295.9,945.8,742.2,3462.5,3468.6,1127.9,718.4,537.8,3472.2,1092.9,792.7,3446.7,3443.1,356.8,308.2,325.1,321.3,281.3,256.1,3468.6,3468.6,515.5,373.2,417.6,828.5,661.9,418.4,34.0,102.0,-40.0,9263.0,-10366.0,-4392.0,7476.0,435.0,124.0,277.0,17.0,62.0,-12.0,8369.0,-12707.0,-2584.0,5499.0,443.0,-209.0,91.0,1.0
2022-05-08 16:16:55.491034-07:00,643.2,803.5,1193.8,966.2,357.6,295.9,1002.2,747.2,3462.5,3468.6,1179.7,718.4,537.8,3472.2,1085.1,786.1,3446.7,3456.4,356.8,308.2,322.8,320.5,281.3,256.1,3449.1,3464.9,515.5,373.2,417.6,835.2,661.9,418.4,24.0,65.0,6.0,9306.0,-10318.0,-4338.0,7521.0,95.0,-42.0,-34.0,0.0,17.0,0.0,8452.0,-12623.0,-2565.0,5575.0,146.0,-77.0,-50.0,1.0
2022-05-08 16:16:55.550984-07:00,638.4,791.9,1168.2,966.2,398.1,299.0,1002.2,747.2,3471.0,3472.2,1174.4,718.4,537.8,3478.3,1085.1,786.1,3446.7,3456.4,356.8,317.4,322.8,316.7,273.7,263.0,3449.1,3464.9,515.5,386.4,417.6,836.1,660.3,427.8,12.0,-16.0,13.0,9336.0,-10294.0,-4320.0,7526.0,87.0,40.0,16.0,0.0,-2.0,-8.0,8509.0,-12572.0,-2556.0,5609.0,102.0,-35.0,23.0,1.0
2022-05-08 16:16:55.611922-07:00,638.4,791.9,1168.2,955.1,398.1,299.0,978.2,734.0,3471.0,3472.2,1174.4,719.2,537.8,3468.6,1092.9,792.7,3447.9,3447.9,353.7,317.4,322.8,316.7,273.7,263.0,3466.1,3457.6,508.3,386.4,413.7,836.1,660.3,427.8,-2.0,8.0,9.0,9349.0,-10315.0,-4280.0,7504.0,-5.0,130.0,17.0,-4.0,-6.0,25.0,8510.0,-12573.0,-2543.0,5610.0,0.0,20.0,18.0,1.0
2022-05-08 16:16:55.671007-07:00,644.0,775.3,1139.2,955.1,402.8,299.0,978.2,734.0,3467.4,3473.4,1170.9,719.2,537.8,3468.6,1092.9,792.7,3447.9,3447.9,353.7,316.7,322.8,319.7,276.0,263.0,3466.1,3457.6,508.3,379.4,413.7,837.7,650.5,430.2,2.0,15.0,-18.0,9367.0,-10308.0,-4268.0,7498.0,42.0,-21.0,-31.0,-2.0,8.0,-6.0,8526.0,-12559.0,-2535.0,5619.0,50.0,-22.0,-10.0,1.0
2022-05-08 16:16:55.701141-07:00,644.0,775.3,1139.2,956.8,402.8,292.8,967.1,734.0,3467.4,3473.4,1170.9,722.5,537.8,3477.1,1087.7,786.9,3449.1,3450.4,360.7,316.7,321.3,319.7,276.0,263.0,3457.6,3464.9,513.9,379.4,414.5,837.7,650.5,430.2,10.0,-13.0,-9.0,9372.0,-10300.0,-4280.0,7496.0,-15.0,-3.0,-12.0,-8.0,-6.0,-6.0,8530.0,-12555.0,-2538.0,5621.0,-31.0,6.0,-4.0,1.0
2022-05-08 16:16:55.761134-07:00,635.9,791.9,1134.9,956.8,398.1,292.8,967.1,734.0,3471.0,3467.4,1167.4,722.5,538.6,3477.1,1087.7,786.9,3449.1,3450.4,360.7,308.2,321.3,322.1,273.7,263.0,3457.6,3464.9,513.9,378.6,414.5,831.9,661.1,425.5,2.0,19.0,3.0,9375.0,-10292.0,-4280.0,7504.0,72.0,-45.0,4.0,1.0,6.0,12.0,8538.0,-12546.0,-2539.0,5631.0,72.0,-40.0,-10.0,1.0
2022-05-08 16:16:55.791075-07:00,635.9,791.9,1134.9,953.4,398.1,292.8,968.8,724.9,3471.0,3467.4,1167.4,716.7,538.6,3475.9,1084.2,789.4,3449.1,3449.1,358.4,308.2,325.9,322.1,273.7,263.0,3463.7,3458.9,505.1,378.6,418.4,831.9,661.1,425.5,9.0,4.0,8.0,9381.0,-10264.0,-4303.0,7521.0,-4.0,-71.0,-37.0,-2.0,8.0,-4.0,8552.0,-12531.0,-2545.0,5638.0,0.0,-9.0,-23.0,1.0
2022-05-08 16:16:55.851088-07:00,635.1,770.3,1130.5,953.4,397.3,292.8,968.8,724.9,3473.4,3467.4,1163.8,716.7,533.8,3475.9,1084.2,789.4,3449.1,3449.1,358.4,312.0,325.9,320.5,276.0,257.6,3463.7,3458.9,505.1,376.3,418.4,830.2,654.6,427.0,0.0,-4.0,4.0,9381.0,-10264.0,-4305.0,7520.0,15.0,15.0,8.0,0.0,8.0,6.0,8551.0,-12532.0,-2547.0,5638.0,15.0,-11.0,8.0,1.0
2022-05-08 16:16:55.911507-07:00,635.1,770.3,1130.5,954.3,400.4,295.1,962.8,729.0,3473.4,3467.4,1163.8,714.2,536.2,3475.9,1087.7,791.0,3447.9,3447.9,356.8,314.4,319.0,320.5,276.0,257.6,3463.7,3457.6,505.9,377.8,420.8,830.2,654.6,427.0,3.0,9.0,2.0,9385.0,-10262.0,-4305.0,7518.0,13.0,-7.0,-20.0,-7.0,-3.0,3.0,8553.0,-12529.0,-2546.0,5641.0,7.0,-6.0,-9.0,1.0
2022-05-08 16:16:56.061529-07:00,641.6,769.5,1120.9,950.9,400.4,295.1,962.8,729.0,3468.6,3474.6,1165.6,720.0,536.2,3475.9,1087.7,791.0,3447.9,3447.9,356.8,314.4,319.0,319.0,281.3,261.4,3463.7,3457.6,505.9,377.8,420.8,831.9,644.9,423.1,8.0,-9.0,0.0,9386.0,-10261.0,-4310.0,7515.0,-11.0,7.0,3.0,-4.0,-5.0,-8.0,8551.0,-12531.0,-2548.0,5640.0,-18.0,1.0,4.0,1.0
2022-05-08 16:16:56.121145-07:00,641.6,769.5,1120.9,950.9,399.6,303.6,962.8,724.1,3468.6,3474.6,1165.6,720.0,530.6,3471.0,1086.8,789.4,3437.0,3447.9,359.2,314.4,319.0,319.0,281.3,261.4,3458.9,3469.8,513.9,376.3,420.8,831.9,644.9,423.1,-1.0,9.0,4.0,9384.0,-10264.0,-4309.0,7514.0,-11.0,-7.0,-9.0,-4.0,2.0,4.0,8547.0,-12533.0,-2549.0,5639.0,-22.0,1.0,-3.0,1.0
2022-05-08 16:16:56.123279-07:00,641.6,762.9,1120.9,953.4,399.6,303.6,962.8,724.1,3467.4,3463.7,1164.7,714.2,530.6,3471.0,1086.8,789.4,3437.0,3447.9,359.2,314.4,322.8,317.4,274.4,259.2,3458.9,3469.8,513.9,376.3,412.9,826.9,642.4,428.6,1.0,-11.0,7.0,9391.0,-10255.0,-4314.0,7515.0,29.0,-17.0,-18.0,-4.0,-7.0,4.0,8547.0,-12533.0,-2553.0,5638.0,17.0,-18.0,-10.0,1.0
2022-05-08 16:16:56.124446-07:00,641.6,762.9,1120.9,953.4,395.0,294.4,967.1,724.9,3467.4,3463.7,1164.7,714.2,533.0,3462.5,1087.7,788.6,3450.4,3445.5,356.1,317.4,322.8,317.4,274.4,259.2,3467.4,3457.6,500.4,377.8,412.9,826.9,642.4,428.6,1.0,0.0,1.0,9398.0,-10247.0,-4313.0,7518.0,15.0,-8.0,-5.0,-2.0,-6.0,8.0,8554.0,-12525.0,-2552.0,5644.0,18.0,-6.0,-3.0,1.0
2022-05-08 16:16:56.180975-07:00,640.0,785.2,1115.6,944.1,395.0,294.4,967.1,724.9,3477.1,3468.6,1153.3,715.1,533.0,3462.5,1087.7,788.6,3450.4,3445.5,356.1,317.4,321.3,318.2,278.3,259.9,3467.4,3457.6,500.4,377.8,407.5,831.1,639.2,424.7,2.0,4.0,1.0,9400.0,-10242.0,-4315.0,7520.0,-8.0,-12.0,-13.0,-5.0,-4.0,1.0,8556.0,-12524.0,-2551.0,5645.0,-18.0,-2.0,-4.0,1.0
2022-05-08 16:16:56.211016-07:00,647.3,785.2,1115.6,944.1,387.9,292.1,959.4,727.4,3457.6,3468.6,1153.3,715.1,538.6,3467.4,1089.5,795.2,3443.1,3450.4,353.7,314.4,321.3,318.2,278.3,259.9,3466.1,3457.6,505.1,378.6,407.5,831.1,639.2,427.0,2.0,-2.0,3.0,9403.0,-10240.0,-4314.0,7519.0,17.0,12.0,-1.0,-5.0,-8.0,-5.0,8560.0,-12521.0,-2550.0,5647.0,22.0,-5.0,-3.0,1.0
2022-05-08 16:16:56.240971-07:00,647.3,764.5,1116.5,944.9,387.9,292.1,959.4,725.8,3457.6,3475.9,1158.6,724.9,538.6,3467.4,1089.5,794.4,3446.7,3450.4,353.7,314.4,322.1,319.0,274.4,255.3,3462.5,3457.6,505.1,378.6,416.1,831.1,640.8,427.0,8.0,7.0,0.0,9405.0,-10238.0,-4313.0,7520.0,5.0,-12.0,-1.0,0.0,2.0,-3.0,8563.0,-12519.0,-2548.0,5647.0,0.0,-4.0,-2.0,1.0
2022-05-08 16:16:56.301069-07:00,640.8,764.5,1116.5,944.9,391.8,291.3,962.8,725.8,3473.4,3475.9,1158.6,724.9,533.8,3474.6,1084.2,794.4,3446.7,3443.1,356.8,315.9,322.1,319.0,274.4,262.2,3462.5,3457.6,505.1,377.0,416.1,831.1,640.8,424.7,0.0,-3.0,5.0,9404.0,-10239.0,-4315.0,7520.0,12.0,-7.0,4.0,-9.0,-6.0,6.0,8560.0,-12522.0,-2548.0,5645.0,13.0,-5.0,-2.0,1.0
2022-05-08 16:16:56.360857-07:00,640.8,765.3,1117.4,950.9,391.8,291.3,962.8,724.9,3473.4,3473.4,1161.2,715.9,533.8,3474.6,1084.2,789.4,3449.1,3443.1,356.8,315.9,319.7,311.3,274.4,262.2,3462.5,3457.6,505.1,377.0,416.1,829.4,639.2,424.7,2.0,2.0,3.0,9407.0,-10237.0,-4313.0,7521.0,18.0,9.0,0.0,-2.0,2.0,2.0,8565.0,-12518.0,-2547.0,5648.0,17.0,-3.0,-1.0,1.0
2022-05-08 16:16:56.421054-07:00,633.5,765.3,1117.4,950.9,402.8,295.1,961.1,724.9,3478.3,3473.4,1161.2,715.9,530.6,3472.2,1085.1,789.4,3449.1,3449.1,353.7,318.2,319.7,311.3,274.4,256.9,3462.5,3464.9,500.4,375.5,416.1,829.4,639.2,423.1,2.0,-8.0,4.0,9406.0,-10238.0,-4314.0,7520.0,-8.0,7.0,-5.0,-4.0,-5.0,0.0,8564.0,-12519.0,-2548.0,5648.0,-6.0,5.0,-1.0,1.0
2022-05-08 16:16:56.450984-07:00,633.5,767.8,1106.9,935.6,402.8,295.1,961.1,729.0,3478.3,3467.4,1157.7,711.0,530.6,3472.2,1085.1,790.2,3447.9,3449.1,353.7,318.2,322.1,318.2,276.0,256.9,3466.1,3464.9,500.4,375.5,402.8,826.9,633.5,423.1,4.0,4.0,2.0,9407.0,-10237.0,-4314.0,7520.0,-7.0,3.0,1.0,-2.0,1.0,0.0,8564.0,-12518.0,-2547.0,5648.0,1.0,1.0,2.0,1.0
2022-05-08 16:16:56.601004-07:00,633.5,767.8,1106.9,935.6,395.7,290.5,957.7,729.0,3461.3,3467.4,1157.7,711.0,532.2,3478.3,1082.5,790.2,3447.9,3451.6,354.5,313.6,322.1,318.2,276.0,259.2,3466.1,3461.3,501.2,377.0,402.8,826.9,633.5,423.1,3.0,0.0,2.0,9408.0,-10240.0,-4311.0,7516.0,-12.0,14.0,3.0,-2.0,-1.0,1.0,8563.0,-12519.0,-2548.0,5648.0,-14.0,7.0,-2.0,1.0
2022-05-08 16:16:56.631852-07:00,633.5,775.3,1105.1,942.4,395.7,290.5,959.4,723.3,3461.3,3463.7,1166.5,717.5,532.2,3478.3,1087.7,793.5,3447.9,3450.4,354.5,313.6,322.1,312.0,276.7,259.2,3457.6,3463.7,501.2,377.0,416.8,829.4,640.0,423.1,5.0,-1.0,3.0,9407.0,-10240.0,-4312.0,7516.0,6.0,-2.0,0.0,-2.0,-6.0,-2.0,8561.0,-12521.0,-2549.0,5647.0,3.0,-2.0,-4.0,1.0
2022-05-08 16:16:56.633651-07:00,644.9,756.3,1105.1,942.4,393.4,294.4,959.4,723.3,3467.4,3469.8,1166.5,717.5,533.8,3471.0,1087.7,793.5,3447.9,3450.4,356.8,311.3,322.1,312.0,272.1,258.4,3457.6,3463.7,501.2,380.2,416.8,829.4,635.9,423.1,0.0,0.0,5.0,9408.0,-10239.0,-4311.0,7516.0,2.0,4.0,1.0,-3.0,-5.0,3.0,8561.0,-12520.0,-2549.0,5647.0,0.0,2.0,0.0,1.0
2022-05-08 16:16:56.634811-07:00,644.9,756.3,1104.3,957.7,393.4,294.4,950.0,721.6,3467.4,3469.8,1153.3,722.5,533.8,3471.0,1081.6,787.7,3443.1,3446.7,356.8,311.3,319.0,319.7,272.1,258.4,3464.9,3466.1,501.2,380.2,413.7,831.9,635.9,423.1,4.0,0.0,1.0,9408.0,-10239.0,-4311.0,7516.0,8.0,4.0,0.0,-2.0,4.0,4.0,8561.0,-12520.0,-2549.0,5647.0,10.0,-3.0,-3.0,1.0
2022-05-08 16:16:56.691031-07:00,641.6,757.9,1104.3,957.7,391.8,292.8,950.0,721.6,3468.6,3472.2,1153.3,722.5,533.8,3472.2,1081.6,787.7,3443.1,3446.7,354.5,313.6,319.0,319.7,275.2,259.2,3464.9,3466.1,505.9,376.3,413.7,831.9,634.3,423.1,4.0,-3.0,0.0,9408.0,-10236.0,-4314.0,7519.0,13.0,-16.0,-2.0,-3.0,-3.0,-1.0,8562.0,-12519.0,-2548.0,5648.0,17.0,-7.0,-3.0,1.0
2022-05-08 16:16:56.750977-07:00,641.6,757.9,1100.8,945.8,391.8,292.8,952.6,724.1,3468.6,3472.2,1155.0,719.2,533.8,3472.2,1083.4,786.9,3447.9,3450.4,354.5,313.6,319.7,321.3,275.2,259.2,3460.1,3457.6,505.9,376.3,422.3,829.4,634.3,423.1,-1.0,-1.0,2.0,9409.0,-10235.0,-4313.0,7520.0,-4.0,4.0,-1.0,-6.0,-9.0,10.0,8564.0,-12518.0,-2547.0,5649.0,2.0,-1.0,0.0,1.0
2022-05-08 16:16:56.811035-07:00,632.7,759.6,1100.8,945.8,391.8,292.8,952.6,724.1,3469.8,3471.0,1155.0,719.2,535.4,3466.1,1083.4,786.9,3447.9,3450.4,354.5,316.7,319.7,321.3,279.8,261.4,3460.1,3457.6,504.4,377.8,422.3,829.4,637.6,420.0,3.0,0.0,4.0,9410.0,-10234.0,-4312.0,7520.0,12.0,10.0,-3.0,0.0,0.0,1.0,8565.0,-12517.0,-2547.0,5649.0,0.0,3.0,0.0,1.0
2022-05-08 16:16:56.840996-07:00,632.7,759.6,1103.4,947.5,391.8,292.8,956.0,721.6,3469.8,3471.0,1141.9,719.2,535.4,3466.1,1089.5,788.6,3449.1,3449.1,354.5,316.7,322.8,316.7,279.8,261.4,3464.9,3457.6,504.4,377.8,423.9,828.5,637.6,420.0,3.0,7.0,-1.0,9411.0,-10235.0,-4310.0,7519.0,6.0,2.0,1.0,-1.0,6.0,0.0,8565.0,-12517.0,-2547.0,5649.0,-2.0,2.0,0.0,1.0
2022-05-08 16:16:56.900975-07:00,640.0,757.9,1096.4,947.5,394.2,298.2,956.0,721.6,3468.6,3467.4,1148.9,719.2,533.8,3468.6,1089.5,788.6,3449.1,3449.1,353.7,312.0,322.8,318.2,272.1,258.4,3464.9,3457.6,510.7,378.6,423.9,824.4,635.1,423.1,0.0,-7.0,2.0,9409.0,-10237.0,-4312.0,7518.0,4.0,-6.0,0.0,-5.0,-2.0,0.0,8561.0,-12519.0,-2549.0,5648.0,7.0,1.0,-2.0,1.0
2022-05-08 16:16:56.961050-07:00,640.0,757.9,1096.4,944.1,394.2,292.8,952.6,733.2,3468.6,3467.4,1148.9,720.8,533.8,3467.4,1088.6,786.1,3451.6,3440.7,355.3,312.0,319.7,318.2,272.1,258.4,3473.4,3462.5,498.8,378.6,413.7,824.4,635.1,423.1,8.0,-1.0,3.0,9409.0,-10236.0,-4312.0,7519.0,2.0,-6.0,0.0,-3.0,0.0,1.0,8561.0,-12520.0,-2549.0,5648.0,4.0,-7.0,0.0,1.0
2022-05-08 16:16:56.991050-07:00,635.9,757.1,1102.5,944.1,394.2,292.8,952.6,733.2,3469.8,3457.6,1155.9,720.8,530.6,3467.4,1088.6,786.1,3451.6,3440.7,355.3,315.1,319.7,316.7,272.9,263.0,3473.4,3462.5,498.8,381.7,413.7,830.2,630.3,427.0,1.0,0.0,3.0,9411.0,-10234.0,-4312.0,7519.0,-10.0,-2.0,-13.0,-9.0,-8.0,5.0,8560.0,-12521.0,-2550.0,5648.0,-4.0,-2.0,-6.0,1.0
2022-05-08 16:16:57.050991-07:00,635.9,757.1,1102.5,953.4,394.2,292.8,956.8,724.9,3469.8,3457.6,1155.9,721.6,530.6,3457.6,1087.7,795.2,3449.1,3435.8,357.6,315.1,321.3,316.7,272.9,263.0,3467.4,3471.0,499.6,381.7,418.4,830.2,630.3,427.0,1.0,-7.0,2.0,9411.0,-10235.0,-4317.0,7515.0,-29.0,-12.0,-5.0,-3.0,-8.0,-1.0,8557.0,-12522.0,-2551.0,5647.0,-14.0,3.0,-3.0,1.0
2022-05-08 16:16:57.111003-07:00,637.6,755.4,1099.0,953.4,392.6,292.8,956.8,724.9,3467.4,3479.5,1149.8,721.6,530.6,3457.6,1087.7,795.2,3449.1,3435.8,357.6,315.9,321.3,317.4,278.3,260.7,3467.4,3471.0,499.6,380.2,418.4,824.4,626.2,423.1,1.0,-2.0,1.0,9409.0,-10235.0,-4320.0,7516.0,-10.0,-5.0,10.0,-3.0,-6.0,2.0,8557.0,-12522.0,-2551.0,5647.0,-8.0,4.0,2.0,1.0
2022-05-08 16:16:57.141035-07:00,637.6,755.4,1099.0,947.5,392.6,289.8,950.0,725.8,3467.4,3479.5,1149.8,714.2,530.6,3478.3,1082.5,783.6,3445.5,3450.4,355.3,315.9,324.4,317.4,278.3,260.7,3455.2,3468.6,504.4,380.2,412.9,824.4,626.2,423.1,2.0,10.0,3.0,9408.0,-10235.0,-4320.0,7517.0,-14.0,-4.0,-3.0,0.0,-1.0,1.0,8557.0,-12522.0,-2551.0,5647.0,-6.0,3.0,-3.0,1.0
2022-05-08 16:16:57.200975-07:00,635.9,759.6,1095.6,946.6,388.7,289.8,950.0,725.8,3473.4,3468.6,1154.2,718.4,536.2,3478.3,1082.5,783.6,3445.5,3450.4,355.3,311.3,324.4,319.0,276.7,259.9,3455.2,3468.6,504.4,379.4,417.6,831.9,646.5,426.2,0.0,0.0,1.0,9406.0,-10237.0,-4321.0,7516.0,8.0,0.0,5.0,-2.0,-2.0,4.0,8556.0,-12524.0,-2551.0,5646.0,15.0,-2.0,2.0,1.0
2022-05-08 16:16:57.261128-07:00,635.9,759.6,1095.6,946.6,385.6,293.6,939.8,720.0,3473.4,3468.6,1154.2,718.4,537.8,3473.4,1087.7,791.9,3446.7,3440.7,356.8,312.0,324.4,319.0,276.7,259.9,3471.0,3458.9,501.2,377.8,417.6,831.9,646.5,426.2,6.0,6.0,0.0,9407.0,-10236.0,-4321.0,7516.0,14.0,-4.0,-8.0,0.0,0.0,3.0,8561.0,-12520.0,-2548.0,5647.0,20.0,-6.0,-6.0,1.0
2022-05-08 16:16:57.321019-07:00,638.4,767.0,1096.4,947.5,385.6,293.6,939.8,720.0,3472.2,3457.6,1146.3,715.1,537.8,3473.4,1087.7,791.9,3446.7,3440.7,356.8,312.0,323.6,311.3,275.2,254.6,3471.0,3458.9,501.2,377.8,413.7,827.7,627.0,422.3,2.0,-7.0,2.0,9406.0,-10237.0,-4322.0,7515.0,-14.0,12.0,9.0,-8.0,-4.0,1.0,8559.0,-12522.0,-2549.0,5646.0,-20.0,12.0,-1.0,1.0
2022-05-08 16:16:57.351565-07:00,638.4,767.0,1096.4,947.5,396.5,313.6,954.3,720.0,3472.2,3457.6,1146.3,715.1,527.4,3457.6,1085.1,789.4,3447.9,3444.3,358.4,310.5,323.6,311.3,275.2,254.6,3461.3,3463.7,503.6,383.3,413.7,827.7,627.0,422.3,6.0,14.0,1.0,9403.0,-10242.0,-4319.0,7514.0,5.0,-9.0,0.0,4.0,3.0,4.0,8557.0,-12523.0,-2550.0,5646.0,8.0,-11.0,1.0,1.0
2022-05-08 16:16:57.440804-07:00,635.1,760.4,1099.0,944.1,396.5,313.6,954.3,720.0,3467.4,3475.9,1146.3,715.9,527.4,3457.6,1085.1,789.4,3447.9,3444.3,358.4,310.5,327.5,309.7,276.0,258.4,3461.3,3463.7,503.6,383.3,416.1,840.3,636.7,425.5,2.0,-2.0,5.0,9406.0,-10240.0,-4321.0,7513.0,3.0,6.0,-1.0,-3.0,-1.0,5.0,8557.0,-12523.0,-2550.0,5646.0,7.0,2.0,-2.0,1.0
2022-05-08 16:16:57.471520-07:00,635.1,760.4,1099.0,944.1,384.0,292.1,955.1,729.0,3467.4,3475.9,1146.3,715.9,535.4,3467.4,1085.1,796.0,3439.5,3447.9,354.5,314.4,327.5,309.7,276.0,258.4,3468.6,3467.4,505.1,373.2,416.1,840.3,636.7,425.5,0.0,1.0,3.0,9403.0,-10246.0,-4321.0,7508.0,-15.0,5.0,1.0,-3.0,-2.0,6.0,8552.0,-12528.0,-2551.0,5643.0,-15.0,9.0,3.0,1.0
2022-05-08 16:16:57.500975-07:00,639.2,753.8,1092.9,953.4,384.0,292.1,955.1,729.0,3478.3,3462.5,1144.5,715.1,535.4,3467.4,1085.1,796.0,3439.5,3447.9,354.5,314.4,323.6,314.4,278.3,260.7,3468.6,3467.4,505.1,373.2,415.3,828.5,627.8,423.1,3.0,0.0,2.0,9403.0,-10243.0,-4323.0,7510.0,20.0,-5.0,-8.0,-5.0,-4.0,-4.0,8554.0,-12526.0,-2551.0,5645.0,17.0,-10.0,-6.0,1.0
2022-05-08 16:16:57.561033-07:00,637.6,753.8,1092.9,953.4,389.5,302.0,945.8,724.1,3468.6,3462.5,1144.5,715.1,532.2,3461.3,1079.9,791.9,3445.5,3447.9,359.2,314.4,323.6,314.4,278.3,259.2,3466.1,3464.9,501.2,379.4,415.3,828.5,627.8,420.8,2.0,2.0,1.0,9405.0,-10241.0,-4322.0,7511.0,-15.0,0.0,4.0,0.0,-1.0,2.0,8556.0,-12525.0,-2550.0,5645.0,-13.0,2.0,-1.0,1.0
2022-05-08 16:16:57.591114-07:00,637.6,752.1,1090.3,943.2,389.5,302.0,945.8,716.7,3468.6,3471.0,1150.6,715.9,532.2,3461.3,1079.9,788.6,3454.0,3447.9,359.2,314.4,320.5,316.7,276.0,259.2,3457.6,3464.9,501.2,379.4,412.1,826.0,631.9,420.8,4.0,0.0,6.0,9402.0,-10244.0,-4325.0,7510.0,-6.0,-1.0,0.0,0.0,-3.0,0.0,8554.0,-12526.0,-2551.0,5645.0,-6.0,0.0,-3.0,1.0
2022-05-08 16:16:57.650964-07:00,642.4,752.1,1090.3,943.2,396.5,292.8,952.6,716.7,3471.0,3471.0,1150.6,715.9,530.6,3472.2,1085.1,788.6,3454.0,3447.9,354.5,315.1,320.5,316.7,276.0,253.8,3457.6,3463.7,500.4,372.4,412.1,826.0,631.9,420.8,4.0,0.0,4.0,9401.0,-10244.0,-4325.0,7510.0,4.0,-1.0,-2.0,0.0,0.0,5.0,8553.0,-12526.0,-2551.0,5645.0,2.0,1.0,-1.0,1.0
2022-05-08 16:16:57.681127-07:00,642.4,754.6,1089.5,952.6,396.5,292.8,952.6,723.3,3471.0,3467.4,1148.9,719.2,530.6,3472.2,1085.1,794.4,3449.1,3447.9,354.5,315.1,317.4,315.9,279.0,253.8,3463.7,3463.7,500.4,372.4,412.1,826.0,634.3,420.8,6.0,-10.0,2.0,9400.0,-10245.0,-4326.0,7510.0,-13.0,-1.0,-2.0,-8.0,-7.0,-4.0,8552.0,-12527.0,-2552.0,5644.0,-13.0,-1.0,0.0,1.0
2022-05-08 16:16:57.741255-07:00,633.5,754.6,1089.5,952.6,385.6,293.6,954.3,723.3,3478.3,3467.4,1148.9,719.2,530.6,3467.4,1082.5,794.4,3449.1,3437.0,363.1,315.9,317.4,315.9,279.0,260.7,3463.7,3461.3,503.6,379.4,412.1,826.0,634.3,420.0,5.0,6.0,1.0,9401.0,-10244.0,-4325.0,7510.0,0.0,-5.0,-4.0,0.0,-1.0,1.0,8556.0,-12524.0,-2551.0,5647.0,7.0,-9.0,-1.0,1.0
2022-05-08 16:16:57.801502-07:00,633.5,757.1,1075.6,946.6,385.6,293.6,954.3,718.4,3478.3,3461.3,1148.9,711.8,530.6,3467.4,1082.5,791.0,3441.9,3437.0,363.1,315.9,317.4,315.9,276.7,260.7,3463.7,3461.3,503.6,379.4,415.3,822.7,632.7,420.0,5.0,4.0,-1.0,9402.0,-10243.0,-4324.0,7511.0,8.0,-9.0,-6.0,-5.0,2.0,1.0,8558.0,-12522.0,-2550.0,5647.0,13.0,-5.0,-3.0,1.0
2022-05-08 16:16:57.831121-07:00,633.5,757.1,1075.6,946.6,396.5,291.3,956.8,718.4,3475.9,3461.3,1148.9,711.8,531.4,3472.2,1082.5,791.0,3441.9,3441.9,360.0,312.0,317.4,315.9,276.7,258.4,3463.7,3464.9,504.4,395.7,415.3,822.7,632.7,423.9,4.0,-2.0,6.0,9401.0,-10245.0,-4325.0,7510.0,9.0,3.0,6.0,-2.0,-9.0,0.0,8558.0,-12523.0,-2550.0,5647.0,11.0,-4.0,2.0,1.0
2022-05-08 16:16:57.891199-07:00,633.5,757.1,1085.1,946.6,396.5,291.3,944.1,715.1,3475.9,3469.8,1149.8,722.5,531.4,3472.2,1080.8,787.7,3449.1,3454.0,360.0,312.0,323.6,317.4,278.3,258.4,3457.6,3464.9,504.4,395.7,415.3,824.4,628.6,423.9,2.0,-3.0,3.0,9401.0,-10244.0,-4325.0,7510.0,6.0,-3.0,-5.0,-5.0,-1.0,6.0,8558.0,-12523.0,-2550.0,5647.0,2.0,-4.0,-4.0,1.0
2022-05-08 16:16:57.951651-07:00,635.9,763.7,1085.1,946.6,388.7,294.4,944.1,715.1,3467.4,3469.8,1149.8,722.5,533.8,3471.0,1080.8,787.7,3449.1,3454.0,357.6,318.2,323.6,317.4,271.4,259.2,3457.6,3464.9,506.7,377.8,415.3,824.4,639.2,425.5,7.0,-8.0,5.0,9401.0,-10244.0,-4325.0,7510.0,1.0,2.0,-4.0,0.0,-7.0,-1.0,8559.0,-12521.0,-2549.0,5647.0,4.0,1.0,-2.0,1.0
2022-05-08 16:16:57.981158-07:00,635.9,763.7,1091.2,947.5,388.7,294.4,949.2,720.8,3467.4,3469.8,1153.3,719.2,533.8,3471.0,1079.9,789.4,3450.4,3452.8,357.6,318.2,322.1,322.8,271.4,259.2,3471.0,3468.6,506.7,377.8,423.9,823.5,639.2,425.5,2.0,2.0,5.0,9403.0,-10243.0,-4323.0,7510.0,-10.0,6.0,-5.0,-5.0,4.0,3.0,8562.0,-12520.0,-2548.0,5648.0,-13.0,2.0,-3.0,1.0
2022-05-08 16:16:58.071634-07:00,637.6,751.3,1091.2,947.5,390.3,293.6,949.2,720.8,3474.6,3473.4,1153.3,719.2,531.4,3478.3,1079.9,789.4,3450.4,3452.8,358.4,315.1,322.1,322.8,276.0,259.2,3471.0,3468.6,499.6,377.8,423.9,823.5,632.7,427.0,6.0,1.0,1.0,9402.0,-10246.0,-4323.0,7508.0,3.0,11.0,-4.0,0.0,0.0,0.0,8559.0,-12522.0,-2549.0,5646.0,1.0,1.0,2.0,1.0
2022-05-08 16:16:58.131216-07:00,637.6,751.3,1081.6,947.5,390.3,293.6,949.2,722.5,3474.6,3473.4,1144.5,710.1,531.4,3478.3,1086.0,786.1,3449.1,3440.7,358.4,315.1,314.4,314.4,276.0,259.2,3457.6,3467.4,499.6,377.8,422.3,831.9,632.7,427.0,3.0,2.0,1.0,9404.0,-10245.0,-4322.0,7508.0,-1.0,7.0,-7.0,-5.0,-3.0,1.0,8562.0,-12520.0,-2547.0,5646.0,1.0,-5.0,-5.0,1.0
2022-05-08 16:16:58.132811-07:00,643.2,751.3,1081.6,947.5,395.0,292.8,949.2,722.5,3468.6,3462.5,1144.5,710.1,536.2,3468.6,1086.0,786.1,3449.1,3440.7,358.4,315.1,314.4,314.4,276.0,257.6,3457.6,3467.4,505.9,377.0,422.3,831.9,631.9,430.9,1.0,-2.0,2.0,9404.0,-10245.0,-4322.0,7508.0,-9.0,-5.0,3.0,-2.0,-8.0,6.0,8560.0,-12521.0,-2548.0,5646.0,-11.0,6.0,3.0,1.0
2022-05-08 16:16:58.221139-07:00,643.2,751.3,1085.1,946.6,395.0,293.6,949.2,725.8,3468.6,3462.5,1148.9,717.5,536.2,3467.4,1086.8,786.1,3444.3,3449.1,355.3,315.1,322.1,316.7,276.0,257.6,3472.2,3463.7,502.8,377.0,416.1,826.0,631.9,430.9,5.0,4.0,4.0,9404.0,-10244.0,-4322.0,7509.0,10.0,2.0,3.0,-2.0,0.0,4.0,8560.0,-12521.0,-2548.0,5646.0,11.0,-5.0,-3.0,1.0
2022-05-08 16:16:58.251155-07:00,634.3,752.1,1082.5,946.6,391.1,293.6,949.2,725.8,3474.6,3462.5,1147.1,717.5,537.0,3467.4,1086.8,786.1,3444.3,3449.1,355.3,319.0,322.1,319.7,271.4,259.2,3472.2,3463.7,502.8,380.9,416.1,821.0,631.9,423.1,5.0,1.0,6.0,9403.0,-10245.0,-4323.0,7509.0,-21.0,0.0,-1.0,10.0,0.0,1.0,8558.0,-12525.0,-2548.0,5643.0,-27.0,23.0,-4.0,1.0
2022-05-08 16:16:58.310946-07:00,634.3,752.1,1082.5,946.6,391.1,290.5,942.4,724.1,3474.6,3462.5,1147.1,720.8,537.0,3471.0,1079.9,791.9,3437.0,3449.1,353.7,319.0,325.1,319.7,271.4,259.2,3471.0,3461.3,497.2,380.9,423.9,821.0,631.9,423.1,12.0,25.0,6.0,9370.0,-10280.0,-4334.0,7496.0,-213.0,72.0,41.0,3.0,11.0,1.0,8532.0,-12562.0,-2547.0,5600.0,-230.0,148.0,-28.0,1.0
2022-05-08 16:16:58.341078-07:00,640.8,757.9,1226.6,946.6,395.0,290.5,942.4,724.1,3472.2,3467.4,1146.3,720.8,532.2,3471.0,1079.9,791.9,3437.0,3449.1,353.7,314.4,325.1,318.2,273.7,256.1,3471.0,3461.3,497.2,377.0,423.9,823.5,633.5,423.9,6.0,72.0,-23.0,9314.0,-10340.0,-4384.0,7454.0,-259.0,-74.0,-140.0,17.0,20.0,29.0,8398.0,-12701.0,-2588.0,5467.0,-627.0,289.0,-125.0,1.0
2022-05-08 16:16:58.401819-07:00,640.8,757.9,1226.6,945.8,395.0,299.7,952.6,715.1,3472.2,3467.4,1146.3,714.2,532.2,3467.4,1085.1,785.2,3447.9,3449.1,355.3,314.4,317.4,318.2,273.7,256.1,3461.3,3460.1,514.7,377.0,413.7,823.5,633.5,423.9,0.0,-20.0,-47.0,9266.0,-10314.0,-4553.0,7448.0,-146.0,-397.0,-251.0,-10.0,2.0,-16.0,8263.0,-12841.0,-2674.0,5302.0,-435.0,207.0,-220.0,1.0
2022-05-08 16:16:58.491015-07:00,635.9,799.4,1099.0,945.8,400.4,299.7,952.6,715.1,3474.6,3464.9,1129.6,714.2,533.8,3467.4,1085.1,785.2,3447.9,3449.1,355.3,313.6,317.4,317.4,284.4,259.2,3461.3,3460.1,514.7,381.7,413.7,821.0,614.1,421.5,1.0,-59.0,-18.0,9187.0,-10267.0,-4752.0,7486.0,-261.0,-364.0,-129.0,23.0,-2.0,-29.0,8132.0,-12962.0,-2767.0,5161.0,-489.0,169.0,-166.0,1.0
2022-05-08 16:16:58.492964-07:00,635.9,799.4,1099.0,939.8,400.4,295.1,943.2,720.8,3474.6,3464.9,1129.6,715.9,533.8,3464.9,1079.9,786.1,3454.0,3443.1,360.0,313.6,324.4,317.4,284.4,259.2,3464.9,3464.9,503.6,381.7,421.5,821.0,614.1,421.5,10.0,44.0,-15.0,9118.0,-10216.0,-4900.0,7546.0,-146.0,-362.0,-124.0,-51.0,-32.0,2.0,8035.0,-13046.0,-2846.0,5059.0,-453.0,132.0,-181.0,1.0
2022-05-08 16:16:58.551960-07:00,641.6,824.4,956.8,948.3,394.2,295.1,943.2,720.8,3463.7,3478.3,1113.9,711.8,533.8,3464.9,1079.9,786.1,3454.0,3443.1,360.0,307.4,321.3,315.9,283.6,261.4,3464.9,3464.9,503.6,385.6,416.1,819.4,630.3,420.0,2.0,-39.0,47.0,9059.0,-10176.0,-5058.0,7565.0,-150.0,-245.0,-147.0,-11.0,-40.0,11.0,7924.0,-13133.0,-2934.0,4955.0,-382.0,95.0,-155.0,1.0
2022-05-08 16:16:58.581081-07:00,641.6,824.4,956.8,948.3,392.6,302.0,931.3,720.0,3463.7,3478.3,1113.9,711.8,537.8,3488.0,1091.2,784.4,3446.7,3458.9,354.5,315.1,321.3,315.9,283.6,261.4,3464.9,3469.8,503.6,379.4,416.1,819.4,630.3,420.0,-6.0,-29.0,44.0,9027.0,-10174.0,-5149.0,7545.0,-262.0,-42.0,-105.0,5.0,-3.0,2.0,7835.0,-13201.0,-2991.0,4881.0,-180.0,73.0,-35.0,1.0
2022-05-08 16:16:58.641676-07:00,648.1,850.3,913.5,941.5,392.6,302.0,931.3,720.0,3467.4,3479.5,1111.2,718.4,537.8,3488.0,1091.2,784.4,3446.7,3458.9,354.5,315.1,322.1,311.3,284.4,259.9,3464.9,3469.8,503.6,379.4,420.8,828.5,619.7,416.8,-7.0,0.0,-2.0,9025.0,-10182.0,-5191.0,7508.0,-26.0,40.0,-91.0,0.0,-5.0,0.0,7790.0,-13239.0,-3008.0,4840.0,-77.0,50.0,-25.0,1.0
2022-05-08 16:16:58.701092-07:00,648.1,850.3,913.5,941.5,391.8,296.7,929.6,720.8,3467.4,3479.5,1111.2,718.4,541.0,3471.0,1084.2,784.4,3452.8,3449.1,354.5,315.1,322.1,311.3,284.4,259.9,3473.4,3458.9,510.7,383.3,420.8,828.5,619.7,416.8,-6.0,-28.0,-7.0,9038.0,-10179.0,-5218.0,7478.0,-45.0,31.0,-68.0,-8.0,-2.0,-21.0,7772.0,-13254.0,-3017.0,4822.0,-59.0,20.0,-8.0,1.0
2022-05-08 16:16:58.731328-07:00,657.0,854.5,907.6,939.0,391.8,296.7,929.6,720.8,3473.4,3472.2,1102.5,721.6,541.0,3471.0,1084.2,784.4,3452.8,3449.1,354.5,315.1,325.9,324.4,284.4,266.0,3473.4,3458.9,510.7,383.3,413.7,841.9,615.7,419.2,-4.0,13.0,-17.0,9051.0,-10184.0,-5202.0,7467.0,43.0,47.0,20.0,0.0,-9.0,2.0,7775.0,-13251.0,-3011.0,4829.0,48.0,-25.0,14.0,1.0
2022-05-08 16:16:58.791018-07:00,657.0,854.5,907.6,939.0,389.5,296.7,916.0,713.4,3473.4,3472.2,1102.5,721.6,530.6,3472.2,1089.5,789.4,3450.4,3444.3,354.5,312.0,325.9,324.4,284.4,266.0,3461.3,3455.2,494.0,379.4,413.7,841.9,615.7,419.2,12.0,3.0,-6.0,9055.0,-10162.0,-5218.0,7479.0,14.0,-93.0,-40.0,7.0,18.0,-12.0,7785.0,-13241.0,-3018.0,4837.0,10.0,-16.0,-30.0,1.0
2022-05-08 16:16:58.851662-07:00,648.9,851.1,899.1,932.2,389.5,296.7,916.0,702.8,3477.1,3463.7,1099.0,721.6,530.6,3472.2,1089.5,791.9,3439.5,3444.3,354.5,312.0,325.1,316.7,280.6,262.2,3456.4,3455.2,494.0,379.4,415.3,826.0,609.2,415.3,0.0,2.0,13.0,9056.0,-10161.0,-5217.0,7480.0,23.0,57.0,26.0,0.0,-5.0,8.0,7786.0,-13239.0,-3017.0,4842.0,25.0,-6.0,22.0,1.0
2022-05-08 16:16:58.881712-07:00,655.4,851.1,899.1,932.2,388.7,292.8,911.8,702.8,3467.4,3463.7,1099.0,721.6,530.6,3467.4,1083.4,791.9,3439.5,3447.9,360.7,312.8,325.1,316.7,280.6,258.4,3456.4,3466.1,513.1,381.7,415.3,826.0,609.2,413.7,6.0,15.0,4.0,9055.0,-10172.0,-5200.0,7479.0,-26.0,9.0,7.0,4.0,6.0,3.0,7783.0,-13241.0,-3013.0,4844.0,-16.0,9.0,2.0,1.0
2022-05-08 16:16:58.941915-07:00,655.4,844.4,885.6,932.2,388.7,292.8,911.8,708.5,3467.4,3467.4,1095.6,721.6,530.6,3467.4,1083.4,795.2,3443.1,3447.9,360.7,312.8,325.1,315.1,280.6,258.4,3464.9,3466.1,513.1,381.7,414.5,823.5,616.5,413.7,4.0,-14.0,-6.0,9055.0,-10177.0,-5202.0,7471.0,-23.0,26.0,-1.0,-3.0,0.0,-17.0,7777.0,-13246.0,-3012.0,4839.0,-34.0,20.0,11.0,1.0
2022-05-08 16:16:59.031052-07:00,654.6,844.4,885.6,932.2,392.6,298.2,903.4,708.5,3467.4,3467.4,1095.6,721.6,536.2,3467.4,1086.0,795.2,3443.1,3445.5,348.3,311.3,325.1,315.1,280.6,261.4,3464.9,3467.4,498.0,380.9,414.5,823.5,616.5,417.6,5.0,1.0,-3.0,9053.0,-10194.0,-5185.0,7462.0,20.0,44.0,43.0,0.0,-3.0,-1.0,7777.0,-13246.0,-3004.0,4844.0,43.0,-15.0,25.0,1.0
2022-05-08 16:16:59.032488-07:00,654.6,847.0,874.7,938.1,392.6,298.2,903.4,710.1,3467.4,3473.4,1093.8,721.6,536.2,3467.4,1086.0,787.7,3455.2,3445.5,348.3,311.3,323.6,317.4,285.2,261.4,3457.6,3467.4,498.0,380.9,414.5,816.0,619.7,417.6,6.0,-1.0,0.0,9054.0,-10193.0,-5178.0,7467.0,-19.0,-23.0,-15.0,2.0,2.0,-6.0,7782.0,-13242.0,-3002.0,4849.0,0.0,-7.0,-7.0,1.0
2022-05-08 16:16:59.090993-07:00,651.4,847.0,874.7,938.1,390.3,295.9,903.4,710.1,3480.7,3473.4,1093.8,721.6,537.0,3479.5,1083.4,787.7,3455.2,3449.1,354.5,312.0,323.6,317.4,285.2,258.4,3457.6,3456.4,505.1,377.8,414.5,816.0,619.7,409.8,-2.0,-8.0,0.0,9057.0,-10185.0,-5182.0,7471.0,12.0,-6.0,15.0,-2.0,-3.0,-6.0,7788.0,-13237.0,-3003.0,4854.0,-4.0,-5.0,5.0,1.0
2022-05-08 16:16:59.180799-07:00,651.4,841.1,873.0,932.2,390.3,295.9,903.4,704.4,3480.7,3474.6,1091.2,719.2,537.0,3479.5,1083.4,790.2,3444.3,3449.1,354.5,312.0,321.3,318.2,281.3,258.4,3458.9,3456.4,505.1,377.8,417.6,818.5,614.9,409.8,10.0,13.0,4.0,9051.0,-10189.0,-5176.0,7476.0,11.0,2.0,26.0,7.0,13.0,-2.0,7788.0,-13236.0,-3000.0,4856.0,4.0,2.0,7.0,1.0
2022-05-08 16:16:59.182486-07:00,654.6,840.3,873.0,932.2,390.3,300.5,905.0,704.4,3473.4,3473.4,1091.2,719.2,538.6,3475.9,1082.5,790.2,3444.3,3447.9,356.1,311.3,321.3,318.2,281.3,261.4,3458.9,3460.1,506.7,373.2,417.6,818.5,619.7,409.8,0.0,0.0,-4.0,9050.0,-10199.0,-5163.0,7474.0,-1.0,31.0,30.0,0.0,-1.0,-5.0,7788.0,-13237.0,-2998.0,4857.0,-5.0,5.0,14.0,1.0
2022-05-08 16:16:59.240895-07:00,654.6,840.3,866.3,933.0,390.3,300.5,901.7,712.6,3473.4,3473.4,1085.1,722.5,538.6,3475.9,1083.4,788.6,3451.6,3446.7,356.1,311.3,325.9,315.9,281.3,261.4,3467.4,3460.1,506.7,373.2,417.6,825.2,619.7,409.8,4.0,9.0,-6.0,9046.0,-10207.0,-5156.0,7472.0,-9.0,9.0,5.0,2.0,3.0,-1.0,7785.0,-13239.0,-2996.0,4858.0,5.0,3.0,1.0,1.0
2022-05-08 16:16:59.301005-07:00,652.2,843.6,866.3,933.0,382.5,292.8,901.7,712.6,3477.1,3472.2,1085.1,722.5,530.6,3478.3,1083.4,788.6,3451.6,3446.7,361.5,312.8,325.9,315.9,274.4,257.6,3467.4,3460.1,502.0,391.1,417.6,825.2,615.7,419.2,0.0,-12.0,-2.0,9047.0,-10208.0,-5155.0,7470.0,-1.0,17.0,8.0,-3.0,-4.0,-11.0,7784.0,-13239.0,-2996.0,4857.0,3.0,-4.0,6.0,1.0
2022-05-08 16:16:59.331048-07:00,652.2,843.6,854.5,931.3,382.5,292.8,898.3,708.5,3477.1,3472.2,1083.4,721.6,530.6,3478.3,1081.6,792.7,3443.1,3445.5,361.5,312.8,320.5,318.2,274.4,257.6,3456.4,3467.4,502.0,391.1,417.6,825.2,615.7,419.2,6.0,9.0,1.0,9042.0,-10213.0,-5147.0,7475.0,-5.0,0.0,24.0,4.0,-6.0,1.0,7784.0,-13239.0,-2995.0,4857.0,17.0,-10.0,3.0,1.0
2022-05-08 16:16:59.391100-07:00,653.8,841.9,854.5,931.3,387.2,292.8,898.3,708.5,3468.6,3464.9,1083.4,721.6,537.8,3463.7,1081.6,792.7,3443.1,3445.5,354.5,315.1,320.5,318.2,285.9,256.9,3456.4,3467.4,502.8,383.3,417.6,825.2,615.7,423.9,-10.0,-3.0,-1.0,9045.0,-10211.0,-5144.0,7477.0,1.0,-2.0,-7.0,-5.0,-3.0,-1.0,7789.0,-13235.0,-2995.0,4861.0,3.0,0.0,-6.0,1.0
2022-05-08 16:16:59.451127-07:00,653.8,841.9,858.7,930.5,387.2,292.8,897.4,717.5,3468.6,3464.9,1088.6,720.0,537.8,3463.7,1079.0,788.6,3438.2,3446.7,354.5,315.1,320.5,315.1,285.9,256.9,3457.6,3472.2,502.8,383.3,419.2,820.2,615.7,423.9,7.0,1.0,3.0,9044.0,-10214.0,-5141.0,7476.0,13.0,32.0,17.0,5.0,1.0,-1.0,7789.0,-13235.0,-2994.0,4862.0,12.0,-6.0,14.0,1.0
2022-05-08 16:16:59.511087-07:00,646.5,836.1,858.7,930.5,384.0,292.8,897.4,717.5,3466.1,3467.4,1088.6,720.0,533.0,3467.4,1079.0,788.6,3438.2,3446.7,356.1,314.4,320.5,315.1,277.5,260.7,3457.6,3472.2,498.0,386.4,419.2,820.2,612.5,416.1,-2.0,-3.0,-8.0,9050.0,-10217.0,-5139.0,7466.0,9.0,20.0,-26.0,1.0,-1.0,3.0,7790.0,-13234.0,-2991.0,4863.0,14.0,-9.0,1.0,1.0
2022-05-08 16:16:59.541064-07:00,646.5,836.1,855.3,929.6,384.0,295.9,894.9,710.1,3466.1,3467.4,1105.1,718.4,533.0,3469.8,1083.4,795.2,3455.2,3440.7,360.0,314.4,322.8,315.1,277.5,260.7,3468.6,3467.4,500.4,386.4,412.9,821.0,612.5,416.1,4.0,-8.0,-5.0,9055.0,-10208.0,-5141.0,7471.0,-4.0,-24.0,4.0,0.0,-5.0,-15.0,7799.0,-13227.0,-2991.0,4870.0,2.0,-11.0,2.0,1.0
2022-05-08 16:16:59.630998-07:00,650.5,836.1,854.5,929.6,385.6,295.9,894.9,710.1,3473.4,3467.4,1088.6,718.4,533.0,3469.8,1083.4,795.2,3455.2,3440.7,360.0,312.8,322.8,314.4,282.9,259.2,3468.6,3467.4,500.4,380.2,412.9,821.0,614.9,412.9,0.0,8.0,-4.0,9053.0,-10210.0,-5141.0,7470.0,11.0,0.0,5.0,-2.0,6.0,-3.0,7799.0,-13227.0,-2990.0,4870.0,12.0,-7.0,2.0,1.0
2022-05-08 16:16:59.632478-07:00,650.5,836.1,854.5,935.6,385.6,292.8,896.6,708.5,3473.4,3467.4,1088.6,715.1,533.0,3472.2,1080.8,789.4,3454.0,3443.1,356.8,312.8,320.5,314.4,282.9,259.2,3454.0,3462.5,501.2,380.2,418.4,821.0,614.9,412.9,3.0,-3.0,1.0,9059.0,-10204.0,-5138.0,7473.0,15.0,-12.0,-4.0,1.0,-4.0,1.0,7805.0,-13221.0,-2990.0,4876.0,16.0,-10.0,-4.0,1.0
2022-05-08 16:16:59.691702-07:00,653.0,836.1,852.0,935.6,381.7,292.8,896.6,708.5,3472.2,3473.4,1068.6,715.1,537.0,3472.2,1080.8,789.4,3454.0,3443.1,356.8,310.5,320.5,317.4,279.8,257.6,3454.0,3462.5,501.2,386.4,418.4,821.9,607.6,410.6,5.0,6.0,-1.0,9055.0,-10205.0,-5142.0,7474.0,-20.0,2.0,4.0,0.0,0.0,-4.0,7804.0,-13222.0,-2991.0,4876.0,-8.0,-1.0,5.0,1.0
2022-05-08 16:16:59.721066-07:00,653.0,836.1,852.0,933.0,381.7,296.7,893.2,706.9,3472.2,3473.4,1068.6,722.5,537.0,3467.4,1083.4,791.0,3447.9,3446.7,359.2,310.5,322.8,317.4,279.8,257.6,3471.0,3458.9,498.8,386.4,415.3,821.9,607.6,410.6,10.0,-2.0,-4.0,9055.0,-10207.0,-5142.0,7472.0,3.0,0.0,-1.0,6.0,3.0,-9.0,7803.0,-13222.0,-2991.0,4876.0,8.0,1.0,-3.0,1.0
2022-05-08 16:16:59.781121-07:00,653.0,834.4,844.4,933.0,384.0,296.7,893.2,706.9,3471.0,3469.8,1079.0,722.5,529.0,3467.4,1083.4,791.0,3447.9,3446.7,359.2,311.3,322.8,321.3,274.4,256.1,3471.0,3458.9,498.8,380.9,415.3,816.9,607.6,412.1,4.0,2.0,-3.0,9053.0,-10209.0,-5139.0,7473.0,0.0,-7.0,19.0,-1.0,0.0,-6.0,7804.0,-13222.0,-2991.0,4876.0,7.0,-5.0,7.0,1.0
2022-05-08 16:16:59.871050-07:00,653.0,834.4,844.4,934.7,392.6,295.9,890.7,710.1,3471.0,3469.8,1079.0,718.4,535.4,3464.9,1085.1,791.0,3446.7,3449.1,358.4,315.1,326.7,321.3,274.4,256.1,3460.1,3461.3,501.2,386.4,414.5,816.9,607.6,412.1,-5.0,13.0,-5.0,9054.0,-10211.0,-5136.0,7471.0,2.0,14.0,1.0,-5.0,6.0,-3.0,7804.0,-13221.0,-2992.0,4877.0,1.0,0.0,-2.0,1.0
2022-05-08 16:16:59.873020-07:00,653.0,832.7,849.5,929.6,392.6,295.9,890.7,710.1,3479.5,3467.4,1082.5,715.1,535.4,3464.9,1085.1,791.0,3446.7,3449.1,358.4,315.1,318.2,316.7,274.4,263.0,3460.1,3461.3,501.2,386.4,415.3,819.4,610.0,411.4,0.0,-9.0,5.0,9052.0,-10216.0,-5135.0,7467.0,-7.0,22.0,15.0,-5.0,-5.0,-2.0,7800.0,-13224.0,-2993.0,4876.0,-1.0,2.0,6.0,1.0
2022-05-08 16:16:59.931140-07:00,653.0,832.7,849.5,929.6,385.6,299.0,884.8,706.0,3479.5,3467.4,1082.5,715.1,527.4,3468.6,1083.4,790.2,3443.1,3447.9,361.5,309.7,318.2,316.7,274.4,263.0,3466.1,3464.9,501.2,382.5,415.3,819.4,610.0,411.4,5.0,10.0,0.0,9050.0,-10221.0,-5128.0,7466.0,-13.0,9.0,1.0,2.0,5.0,-4.0,7799.0,-13224.0,-2991.0,4877.0,-4.0,4.0,2.0,1.0
2022-05-08 16:16:59.990952-07:00,653.8,831.1,845.3,925.4,385.6,299.0,884.8,706.0,3474.6,3473.4,1081.6,719.2,527.4,3468.6,1083.4,790.2,3443.1,3447.9,361.5,309.7,321.3,315.1,277.5,261.4,3466.1,3464.9,501.2,382.5,419.2,815.2,607.6,409.0,6.0,-7.0,-5.0,9052.0,-10225.0,-5126.0,7463.0,1.0,-1.0,4.0,2.0,-6.0,-6.0,7799.0,-13224.0,-2991.0,4877.0,2.0,-1.0,3.0,1.0
2022-05-08 16:17:00.051244-07:00,653.8,831.1,845.3,925.4,380.9,295.9,893.2,709.3,3474.6,3473.4,1081.6,719.2,537.8,3479.5,1090.3,792.7,3456.4,3447.9,358.4,315.1,321.3,315.1,277.5,261.4,3472.2,3464.9,498.0,381.7,419.2,815.2,607.6,409.0,12.0,-6.0,8.0,9049.0,-10227.0,-5128.0,7461.0,10.0,9.0,9.0,6.0,-5.0,-6.0,7798.0,-13225.0,-2991.0,4877.0,13.0,-3.0,2.0,1.0
2022-05-08 16:17:00.081636-07:00,648.1,830.2,843.6,927.9,380.9,295.9,893.2,709.3,3466.1,3457.6,1081.6,716.7,537.8,3479.5,1090.3,792.7,3456.4,3447.9,358.4,315.1,323.6,319.7,276.7,259.2,3472.2,3464.9,498.0,381.7,416.8,817.7,613.3,409.8,-12.0,3.0,-2.0,9049.0,-10227.0,-5127.0,7461.0,-15.0,3.0,-1.0,-16.0,1.0,0.0,7798.0,-13225.0,-2991.0,4877.0,-8.0,-4.0,-1.0,1.0
2022-05-08 16:17:00.141091-07:00,648.1,830.2,843.6,927.9,383.3,295.1,884.8,707.7,3466.1,3457.6,1081.6,716.7,536.2,3466.1,1083.4,791.0,3447.9,3449.1,355.3,312.8,323.6,319.7,276.7,259.2,3467.4,3464.9,494.0,380.9,416.8,817.7,613.3,409.8,1.0,3.0,-7.0,9050.0,-10228.0,-5125.0,7460.0,-9.0,17.0,4.0,-1.0,-2.0,-11.0,7800.0,-13224.0,-2990.0,4877.0,-5.0,4.0,5.0,1.0
2022-05-08 16:17:00.171193-07:00,648.9,831.1,838.6,927.1,383.3,295.1,884.8,705.2,3468.6,3469.8,1079.9,716.7,536.2,3466.1,1083.4,790.2,3454.0,3449.1,355.3,312.8,324.4,314.4,276.7,260.7,3471.0,3464.9,494.0,380.9,415.3,813.5,607.6,411.4,-3.0,-1.0,-8.0,9053.0,-10234.0,-5119.0,7453.0,-10.0,18.0,0.0,-8.0,0.0,-6.0,7800.0,-13224.0,-2990.0,4877.0,0.0,-3.0,2.0,1.0
2022-05-08 16:17:00.230957-07:00,654.6,831.1,838.6,927.1,384.8,295.1,884.8,705.2,3483.2,3469.8,1079.9,716.7,533.8,3462.5,1080.8,790.2,3454.0,3452.8,353.0,318.2,324.4,314.4,276.7,261.4,3471.0,3462.5,498.8,386.4,415.3,813.5,607.6,414.5,13.0,2.0,-1.0,9053.0,-10235.0,-5119.0,7452.0,-10.0,-5.0,5.0,7.0,0.0,-9.0,7801.0,-13223.0,-2990.0,4878.0,-4.0,-9.0,4.0,1.0
2022-05-08 16:17:00.291630-07:00,654.6,822.7,841.1,918.6,384.8,295.1,884.8,706.9,3483.2,3477.1,1091.2,718.4,533.8,3462.5,1080.8,787.7,3457.6,3452.8,353.0,318.2,321.3,318.2,280.6,261.4,3463.7,3462.5,498.8,386.4,418.4,821.0,610.0,414.5,6.0,1.0,-2.0,9055.0,-10233.0,-5120.0,7451.0,14.0,6.0,-6.0,-2.0,0.0,0.0,7803.0,-13220.0,-2991.0,4882.0,13.0,-13.0,-3.0,1.0
2022-05-08 16:17:00.321127-07:00,650.5,822.7,841.1,918.6,384.8,292.8,892.4,706.9,3473.4,3477.1,1091.2,718.4,537.8,3483.2,1081.6,787.7,3457.6,3454.0,360.0,316.7,321.3,318.2,280.6,260.7,3463.7,3477.1,497.2,378.6,418.4,821.0,610.0,414.5,5.0,-6.0,0.0,9051.0,-10236.0,-5120.0,7451.0,-14.0,1.0,15.0,3.0,-1.0,-3.0,7804.0,-13219.0,-2991.0,4882.0,2.0,-2.0,3.0,1.0
2022-05-08 16:17:00.381566-07:00,650.5,827.7,846.1,925.4,384.8,292.8,892.4,701.9,3473.4,3466.1,1086.8,722.5,537.8,3483.2,1081.6,791.0,3450.4,3454.0,360.0,316.7,327.5,317.4,276.0,260.7,3467.4,3477.1,497.2,378.6,418.4,817.7,608.4,414.5,-2.0,8.0,0.0,9052.0,-10239.0,-5115.0,7450.0,15.0,17.0,4.0,-4.0,2.0,4.0,7805.0,-13218.0,-2990.0,4883.0,21.0,-7.0,2.0,1.0
2022-05-08 16:17:00.441053-07:00,645.7,827.7,846.1,925.4,398.9,294.4,883.9,701.9,3475.9,3466.1,1086.8,722.5,531.4,3473.4,1087.7,791.0,3450.4,3451.6,357.6,308.2,327.5,317.4,276.0,263.0,3467.4,3460.1,497.2,391.8,418.4,817.7,608.4,410.6,4.0,-3.0,3.0,9052.0,-10242.0,-5114.0,7446.0,-12.0,20.0,-11.0,-1.0,-1.0,-2.0,7808.0,-13217.0,-2989.0,4883.0,5.0,-1.0,5.0,1.0
2022-05-08 16:17:00.471076-07:00,645.7,826.9,840.3,922.8,398.9,294.4,883.9,698.7,3475.9,3473.4,1084.2,715.9,531.4,3473.4,1087.7,787.7,3450.4,3451.6,357.6,308.2,327.5,319.7,282.1,263.0,3471.0,3460.1,497.2,391.8,418.4,819.4,610.0,410.6,1.0,-6.0,-2.0,9054.0,-10247.0,-5108.0,7440.0,-9.0,18.0,11.0,-2.0,-6.0,0.0,7809.0,-13216.0,-2989.0,4884.0,9.0,-2.0,8.0,1.0
2022-05-08 16:17:00.591231-07:00,651.4,819.4,840.3,922.8,384.0,297.4,889.0,698.7,3466.1,3469.8,1084.2,715.9,531.4,3472.2,1083.4,787.7,3450.4,3440.7,353.0,315.1,327.5,319.7,279.0,256.1,3471.0,3456.4,497.2,379.4,418.4,819.4,613.3,416.1,1.0,7.0,-4.0,9054.0,-10254.0,-5099.0,7437.0,-13.0,29.0,11.0,-4.0,2.0,-5.0,7812.0,-13215.0,-2987.0,4885.0,-3.0,-5.0,12.0,1.0
2022-05-08 16:17:00.593310-07:00,651.4,819.4,836.9,927.1,384.0,297.4,888.2,697.9,3466.1,3469.8,1084.2,717.5,531.4,3472.2,1086.0,789.4,3452.8,3443.1,353.0,315.1,321.3,317.4,279.0,256.1,3447.9,3462.5,497.2,379.4,420.8,811.0,613.3,416.1,1.0,4.0,3.0,9060.0,-10263.0,-5089.0,7424.0,-3.0,54.0,8.0,-5.0,0.0,1.0,7813.0,-13214.0,-2981.0,4888.0,16.0,1.0,16.0,1.0
2022-05-08 16:17:00.651113-07:00,648.9,821.9,836.9,927.1,382.5,297.4,888.2,697.9,3473.4,3478.3,1084.2,717.5,534.6,3475.9,1086.0,789.4,3452.8,3443.1,356.1,315.9,321.3,317.4,279.8,259.9,3447.9,3462.5,497.2,384.8,420.8,811.0,613.3,412.1,0.0,4.0,-12.0,9061.0,-10268.0,-5086.0,7418.0,-1.0,-13.0,-10.0,-4.0,9.0,-6.0,7817.0,-13211.0,-2975.0,4893.0,17.0,-13.0,5.0,1.0
2022-05-08 16:17:00.741132-07:00,648.9,821.9,860.4,933.0,382.5,297.4,887.3,707.7,3473.4,3478.3,1086.8,719.2,534.6,3475.9,1087.7,793.5,3446.7,3451.6,356.1,315.9,322.1,319.7,279.8,259.9,3469.8,3457.6,497.2,384.8,416.1,815.2,613.3,412.1,-2.0,-8.0,-2.0,9059.0,-10262.0,-5092.0,7425.0,11.0,-19.0,-1.0,-3.0,-2.0,-6.0,7821.0,-13208.0,-2975.0,4897.0,28.0,-16.0,0.0,1.0
2022-05-08 16:17:00.743341-07:00,639.2,818.5,860.4,933.0,376.3,296.7,887.3,707.7,3467.4,3473.4,1086.8,719.2,536.2,3473.4,1087.7,793.5,3446.7,3451.6,360.7,315.1,322.1,319.7,274.4,259.9,3469.8,3457.6,498.8,377.0,416.1,815.2,615.7,409.8,4.0,-1.0,0.0,9060.0,-10260.0,-5091.0,7428.0,-3.0,-7.0,13.0,0.0,-3.0,1.0,7829.0,-13200.0,-2975.0,4905.0,26.0,-20.0,7.0,1.0
2022-05-08 16:17:00.771130-07:00,639.2,818.5,867.1,923.7,376.3,296.7,886.5,713.4,3467.4,3473.4,1087.7,719.2,536.2,3473.4,1080.8,790.2,3445.5,3444.3,360.7,315.1,320.5,315.9,274.4,259.9,3451.6,3464.9,498.8,377.0,416.1,821.0,615.7,409.8,7.0,0.0,0.0,9058.0,-10260.0,-5083.0,7435.0,8.0,-6.0,21.0,-2.0,-5.0,-5.0,7840.0,-13191.0,-2973.0,4912.0,29.0,-9.0,8.0,1.0
2022-05-08 16:17:00.831150-07:00,654.6,816.0,879.7,923.7,379.4,296.7,886.5,713.4,3474.6,3471.0,1090.3,719.2,532.2,3473.4,1080.8,790.2,3445.5,3444.3,353.7,308.2,320.5,315.9,282.1,259.2,3451.6,3464.9,493.2,386.4,416.1,821.0,609.2,411.4,5.0,0.0,4.0,9055.0,-10262.0,-5084.0,7435.0,-4.0,9.0,-5.0,-2.0,1.0,-2.0,7843.0,-13187.0,-2973.0,4917.0,20.0,-16.0,4.0,1.0
2022-05-08 16:17:00.921175-07:00,654.6,816.0,879.7,926.2,379.4,305.9,883.1,711.8,3474.6,3471.0,1090.3,719.2,532.2,3468.6,1078.2,792.7,3451.6,3441.9,350.6,308.2,318.2,315.9,282.1,259.2,3469.8,3466.1,501.2,386.4,413.7,821.0,609.2,411.4,2.0,-17.0,8.0,9058.0,-10271.0,-5072.0,7427.0,2.0,67.0,36.0,-5.0,-7.0,-1.0,7854.0,-13179.0,-2967.0,4927.0,54.0,-13.0,25.0,1.0
2022-05-08 16:17:00.922745-07:00,650.5,814.4,952.6,926.2,380.9,305.9,883.1,711.8,3472.2,3467.4,1100.8,719.2,533.8,3468.6,1078.2,792.7,3451.6,3441.9,350.6,315.9,318.2,318.2,271.4,259.9,3469.8,3466.1,501.2,383.3,413.7,817.7,620.5,410.6,-7.0,-8.0,-3.0,9057.0,-10297.0,-5027.0,7423.0,14.0,77.0,84.0,-8.0,-3.0,8.0,7875.0,-13163.0,-2945.0,4949.0,87.0,-23.0,53.0,1.0
2022-05-08 16:17:00.981214-07:00,650.5,814.4,952.6,941.5,380.9,297.4,889.0,725.8,3472.2,3467.4,1100.8,715.1,533.8,3472.2,1082.5,792.7,3454.0,3449.1,355.3,315.9,318.2,318.2,271.4,259.9,3462.5,3468.6,502.0,383.3,419.2,817.7,620.5,410.6,-5.0,-6.0,2.0,9063.0,-10308.0,-4985.0,7430.0,91.0,71.0,82.0,-4.0,2.0,-7.0,7914.0,-13130.0,-2915.0,4991.0,213.0,-73.0,72.0,1.0
2022-05-08 16:17:01.041156-07:00,649.7,815.2,1118.2,941.5,384.0,297.4,889.0,725.8,3466.1,3461.3,1110.4,715.1,535.4,3472.2,1082.5,792.7,3454.0,3449.1,355.3,318.2,318.2,316.7,275.2,258.4,3462.5,3468.6,502.0,378.6,419.2,820.2,620.5,409.8,-4.0,-18.0,3.0,9066.0,-10330.0,-4923.0,7436.0,-6.0,112.0,119.0,-11.0,-19.0,8.0,7965.0,-13087.0,-2879.0,5044.0,147.0,-60.0,85.0,1.0
2022-05-08 16:17:01.101081-07:00,649.7,815.2,1118.2,940.7,384.0,299.7,909.3,711.8,3466.1,3461.3,1110.4,719.2,535.4,3472.2,1086.8,792.7,3450.4,3443.1,356.1,318.2,327.5,316.7,275.2,258.4,3460.1,3455.2,498.8,378.6,417.6,820.2,620.5,409.8,5.0,4.0,-2.0,9110.0,-10313.0,-4822.0,7472.0,421.0,58.0,133.0,-4.0,12.0,9.0,8070.0,-12996.0,-2814.0,5148.0,607.0,-211.0,137.0,1.0
2022-05-08 16:17:01.131436-07:00,650.5,806.0,1203.5,940.7,384.8,299.7,909.3,711.8,3467.4,3464.9,1135.7,719.2,533.8,3472.2,1086.8,792.7,3450.4,3443.1,356.1,319.7,327.5,314.4,273.7,259.9,3460.1,3455.2,498.8,380.2,417.6,829.4,625.4,408.2,-7.0,-23.0,7.0,9188.0,-10257.0,-4707.0,7526.0,256.0,76.0,121.0,-16.0,-14.0,0.0,8232.0,-12852.0,-2735.0,5292.0,508.0,-207.0,136.0,1.0
2022-05-08 16:17:01.191101-07:00,650.5,806.0,1203.5,959.4,395.7,298.2,976.5,753.8,3467.4,3464.9,1135.7,711.8,530.6,3462.5,1087.7,789.4,3450.4,3446.7,356.1,308.2,321.3,314.4,273.7,259.9,3471.0,3478.3,505.9,377.0,415.3,829.4,625.4,408.2,21.0,26.0,-27.0,9235.0,-10224.0,-4583.0,7591.0,257.0,50.0,184.0,-40.0,-72.0,1.0,8372.0,-12718.0,-2659.0,5435.0,427.0,-211.0,129.0,1.0
2022-05-08 16:17:01.221107-07:00,644.9,801.9,1195.6,968.8,395.7,298.2,976.5,753.8,3467.4,3475.9,1167.4,715.9,530.6,3462.5,1087.7,789.4,3450.4,3446.7,356.1,308.2,324.4,315.1,278.3,257.6,3471.0,3478.3,505.9,377.0,416.8,820.2,620.5,411.4,7.0,34.0,3.0,9258.0,-10206.0,-4529.0,7619.0,92.0,22.0,25.0,3.0,18.0,11.0,8426.0,-12655.0,-2642.0,5506.0,134.0,-124.0,15.0,1.0
2022-05-08 16:17:01.281360-07:00,644.9,801.9,1195.6,968.8,388.7,299.7,986.7,765.3,3467.4,3475.9,1167.4,715.9,537.0,3468.6,1083.4,788.6,3451.6,3449.1,357.6,312.8,324.4,315.1,278.3,257.6,3456.4,3468.6,509.1,384.8,416.8,820.2,620.5,411.4,-13.0,-16.0,-37.0,9277.0,-10196.0,-4520.0,7616.0,113.0,-27.0,-32.0,11.0,-12.0,-9.0,8479.0,-12599.0,-2630.0,5558.0,136.0,-78.0,-7.0,1.0
2022-05-08 16:17:01.371107-07:00,647.3,792.7,1163.0,963.7,388.7,299.7,986.7,765.3,3478.3,3457.6,1164.7,711.0,537.0,3468.6,1083.4,788.6,3451.6,3449.1,357.6,312.8,324.4,312.8,277.5,260.7,3456.4,3468.6,509.1,384.8,420.8,821.9,630.3,417.6,6.0,4.0,-6.0,9298.0,-10168.0,-4523.0,7624.0,8.0,-34.0,-48.0,1.0,2.0,-5.0,8525.0,-12555.0,-2624.0,5591.0,92.0,-46.0,-2.0,1.0
2022-05-08 16:17:01.431092-07:00,647.3,792.7,1163.0,963.7,387.2,305.9,972.2,744.7,3478.3,3457.6,1164.7,711.0,533.8,3478.3,1083.4,787.7,3446.7,3450.4,360.0,311.3,324.4,312.8,277.5,260.7,3462.5,3471.0,515.5,374.7,420.8,821.9,630.3,417.6,10.0,2.0,2.0,9317.0,-10148.0,-4522.0,7629.0,79.0,0.0,-5.0,-15.0,-34.0,4.0,8557.0,-12523.0,-2621.0,5615.0,49.0,-35.0,-15.0,1.0
2022-05-08 16:17:01.461318-07:00,641.6,784.4,1134.9,961.1,387.2,305.9,972.2,744.7,3480.7,3466.1,1155.9,715.9,533.8,3478.3,1083.4,787.7,3446.7,3450.4,360.0,311.3,319.7,319.7,280.6,259.2,3462.5,3471.0,515.5,374.7,416.1,823.5,623.0,420.0,0.0,2.0,6.0,9333.0,-10141.0,-4506.0,7628.0,80.0,34.0,7.0,-4.0,0.0,11.0,8573.0,-12508.0,-2618.0,5626.0,88.0,-29.0,9.0,1.0
2022-05-08 16:17:01.491114-07:00,644.0,784.4,1134.9,961.1,384.8,295.1,959.4,738.9,3467.4,3466.1,1155.9,715.9,530.6,3472.2,1083.4,793.5,3441.9,3445.5,353.7,315.1,319.7,319.7,280.6,259.2,3469.8,3461.3,505.1,377.8,416.1,823.5,623.0,417.6,8.0,-3.0,1.0,9354.0,-10130.0,-4497.0,7623.0,32.0,18.0,-30.0,-3.0,-1.0,-1.0,8592.0,-12491.0,-2611.0,5636.0,38.0,-5.0,-1.0,1.0
2022-05-08 16:17:01.580997-07:00,644.0,779.4,1133.1,956.0,384.8,295.1,959.4,725.8,3467.4,3471.0,1155.0,722.5,530.6,3472.2,1083.4,788.6,3443.1,3445.5,353.7,315.1,319.7,315.1,281.3,259.2,3462.5,3461.3,505.1,377.8,415.3,821.0,623.8,417.6,3.0,-9.0,1.0,9362.0,-10131.0,-4489.0,7615.0,-2.0,28.0,2.0,-6.0,-6.0,-13.0,8595.0,-12489.0,-2610.0,5637.0,0.0,5.0,8.0,1.0
2022-05-08 16:17:01.613284-07:00,647.3,779.4,1133.1,956.0,384.0,295.1,962.8,725.8,3467.4,3471.0,1155.0,722.5,529.8,3467.4,1078.2,788.6,3443.1,3446.7,357.6,310.5,319.7,315.1,281.3,256.1,3462.5,3469.8,505.9,381.7,415.3,821.0,623.8,422.3,-4.0,12.0,-10.0,9372.0,-10130.0,-4481.0,7610.0,19.0,2.0,-22.0,-4.0,0.0,3.0,8603.0,-12483.0,-2606.0,5640.0,18.0,-3.0,-2.0,1.0
2022-05-08 16:17:01.641076-07:00,647.3,767.8,1126.1,953.4,384.0,295.1,962.8,733.2,3467.4,3478.3,1153.3,712.6,529.8,3467.4,1078.2,791.9,3447.9,3446.7,357.6,310.5,323.6,314.4,274.4,256.1,3473.4,3469.8,505.9,381.7,416.1,816.9,626.2,422.3,8.0,-3.0,-2.0,9377.0,-10119.0,-4486.0,7615.0,30.0,-11.0,0.0,-1.0,4.0,-8.0,8607.0,-12479.0,-2606.0,5643.0,34.0,-16.0,-7.0,1.0
2022-05-08 16:17:01.671597-07:00,643.2,767.8,1126.1,953.4,383.3,299.7,956.0,733.2,3471.0,3478.3,1153.3,712.6,534.6,3478.3,1086.0,791.9,3447.9,3451.6,359.2,318.2,323.6,314.4,274.4,256.1,3473.4,3473.4,506.7,377.8,416.1,816.9,626.2,420.8,1.0,-7.0,3.0,9377.0,-10119.0,-4487.0,7614.0,10.0,6.0,-1.0,-5.0,-7.0,5.0,8608.0,-12477.0,-2606.0,5645.0,19.0,-10.0,1.0,1.0
2022-05-08 16:17:01.731100-07:00,643.2,772.8,1116.5,956.0,383.3,299.7,956.0,729.0,3471.0,3471.0,1149.8,718.4,534.6,3478.3,1086.0,793.5,3443.1,3451.6,359.2,318.2,319.0,318.2,276.0,256.1,3458.9,3473.4,506.7,377.8,416.8,819.4,627.8,420.8,5.0,-7.0,0.0,9382.0,-10113.0,-4489.0,7616.0,-13.0,-16.0,-24.0,-5.0,-3.0,-5.0,8611.0,-12474.0,-2606.0,5648.0,5.0,-5.0,-7.0,1.0
2022-05-08 16:17:01.791174-07:00,636.7,772.8,1116.5,956.0,377.8,295.1,964.5,729.0,3478.3,3471.0,1149.8,718.4,536.2,3473.4,1080.8,793.5,3443.1,3443.1,353.0,311.3,319.0,318.2,276.0,261.4,3458.9,3458.9,502.0,375.5,416.8,819.4,627.8,418.4,1.0,3.0,-3.0,9385.0,-10112.0,-4488.0,7614.0,-14.0,11.0,-3.0,-5.0,3.0,0.0,8612.0,-12473.0,-2605.0,5648.0,-15.0,1.0,0.0,1.0
2022-05-08 16:17:01.851102-07:00,636.7,769.5,1120.0,949.2,377.8,295.1,944.1,729.0,3478.3,3469.8,1152.4,729.0,536.2,3473.4,1078.2,786.1,3451.6,3449.1,353.0,311.3,325.1,318.2,277.5,261.4,3461.3,3462.5,502.0,375.5,419.2,821.0,619.7,418.4,0.0,5.0,-3.0,9383.0,-10114.0,-4488.0,7613.0,21.0,0.0,-4.0,-3.0,0.0,2.0,8612.0,-12472.0,-2605.0,5650.0,11.0,-9.0,-1.0,1.0
2022-05-08 16:17:01.881269-07:00,641.6,763.7,1120.0,949.2,382.5,297.4,944.1,729.0,3473.4,3468.6,1152.4,729.0,541.0,3469.8,1078.2,786.1,3451.6,3449.1,354.5,312.0,325.1,318.2,276.0,256.9,3461.3,3462.5,504.4,373.2,419.2,821.0,615.7,417.6,6.0,-9.0,0.0,9384.0,-10111.0,-4490.0,7614.0,12.0,-1.0,-1.0,-3.0,-6.0,-3.0,8612.0,-12472.0,-2606.0,5650.0,18.0,-8.0,-3.0,1.0
2022-05-08 16:17:01.941130-07:00,641.6,763.7,1114.7,945.8,382.5,297.4,945.8,720.8,3473.4,3468.6,1151.5,716.7,541.0,3469.8,1080.8,793.5,3449.1,3447.9,354.5,312.0,322.1,315.9,276.0,256.9,3473.4,3463.7,504.4,373.2,416.1,816.0,615.7,417.6,0.0,-4.0,-1.0,9386.0,-10110.0,-4489.0,7615.0,-7.0,5.0,0.0,-5.0,-2.0,2.0,8613.0,-12471.0,-2605.0,5650.0,13.0,-9.0,2.0,1.0
2022-05-08 16:17:01.971590-07:00,647.3,762.0,1114.7,945.8,377.8,292.8,945.8,720.8,3467.4,3467.4,1151.5,716.7,530.6,3483.2,1080.8,793.5,3449.1,3447.9,351.4,315.1,322.1,315.9,274.4,253.8,3473.4,3463.7,501.2,377.8,416.1,816.0,619.7,418.4,6.0,3.0,-3.0,9388.0,-10108.0,-4487.0,7616.0,-10.0,-9.0,-7.0,0.0,1.0,0.0,8617.0,-12469.0,-2604.0,5652.0,2.0,3.0,-5.0,1.0
2022-05-08 16:17:02.061288-07:00,647.3,762.0,1103.4,953.4,377.8,292.8,960.2,723.3,3467.4,3467.4,1148.9,716.7,530.6,3483.2,1084.2,789.4,3437.0,3446.7,351.4,315.1,319.7,318.2,274.4,253.8,3464.9,3468.6,501.2,377.8,420.0,827.7,619.7,418.4,2.0,1.0,-1.0,9388.0,-10108.0,-4487.0,7616.0,-12.0,-1.0,-1.0,-3.0,-1.0,-7.0,8616.0,-12469.0,-2604.0,5652.0,-16.0,4.0,1.0,1.0
2022-05-08 16:17:02.091186-07:00,636.7,756.3,1103.4,953.4,377.0,295.1,960.2,723.3,3464.9,3466.1,1148.9,716.7,530.6,3473.4,1084.2,789.4,3437.0,3446.7,357.6,318.2,319.7,318.2,273.7,256.9,3464.9,3468.6,509.9,379.4,420.0,827.7,621.4,424.7,2.0,10.0,0.0,9388.0,-10109.0,-4486.0,7614.0,11.0,9.0,-2.0,-2.0,1.0,1.0,8619.0,-12467.0,-2603.0,5653.0,4.0,0.0,-1.0,1.0
2022-05-08 16:17:02.121220-07:00,636.7,756.3,1103.4,953.4,377.0,292.8,944.9,725.8,3464.9,3466.1,1148.9,715.1,530.6,3467.4,1079.9,792.7,3438.2,3445.5,359.2,318.2,322.8,319.7,273.7,256.9,3464.9,3463.7,504.4,379.4,416.8,817.7,621.4,424.7,4.0,-7.0,-2.0,9389.0,-10107.0,-4489.0,7614.0,-2.0,-9.0,2.0,-7.0,-5.0,-5.0,8619.0,-12467.0,-2602.0,5653.0,-8.0,5.0,1.0,1.0
2022-05-08 16:17:02.181016-07:00,642.4,762.0,1106.0,953.4,379.4,292.8,944.9,725.8,3475.9,3478.3,1145.4,715.1,538.6,3467.4,1079.9,792.7,3438.2,3445.5,359.2,313.6,322.8,318.2,277.5,259.9,3464.9,3463.7,504.4,377.0,416.8,821.0,618.1,416.8,1.0,0.0,0.0,9388.0,-10111.0,-4489.0,7611.0,-8.0,12.0,3.0,-7.0,-9.0,0.0,8615.0,-12469.0,-2604.0,5652.0,-6.0,8.0,6.0,1.0
2022-05-08 16:17:02.241098-07:00,642.4,762.0,1106.0,947.5,379.4,291.3,945.8,724.1,3475.9,3478.3,1145.4,718.4,538.6,3468.6,1084.2,790.2,3446.7,3439.5,349.1,313.6,321.3,318.2,277.5,259.9,3460.1,3466.1,508.3,377.0,415.3,821.0,618.1,416.8,4.0,-7.0,0.0,9389.0,-10110.0,-4490.0,7609.0,-2.0,-11.0,-13.0,-6.0,-2.0,-1.0,8616.0,-12469.0,-2603.0,5652.0,11.0,-9.0,-6.0,1.0
2022-05-08 16:17:02.271100-07:00,640.8,768.7,1100.8,947.5,377.8,291.3,945.8,724.1,3474.6,3461.3,1139.2,718.4,533.8,3468.6,1084.2,790.2,3446.7,3439.5,349.1,311.3,321.3,318.2,274.4,263.7,3460.1,3466.1,508.3,379.4,415.3,823.5,614.9,416.8,9.0,6.0,-3.0,9392.0,-10107.0,-4490.0,7610.0,-16.0,0.0,10.0,-1.0,0.0,0.0,8618.0,-12467.0,-2602.0,5653.0,-19.0,8.0,4.0,1.0
2022-05-08 16:17:02.331668-07:00,640.8,768.7,1100.8,950.9,377.8,292.8,945.8,718.4,3474.6,3461.3,1139.2,715.9,533.8,3472.2,1078.2,792.7,3456.4,3444.3,358.4,311.3,324.4,318.2,274.4,263.7,3457.6,3468.6,502.0,379.4,409.8,823.5,614.9,416.8,6.0,3.0,-1.0,9388.0,-10111.0,-4492.0,7609.0,15.0,-1.0,5.0,-4.0,0.0,0.0,8616.0,-12470.0,-2602.0,5651.0,10.0,-4.0,-1.0,1.0
2022-05-08 16:17:02.391392-07:00,640.8,759.6,1097.3,950.9,380.9,292.8,945.8,718.4,3467.4,3467.4,1144.5,715.9,530.6,3472.2,1078.2,792.7,3456.4,3444.3,358.4,315.9,324.4,315.9,278.3,259.2,3457.6,3468.6,502.0,380.2,409.8,819.4,618.9,416.8,4.0,-1.0,0.0,9389.0,-10110.0,-4491.0,7610.0,11.0,1.0,-8.0,-5.0,-5.0,-1.0,8617.0,-12469.0,-2602.0,5651.0,16.0,-9.0,-5.0,1.0
2022-05-08 16:17:02.421760-07:00,640.8,759.6,1097.3,944.1,380.9,293.6,938.1,718.4,3467.4,3467.4,1144.5,715.9,530.6,3478.3,1082.5,787.7,3451.6,3451.6,357.6,315.9,321.3,315.9,278.3,259.2,3463.7,3462.5,502.0,380.2,413.7,819.4,618.9,416.8,7.0,-1.0,1.0,9391.0,-10111.0,-4488.0,7607.0,11.0,22.0,-7.0,-2.0,-2.0,2.0,8619.0,-12468.0,-2601.0,5652.0,13.0,-4.0,1.0,1.0
2022-05-08 16:17:02.511910-07:00,639.2,756.3,1092.9,950.0,375.5,293.6,938.1,718.4,3469.8,3466.1,1139.2,711.8,527.4,3478.3,1082.5,787.7,3451.6,3451.6,357.6,311.3,322.1,315.9,274.4,258.4,3463.7,3462.5,502.0,380.2,418.4,821.9,610.8,418.4,0.0,0.0,-3.0,9395.0,-10112.0,-4482.0,7604.0,1.0,1.0,0.0,-3.0,1.0,6.0,8623.0,-12464.0,-2599.0,5653.0,7.0,-1.0,3.0,1.0
2022-05-08 16:17:02.541172-07:00,639.2,756.3,1092.9,950.0,376.3,293.6,939.0,725.8,3469.8,3466.1,1139.2,711.8,533.8,3466.1,1079.0,791.9,3449.1,3454.0,353.0,308.2,322.1,315.9,274.4,258.4,3464.9,3463.7,498.8,380.2,418.4,821.9,610.8,418.4,3.0,3.0,-4.0,9396.0,-10112.0,-4482.0,7604.0,4.0,7.0,2.0,-5.0,-1.0,-1.0,8627.0,-12462.0,-2598.0,5654.0,10.0,-2.0,0.0,1.0
2022-05-08 16:17:02.571181-07:00,636.7,754.6,1100.8,945.8,376.3,293.6,939.0,725.8,3469.8,3471.0,1139.2,720.0,533.8,3466.1,1079.0,791.9,3449.1,3454.0,353.0,308.2,319.7,314.4,275.2,256.1,3464.9,3463.7,498.8,380.2,418.4,826.0,611.7,416.8,9.0,-4.0,-1.0,9393.0,-10113.0,-4484.0,7604.0,2.0,-5.0,-4.0,-5.0,-1.0,-2.0,8625.0,-12463.0,-2598.0,5654.0,0.0,-2.0,-3.0,1.0
2022-05-08 16:17:02.631603-07:00,636.7,754.6,1100.8,945.8,377.8,289.8,938.1,725.8,3469.8,3471.0,1139.2,720.0,541.0,3463.7,1073.8,789.4,3441.9,3452.8,354.5,312.8,319.7,314.4,275.2,256.1,3466.1,3464.9,498.8,379.4,418.4,826.0,611.7,416.8,7.0,0.0,0.0,9393.0,-10113.0,-4484.0,7604.0,-4.0,-3.0,2.0,-4.0,-3.0,-1.0,8626.0,-12462.0,-2598.0,5654.0,-1.0,-4.0,2.0,1.0
2022-05-08 16:17:02.691648-07:00,637.6,756.3,1098.2,944.9,377.8,289.8,938.1,725.8,3475.9,3471.0,1142.7,716.7,541.0,3463.7,1073.8,789.4,3441.9,3452.8,354.5,312.8,322.8,319.7,278.3,258.4,3466.1,3464.9,498.8,379.4,417.6,803.5,622.2,420.8,2.0,4.0,-3.0,9393.0,-10113.0,-4484.0,7604.0,0.0,-3.0,-6.0,-2.0,1.0,4.0,8627.0,-12462.0,-2598.0,5654.0,4.0,-2.0,-5.0,1.0
2022-05-08 16:17:02.751160-07:00,637.6,756.3,1098.2,944.9,373.2,295.9,940.7,720.0,3475.9,3471.0,1142.7,716.7,533.8,3473.4,1082.5,786.9,3446.7,3449.1,358.4,310.5,322.8,319.7,278.3,258.4,3462.5,3458.9,505.9,374.7,417.6,803.5,622.2,420.8,4.0,-2.0,-2.0,9392.0,-10114.0,-4485.0,7604.0,-18.0,-5.0,1.0,-5.0,0.0,0.0,8626.0,-12463.0,-2598.0,5654.0,-21.0,3.0,1.0,1.0
2022-05-08 16:17:02.781166-07:00,637.6,748.0,1088.6,942.4,373.2,295.9,940.7,720.0,3469.8,3464.9,1136.6,708.5,533.8,3473.4,1082.5,791.9,3451.6,3449.1,358.4,310.5,324.4,314.4,272.1,263.0,3457.6,3458.9,505.9,374.7,416.1,822.7,617.3,416.1,10.0,10.0,-3.0,9390.0,-10115.0,-4485.0,7604.0,-4.0,3.0,1.0,0.0,4.0,-3.0,8626.0,-12462.0,-2598.0,5654.0,-7.0,-1.0,1.0,1.0
2022-05-08 16:17:02.870965-07:00,639.2,748.0,1088.6,942.4,379.4,286.7,938.1,720.0,3472.2,3464.9,1136.6,708.5,530.6,3472.2,1087.7,791.9,3451.6,3455.2,354.5,317.4,324.4,314.4,272.1,256.9,3457.6,3468.6,497.2,380.2,416.1,822.7,617.3,416.8,0.0,0.0,0.0,9389.0,-10117.0,-4486.0,7603.0,13.0,1.0,-5.0,0.0,0.0,3.0,8626.0,-12462.0,-2598.0,5654.0,12.0,-3.0,-3.0,1.0
2022-05-08 16:17:02.872458-07:00,639.2,756.3,1088.6,945.8,379.4,286.7,938.1,718.4,3472.2,3478.3,1136.6,718.4,530.6,3472.2,1087.7,787.7,3447.9,3455.2,354.5,317.4,322.1,317.4,276.7,256.9,3466.1,3468.6,497.2,380.2,419.2,816.9,621.4,416.8,7.0,-1.0,0.0,9390.0,-10116.0,-4486.0,7603.0,4.0,11.0,-2.0,-2.0,-1.0,-2.0,8627.0,-12462.0,-2598.0,5654.0,11.0,1.0,1.0,1.0
2022-05-08 16:17:02.930991-07:00,636.7,756.3,1088.6,945.8,378.6,292.8,933.9,718.4,3467.4,3478.3,1136.6,718.4,530.6,3475.9,1073.8,787.7,3447.9,3451.6,356.8,309.0,322.1,317.4,276.7,259.9,3466.1,3463.7,498.0,384.8,419.2,816.9,621.4,419.2,5.0,-3.0,-2.0,9392.0,-10118.0,-4484.0,7600.0,-2.0,0.0,2.0,-1.0,3.0,1.0,8627.0,-12462.0,-2598.0,5654.0,1.0,5.0,0.0,1.0
2022-05-08 16:17:02.961162-07:00,636.7,752.9,1091.2,947.5,378.6,292.8,933.9,720.0,3467.4,3474.6,1141.9,720.0,530.6,3475.9,1073.8,786.1,3438.2,3451.6,356.8,309.0,322.1,317.4,273.7,259.9,3467.4,3463.7,498.0,384.8,416.1,819.4,612.5,419.2,0.0,1.0,-2.0,9393.0,-10116.0,-4482.0,7601.0,-11.0,1.0,-2.0,-4.0,0.0,6.0,8629.0,-12460.0,-2597.0,5654.0,-11.0,-1.0,0.0,1.0
2022-05-08 16:17:03.021217-07:00,637.6,752.9,1091.2,947.5,380.2,292.8,935.6,720.0,3481.9,3474.6,1141.9,720.0,531.4,3467.4,1087.7,786.1,3438.2,3445.5,359.2,316.7,322.1,317.4,273.7,259.2,3467.4,3469.8,496.4,366.9,416.1,819.4,612.5,420.8,3.0,0.0,-1.0,9396.0,-10113.0,-4480.0,7602.0,18.0,11.0,-9.0,-4.0,-2.0,2.0,8632.0,-12458.0,-2596.0,5656.0,10.0,-6.0,-5.0,1.0
2022-05-08 16:17:03.081145-07:00,637.6,752.9,1090.3,945.8,380.2,292.8,933.0,719.2,3481.9,3467.4,1139.2,715.1,531.4,3467.4,1080.8,789.4,3449.1,3438.2,359.2,316.7,321.3,318.2,273.7,259.2,3460.1,3460.1,496.4,366.9,416.1,820.2,618.1,420.8,3.0,-5.0,0.0,9398.0,-10113.0,-4479.0,7601.0,-7.0,8.0,7.0,-3.0,-7.0,3.0,8632.0,-12458.0,-2596.0,5656.0,-2.0,2.0,2.0,1.0
2022-05-08 16:17:03.111052-07:00,640.8,748.0,1090.3,945.8,377.8,294.4,933.0,719.2,3467.4,3473.4,1139.2,715.1,530.6,3464.9,1080.8,789.4,3449.1,3438.2,359.2,313.6,321.3,318.2,274.4,257.6,3460.1,3460.1,497.2,377.8,416.1,820.2,613.3,417.6,7.0,0.0,-2.0,9398.0,-10113.0,-4479.0,7601.0,-6.0,-1.0,1.0,-3.0,0.0,-4.0,8632.0,-12458.0,-2596.0,5656.0,5.0,-3.0,-2.0,1.0
2022-05-08 16:17:03.171229-07:00,640.8,748.0,1079.0,939.0,377.8,294.4,939.8,716.7,3467.4,3473.4,1140.1,711.8,530.6,3464.9,1079.9,784.4,3449.1,3437.0,359.2,313.6,323.6,318.2,274.4,257.6,3466.1,3460.1,497.2,377.8,417.6,822.7,613.3,417.6,0.0,4.0,-2.0,9398.0,-10113.0,-4479.0,7601.0,2.0,3.0,0.0,-4.0,1.0,0.0,8632.0,-12458.0,-2596.0,5656.0,-11.0,7.0,-3.0,1.0
2022-05-08 16:17:03.231073-07:00,642.4,750.5,1079.0,939.0,379.4,288.2,939.8,716.7,3473.4,3477.1,1140.1,711.8,532.2,3474.6,1079.9,784.4,3449.1,3437.0,359.2,315.1,323.6,318.2,271.4,259.2,3466.1,3460.1,499.6,383.3,417.6,822.7,615.7,418.4,6.0,-2.0,-3.0,9396.0,-10114.0,-4481.0,7601.0,-5.0,5.0,0.0,-2.0,0.0,2.0,8627.0,-12461.0,-2598.0,5655.0,-16.0,5.0,1.0,1.0
2022-05-08 16:17:03.261619-07:00,642.4,750.5,1082.5,945.8,379.4,288.2,933.0,723.3,3473.4,3477.1,1134.0,711.8,532.2,3474.6,1082.5,789.4,3445.5,3444.3,359.2,315.1,320.5,319.7,271.4,259.2,3461.3,3463.7,499.6,383.3,415.3,825.2,615.7,418.4,4.0,1.0,-1.0,9394.0,-10116.0,-4481.0,7600.0,9.0,1.0,10.0,-4.0,-1.0,0.0,8626.0,-12462.0,-2598.0,5655.0,14.0,-7.0,1.0,1.0
2022-05-08 16:17:03.321521-07:00,635.9,744.7,1082.5,945.8,373.2,292.8,933.0,723.3,3477.1,3467.4,1134.0,711.8,533.8,3464.9,1082.5,789.4,3445.5,3444.3,357.6,315.1,320.5,319.7,276.0,258.4,3461.3,3463.7,502.8,380.9,415.3,825.2,615.7,424.7,1.0,0.0,-1.0,9397.0,-10118.0,-4477.0,7597.0,-3.0,22.0,-6.0,-2.0,0.0,8.0,8627.0,-12461.0,-2598.0,5655.0,-8.0,5.0,-4.0,1.0
2022-05-08 16:17:03.381144-07:00,635.9,744.7,1084.2,952.6,373.2,292.8,939.8,721.6,3477.1,3467.4,1141.9,716.7,533.8,3464.9,1081.6,789.4,3446.7,3447.9,357.6,315.1,319.7,318.2,276.0,258.4,3464.9,3469.8,502.8,380.9,413.7,825.2,615.7,424.7,5.0,-6.0,-3.0,9394.0,-10122.0,-4478.0,7595.0,-13.0,0.0,10.0,-5.0,0.0,0.0,8624.0,-12464.0,-2599.0,5653.0,-15.0,2.0,5.0,1.0
2022-05-08 16:17:03.411214-07:00,639.2,751.3,1076.4,952.6,380.2,291.3,939.8,721.6,3473.4,3475.9,1141.9,716.7,535.4,3471.0,1081.6,789.4,3446.7,3447.9,355.3,309.7,319.7,317.4,275.2,259.2,3464.9,3469.8,502.0,377.8,413.7,821.9,613.3,423.9,5.0,1.0,-1.0,9392.0,-10126.0,-4477.0,7592.0,8.0,13.0,0.0,-2.0,6.0,0.0,8622.0,-12466.0,-2599.0,5652.0,16.0,-6.0,-4.0,1.0
2022-05-08 16:17:03.471241-07:00,639.2,751.3,1076.4,943.2,380.2,296.7,932.2,719.2,3473.4,3475.9,1141.9,710.1,535.4,3462.5,1078.2,787.7,3443.1,3443.1,353.0,309.7,322.1,317.4,275.2,259.2,3468.6,3461.3,498.8,377.8,416.1,821.9,613.3,423.9,2.0,0.0,-1.0,9395.0,-10125.0,-4475.0,7591.0,-4.0,2.0,-9.0,-2.0,-1.0,6.0,8623.0,-12465.0,-2599.0,5652.0,1.0,-1.0,-5.0,1.0
2022-05-08 16:17:03.531079-07:00,639.2,748.8,1079.0,943.2,378.6,296.7,932.2,719.2,3464.9,3464.9,1141.0,710.1,536.2,3462.5,1078.2,787.7,3443.1,3443.1,353.0,315.1,322.1,317.4,274.4,259.9,3468.6,3461.3,498.8,380.9,416.1,815.2,617.3,413.7,3.0,0.0,0.0,9394.0,-10126.0,-4476.0,7591.0,-19.0,8.0,1.0,-2.0,-5.0,4.0,8620.0,-12467.0,-2600.0,5652.0,-23.0,9.0,4.0,1.0
2022-05-08 16:17:03.561280-07:00,639.2,748.8,1079.0,946.6,378.6,291.3,928.8,718.4,3464.9,3464.9,1141.0,711.8,536.2,3478.3,1079.9,796.0,3445.5,3438.2,360.7,315.1,319.0,317.4,274.4,259.9,3472.2,3464.9,502.0,380.9,416.1,815.2,617.3,413.7,3.0,-7.0,0.0,9393.0,-10127.0,-4476.0,7590.0,-8.0,6.0,-7.0,-3.0,-2.0,2.0,8617.0,-12469.0,-2601.0,5651.0,-9.0,-2.0,-3.0,1.0
2022-05-08 16:17:03.742392-07:00,633.5,748.8,1083.4,946.6,374.7,291.3,928.8,718.4,3472.2,3463.7,1131.4,711.8,534.6,3478.3,1079.9,796.0,3445.5,3438.2,360.7,311.3,319.0,316.7,275.2,263.0,3472.2,3464.9,502.0,376.3,416.1,825.2,612.5,423.1,5.0,3.0,0.0,9404.0,-10119.0,-4468.0,7592.0,38.0,11.0,6.0,-10.0,-3.0,4.0,8627.0,-12459.0,-2601.0,5659.0,31.0,-11.0,-3.0,1.0
2022-05-08 16:17:03.771830-07:00,633.5,748.8,1083.4,945.8,374.7,293.6,933.0,724.9,3472.2,3463.7,1131.4,719.2,534.6,3478.3,1080.8,791.0,3449.1,3450.4,359.2,311.3,318.2,316.7,275.2,263.0,3463.7,3460.1,502.8,376.3,416.8,825.2,612.5,423.1,7.0,7.0,0.0,9405.0,-10125.0,-4458.0,7590.0,-1.0,37.0,24.0,0.0,6.0,0.0,8620.0,-12466.0,-2601.0,5654.0,-46.0,29.0,4.0,1.0
2022-05-08 16:17:03.773105-07:00,634.3,750.5,1088.6,945.8,373.2,293.6,933.0,724.9,3479.5,3469.8,1141.0,719.2,530.6,3478.3,1080.8,791.0,3449.1,3450.4,359.2,315.9,323.6,316.7,272.9,259.9,3463.7,3460.1,502.8,377.8,420.0,821.0,618.1,418.4,0.0,1.0,1.0,9402.0,-10143.0,-4446.0,7575.0,-34.0,65.0,1.0,-1.0,-5.0,2.0,8602.0,-12485.0,-2602.0,5637.0,-63.0,37.0,-6.0,1.0
2022-05-08 16:17:03.774338-07:00,634.3,750.5,1088.6,945.8,376.3,289.0,935.6,729.0,3479.5,3469.8,1141.0,719.2,538.6,3469.8,1067.7,790.2,3450.4,3452.8,356.8,316.7,323.6,316.7,272.9,259.9,3467.4,3468.6,499.6,376.3,420.0,821.0,618.1,418.4,3.0,4.0,-7.0,9400.0,-10159.0,-4441.0,7560.0,-14.0,25.0,9.0,-1.0,3.0,-1.0,8585.0,-12505.0,-2602.0,5620.0,-69.0,49.0,-4.0,1.0
2022-05-08 16:17:03.830944-07:00,637.6,755.4,1143.6,945.8,376.3,289.0,935.6,729.0,3467.4,3474.6,1142.7,715.9,538.6,3469.8,1067.7,790.2,3450.4,3452.8,356.8,316.7,317.4,319.7,276.7,259.9,3467.4,3468.6,499.6,376.3,419.2,823.5,620.5,415.3,11.0,18.0,-7.0,9389.0,-10173.0,-4449.0,7550.0,-87.0,22.0,-13.0,1.0,12.0,-10.0,8543.0,-12549.0,-2615.0,5580.0,-235.0,101.0,-36.0,1.0
2022-05-08 16:17:03.921224-07:00,637.6,755.4,1143.6,945.8,375.5,296.7,931.3,722.5,3467.4,3474.6,1142.7,715.9,536.2,3471.0,1084.2,786.9,3452.8,3447.9,361.5,321.3,317.4,319.7,276.7,259.9,3457.6,3468.6,502.8,377.8,419.2,823.5,620.5,415.3,8.0,-17.0,-2.0,9352.0,-10212.0,-4485.0,7522.0,-128.0,-18.0,5.0,-12.0,-20.0,7.0,8477.0,-12613.0,-2639.0,5524.0,-123.0,50.0,-19.0,1.0
2022-05-08 16:17:03.923317-07:00,634.3,756.3,1177.0,939.0,375.5,296.7,931.3,722.5,3473.4,3474.6,1135.7,714.2,536.2,3471.0,1084.2,786.9,3452.8,3447.9,361.5,321.3,319.7,316.7,278.3,263.0,3457.6,3468.6,502.8,377.8,416.1,818.5,621.4,417.6,11.0,30.0,5.0,9329.0,-10227.0,-4493.0,7524.0,-118.0,23.0,12.0,5.0,18.0,-5.0,8433.0,-12658.0,-2657.0,5479.0,-294.0,140.0,-50.0,1.0
2022-05-08 16:17:03.981331-07:00,634.3,756.3,1177.0,939.0,374.7,294.4,939.0,731.5,3473.4,3474.6,1135.7,714.2,534.6,3468.6,1083.4,789.4,3438.2,3462.5,353.0,312.8,319.7,316.7,278.3,263.0,3469.8,3457.6,484.5,375.5,416.1,818.5,621.4,417.6,-5.0,-37.0,21.0,9261.0,-10306.0,-4534.0,7477.0,-339.0,58.0,-3.0,-4.0,-22.0,19.0,8310.0,-12776.0,-2695.0,5374.0,-414.0,183.0,-39.0,1.0
2022-05-08 16:17:04.011240-07:00,637.6,764.5,1120.9,942.4,374.7,294.4,939.0,731.5,3474.6,3464.9,1133.1,719.2,534.6,3468.6,1083.4,789.4,3438.2,3462.5,353.0,312.8,322.1,319.0,277.5,263.7,3469.8,3457.6,484.5,375.5,416.8,816.0,615.7,415.3,16.0,16.0,-20.0,9209.0,-10357.0,-4550.0,7460.0,-149.0,7.0,47.0,0.0,11.0,-9.0,8236.0,-12850.0,-2712.0,5304.0,-300.0,148.0,-36.0,1.0
2022-05-08 16:17:04.071737-07:00,636.7,764.5,1120.9,942.4,373.2,295.1,930.5,722.5,3474.6,3464.9,1133.1,719.2,532.2,3468.6,1081.6,787.7,3447.9,3463.7,360.0,311.3,322.1,319.0,277.5,258.4,3466.1,3462.5,509.1,379.4,416.8,816.0,615.7,417.6,2.0,18.0,-2.0,9128.0,-10434.0,-4602.0,7420.0,-419.0,60.0,-23.0,-5.0,16.0,0.0,8125.0,-12950.0,-2749.0,5211.0,-619.0,224.0,-82.0,1.0
2022-05-08 16:17:04.131237-07:00,636.7,778.6,1053.0,941.5,373.2,295.1,930.5,721.6,3474.6,3473.4,1136.6,719.2,532.2,3468.6,1081.6,793.5,3449.1,3463.7,360.0,311.3,324.4,311.3,277.5,258.4,3467.4,3462.5,509.1,379.4,415.3,818.5,614.9,417.6,8.0,0.0,-17.0,9027.0,-10526.0,-4690.0,7358.0,-329.0,-44.0,-57.0,22.0,64.0,-7.0,7930.0,-13116.0,-2825.0,5053.0,-376.0,169.0,-89.0,1.0
2022-05-08 16:17:04.161363-07:00,636.7,778.6,1053.0,941.5,377.8,296.7,918.6,721.6,3468.6,3473.4,1136.6,719.2,531.4,3473.4,1083.4,793.5,3449.1,3445.5,353.7,309.7,324.4,311.3,277.5,260.7,3467.4,3466.1,498.8,377.8,415.3,818.5,614.9,413.7,5.0,-3.0,-6.0,8920.0,-10596.0,-4795.0,7320.0,-414.0,-74.0,-46.0,30.0,92.0,-20.0,7819.0,-13208.0,-2870.0,4961.0,-383.0,146.0,-95.0,1.0
2022-05-08 16:17:04.221087-07:00,636.7,795.2,999.6,932.2,377.8,296.7,918.6,719.2,3468.6,3468.6,1134.0,714.2,531.4,3473.4,1083.4,784.4,3438.2,3445.5,353.7,309.7,320.5,319.7,275.2,260.7,3467.4,3466.1,498.8,377.8,393.4,818.5,613.3,413.7,-2.0,23.0,-12.0,8823.0,-10647.0,-4905.0,7291.0,-293.0,-153.0,-102.0,48.0,114.0,-7.0,7687.0,-13312.0,-2936.0,4850.0,-236.0,113.0,-118.0,1.0
2022-05-08 16:17:04.281158-07:00,640.8,795.2,999.6,932.2,380.2,295.9,915.2,719.2,3475.9,3468.6,1134.0,714.2,533.8,3472.2,1085.1,784.4,3438.2,3452.8,358.4,314.4,320.5,319.7,275.2,259.2,3467.4,3467.4,506.7,378.6,393.4,818.5,613.3,414.5,24.0,-37.0,20.0,8758.0,-10644.0,-5044.0,7280.0,-153.0,-194.0,-166.0,-43.0,-98.0,-27.0,7594.0,-13385.0,-3006.0,4753.0,-326.0,85.0,-137.0,1.0
2022-05-08 16:17:04.311265-07:00,640.8,829.4,943.2,934.7,380.2,295.9,915.2,719.2,3475.9,3474.6,1108.6,711.8,533.8,3472.2,1085.1,792.7,3452.8,3452.8,358.4,314.4,323.6,321.3,274.4,259.2,3467.4,3467.4,506.7,378.6,427.8,822.7,607.6,414.5,10.0,-11.0,49.0,8775.0,-10610.0,-5119.0,7257.0,-25.0,13.0,-194.0,1.0,1.0,10.0,7514.0,-13439.0,-3070.0,4684.0,-256.0,64.0,-79.0,1.0
2022-05-08 16:17:04.371327-07:00,658.7,829.4,943.2,934.7,384.8,297.4,919.4,719.2,3475.9,3474.6,1108.6,711.8,529.0,3457.6,1079.9,792.7,3452.8,3450.4,359.2,312.8,323.6,321.3,274.4,258.4,3467.4,3464.9,521.0,382.5,427.8,822.7,607.6,410.6,0.0,19.0,17.0,8849.0,-10588.0,-5136.0,7186.0,112.0,160.0,-237.0,7.0,15.0,7.0,7488.0,-13461.0,-3092.0,4649.0,-103.0,42.0,-72.0,1.0
2022-05-08 16:17:04.431219-07:00,658.7,877.2,885.6,935.6,384.8,297.4,916.0,719.2,3475.9,3464.9,1089.5,719.2,529.0,3457.6,1084.2,789.4,3447.9,3446.7,359.2,312.8,326.7,319.7,281.3,258.4,3464.9,3467.4,521.0,382.5,417.6,820.2,609.2,410.6,-11.0,-29.0,-23.0,8928.0,-10573.0,-5161.0,7092.0,5.0,96.0,-219.0,-14.0,-5.0,-2.0,7460.0,-13483.0,-3118.0,4611.0,-102.0,56.0,-48.0,1.0
2022-05-08 16:17:04.461302-07:00,675.0,894.9,885.6,935.6,371.6,299.7,916.0,719.2,3466.1,3471.0,1089.5,719.2,530.6,3474.6,1084.2,789.4,3447.9,3446.7,359.2,318.2,326.7,319.7,278.3,259.9,3464.9,3467.4,540.2,376.3,417.6,820.2,610.8,409.0,1.0,0.0,-23.0,8960.0,-10555.0,-5192.0,7056.0,56.0,3.0,-103.0,1.0,9.0,-9.0,7450.0,-13491.0,-3129.0,4597.0,0.0,-14.0,-11.0,1.0
2022-05-08 16:17:04.521106-07:00,675.0,894.9,861.2,939.8,371.6,299.7,910.1,710.1,3466.1,3471.0,1088.6,715.1,530.6,3474.6,1086.0,791.0,3458.9,3454.0,359.2,318.2,330.5,318.2,278.3,259.9,3473.4,3462.5,540.2,376.3,420.0,814.4,610.8,409.0,-4.0,-25.0,-3.0,8994.0,-10521.0,-5207.0,7052.0,28.0,-23.0,-80.0,-9.0,-7.0,-7.0,7462.0,-13479.0,-3140.0,4605.0,-1.0,-18.0,-37.0,1.0
2022-05-08 16:17:04.581066-07:00,675.8,899.1,861.2,939.8,374.7,298.2,910.1,710.1,3472.2,3469.8,1088.6,715.1,535.4,3478.3,1086.0,791.0,3458.9,3454.0,354.5,313.6,330.5,318.2,274.4,259.2,3473.4,3462.5,545.0,384.8,420.0,814.4,604.4,406.7,0.0,0.0,14.0,9015.0,-10500.0,-5206.0,7058.0,69.0,-4.0,9.0,2.0,-6.0,3.0,7471.0,-13469.0,-3148.0,4615.0,60.0,-35.0,3.0,1.0
2022-05-08 16:17:04.641282-07:00,675.8,899.1,852.8,933.9,374.7,298.2,905.9,709.3,3472.2,3469.8,1091.2,725.8,535.4,3478.3,1081.6,784.4,3444.3,3443.1,354.5,313.6,328.2,312.8,274.4,259.2,3451.6,3464.9,545.0,384.8,420.8,816.0,604.4,406.7,-2.0,5.0,6.0,9016.0,-10499.0,-5205.0,7058.0,-22.0,0.0,-9.0,0.0,1.0,12.0,7475.0,-13464.0,-3149.0,4621.0,-4.0,6.0,4.0,1.0
2022-05-08 16:17:04.671093-07:00,686.4,903.4,852.8,933.9,373.9,291.3,905.9,709.3,3461.3,3464.9,1091.2,725.8,524.2,3468.6,1081.6,784.4,3444.3,3443.1,355.3,311.3,328.2,312.8,281.3,262.2,3451.6,3464.9,540.2,379.4,420.8,816.0,604.4,407.5,13.0,-18.0,0.0,9002.0,-10502.0,-5220.0,7060.0,-17.0,-12.0,18.0,-5.0,-3.0,-7.0,7471.0,-13468.0,-3149.0,4617.0,-2.0,1.0,8.0,1.0
2022-05-08 16:17:04.761105-07:00,686.4,903.4,843.6,928.8,373.9,296.7,904.2,716.7,3461.3,3464.9,1081.6,717.5,524.2,3467.4,1079.9,784.4,3447.9,3447.9,354.5,311.3,322.8,319.7,281.3,262.2,3452.8,3462.5,533.8,379.4,415.3,821.0,604.4,407.5,5.0,13.0,-9.0,8998.0,-10506.0,-5212.0,7067.0,24.0,5.0,13.0,-4.0,5.0,0.0,7472.0,-13467.0,-3143.0,4622.0,24.0,-9.0,12.0,1.0
2022-05-08 16:17:04.792358-07:00,675.8,887.3,841.9,928.8,371.6,296.7,904.2,716.7,3472.2,3478.3,1075.6,717.5,535.4,3467.4,1079.9,784.4,3447.9,3447.9,354.5,315.9,322.8,315.1,277.5,263.0,3452.8,3462.5,533.8,379.4,415.3,816.0,605.2,406.7,5.0,-4.0,-6.0,9006.0,-10496.0,-5213.0,7070.0,37.0,-20.0,-10.0,0.0,-2.0,-4.0,7481.0,-13459.0,-3142.0,4631.0,43.0,-20.0,-8.0,1.0
2022-05-08 16:17:04.911020-07:00,675.8,887.3,841.9,934.7,371.6,296.7,894.1,706.9,3472.2,3478.3,1075.6,717.5,535.4,3474.6,1074.7,784.4,3443.1,3444.3,356.1,315.9,325.9,315.1,277.5,263.0,3454.0,3460.1,534.6,379.4,415.3,816.0,605.2,406.7,7.0,3.0,5.0,8997.0,-10494.0,-5216.0,7082.0,-23.0,-34.0,30.0,0.0,0.0,0.0,7484.0,-13455.0,-3143.0,4637.0,2.0,-13.0,7.0,1.0
2022-05-08 16:17:04.913583-07:00,677.4,888.2,841.1,934.7,371.6,296.7,894.1,706.9,3477.1,3483.2,1075.6,717.5,537.8,3474.6,1074.7,784.4,3443.1,3444.3,356.1,314.4,325.9,316.7,278.3,260.7,3454.0,3460.1,534.6,379.4,415.3,818.5,602.8,411.4,3.0,15.0,1.0,8992.0,-10496.0,-5214.0,7088.0,7.0,5.0,-3.0,-1.0,3.0,2.0,7487.0,-13453.0,-3140.0,4640.0,17.0,-5.0,4.0,1.0
2022-05-08 16:17:04.914710-07:00,677.4,888.2,841.1,933.9,371.6,299.7,888.2,709.3,3477.1,3483.2,1075.6,718.4,537.8,3457.6,1077.3,791.0,3449.1,3443.1,361.5,314.4,327.5,316.7,278.3,260.7,3458.9,3468.6,533.0,379.4,416.8,818.5,602.8,411.4,1.0,-16.0,-4.0,8991.0,-10497.0,-5217.0,7084.0,-20.0,-3.0,4.0,-4.0,-9.0,-8.0,7485.0,-13454.0,-3141.0,4640.0,-7.0,2.0,4.0,1.0
2022-05-08 16:17:05.031875-07:00,681.5,882.3,834.4,933.9,371.6,299.7,888.2,709.3,3469.8,3471.0,1079.0,718.4,533.8,3457.6,1077.3,791.0,3449.1,3443.1,361.5,312.0,327.5,315.9,277.5,256.1,3458.9,3468.6,533.0,383.3,416.8,823.5,592.3,401.2,0.0,4.0,-4.0,8987.0,-10504.0,-5207.0,7087.0,-3.0,13.0,36.0,-6.0,4.0,4.0,7488.0,-13453.0,-3136.0,4643.0,12.0,-5.0,9.0,1.0
2022-05-08 16:17:05.121251-07:00,681.5,882.3,834.4,929.6,371.6,294.4,894.9,706.9,3469.8,3471.0,1079.0,715.9,533.8,3468.6,1084.2,787.7,3449.1,3449.1,359.2,312.0,323.6,315.9,277.5,256.1,3467.4,3469.8,537.8,383.3,423.9,823.5,592.3,401.2,2.0,3.0,-1.0,8983.0,-10504.0,-5206.0,7092.0,-4.0,-6.0,-4.0,-3.0,6.0,0.0,7488.0,-13453.0,-3135.0,4643.0,4.0,-5.0,-3.0,1.0
2022-05-08 16:17:05.151684-07:00,679.9,881.4,836.1,928.8,368.5,294.4,894.9,706.9,3464.9,3468.6,1068.6,717.5,530.6,3468.6,1084.2,787.7,3449.1,3449.1,359.2,314.4,325.9,314.4,273.7,259.2,3467.4,3469.8,537.8,382.5,413.7,816.0,603.6,410.6,1.0,-4.0,1.0,8981.0,-10504.0,-5208.0,7092.0,-4.0,3.0,2.0,-3.0,0.0,2.0,7488.0,-13453.0,-3135.0,4643.0,7.0,-5.0,3.0,1.0
2022-05-08 16:17:05.211277-07:00,679.9,881.4,836.1,928.8,368.5,289.8,889.8,708.5,3464.9,3468.6,1068.6,717.5,533.8,3467.4,1079.9,784.4,3450.4,3449.1,357.6,312.0,325.9,314.4,273.7,259.2,3466.1,3461.3,535.4,386.4,413.7,816.0,603.6,410.6,3.0,10.0,0.0,8984.0,-10504.0,-5206.0,7091.0,1.0,15.0,-4.0,-1.0,0.0,3.0,7491.0,-13451.0,-3134.0,4644.0,-1.0,1.0,2.0,1.0
2022-05-08 16:17:05.213215-07:00,673.3,878.9,828.5,936.4,368.5,289.8,889.8,708.5,3475.9,3467.4,1071.2,720.8,533.8,3467.4,1079.9,784.4,3450.4,3449.1,357.6,312.0,326.7,315.1,275.2,260.7,3466.1,3461.3,535.4,386.4,417.6,817.7,602.8,406.7,3.0,-2.0,-3.0,8983.0,-10505.0,-5206.0,7090.0,12.0,5.0,5.0,-8.0,0.0,-2.0,7492.0,-13451.0,-3134.0,4644.0,11.0,-2.0,4.0,1.0
2022-05-08 16:17:05.214467-07:00,673.3,878.9,828.5,936.4,370.0,294.4,893.2,703.6,3475.9,3467.4,1071.2,720.8,540.2,3473.4,1080.8,789.4,3449.1,3444.3,352.2,312.0,326.7,315.1,275.2,260.7,3467.4,3456.4,529.8,380.9,417.6,817.7,602.8,406.7,11.0,0.0,-2.0,8982.0,-10506.0,-5208.0,7090.0,-2.0,-4.0,-5.0,-1.0,0.0,-4.0,7493.0,-13450.0,-3133.0,4645.0,10.0,-1.0,-2.0,1.0
2022-05-08 16:17:05.270936-07:00,675.0,876.4,831.1,933.0,370.0,294.4,893.2,703.6,3471.0,3469.8,1073.8,721.6,540.2,3473.4,1080.8,789.4,3449.1,3444.3,352.2,312.0,319.7,316.7,278.3,255.3,3467.4,3456.4,529.8,380.9,419.2,826.0,606.0,409.8,3.0,-4.0,1.0,8982.0,-10505.0,-5208.0,7090.0,-14.0,-1.0,-3.0,-7.0,-5.0,-4.0,7494.0,-13450.0,-3133.0,4645.0,-6.0,-4.0,1.0,1.0
2022-05-08 16:17:05.301249-07:00,675.0,876.4,831.1,933.0,373.9,305.1,881.4,703.6,3471.0,3469.8,1073.8,721.6,530.6,3467.4,1077.3,790.2,3447.9,3452.8,353.7,311.3,319.7,316.7,278.3,255.3,3458.9,3467.4,525.8,379.4,419.2,826.0,606.0,409.8,1.0,3.0,-1.0,8981.0,-10509.0,-5203.0,7090.0,-7.0,14.0,16.0,-5.0,0.0,6.0,7493.0,-13450.0,-3132.0,4646.0,-4.0,1.0,8.0,1.0
2022-05-08 16:17:05.361319-07:00,672.5,867.1,828.5,929.6,373.9,305.1,881.4,710.1,3463.7,3462.5,1074.7,717.5,530.6,3467.4,1077.3,791.9,3451.6,3452.8,353.7,311.3,327.5,311.3,276.0,261.4,3466.1,3467.4,525.8,379.4,415.3,819.4,607.6,407.5,3.0,-1.0,-1.0,8979.0,-10513.0,-5200.0,7089.0,0.0,10.0,-4.0,-5.0,-5.0,-1.0,7493.0,-13450.0,-3132.0,4646.0,2.0,-1.0,0.0,1.0
2022-05-08 16:17:05.421211-07:00,670.9,867.1,828.5,929.6,366.9,294.4,889.0,710.1,3466.1,3462.5,1074.7,717.5,533.8,3462.5,1075.6,791.9,3451.6,3446.7,354.5,312.0,327.5,311.3,276.0,256.1,3466.1,3469.8,530.6,379.4,415.3,819.4,607.6,406.7,1.0,-1.0,-6.0,8980.0,-10512.0,-5203.0,7086.0,2.0,-4.0,-6.0,-4.0,0.0,0.0,7493.0,-13450.0,-3131.0,4646.0,6.0,-1.0,-2.0,1.0
2022-05-08 16:17:05.451316-07:00,670.9,867.9,821.0,927.1,366.9,294.4,889.0,706.9,3466.1,3468.6,1070.3,711.8,533.8,3462.5,1075.6,793.5,3447.9,3446.7,354.5,312.0,326.7,316.7,276.7,256.1,3467.4,3469.8,530.6,379.4,418.4,818.5,605.2,406.7,0.0,2.0,-4.0,8980.0,-10513.0,-5200.0,7087.0,-4.0,5.0,11.0,-7.0,0.0,0.0,7493.0,-13450.0,-3131.0,4646.0,-6.0,2.0,4.0,1.0
2022-05-08 16:17:05.511387-07:00,669.3,867.9,821.0,927.1,371.6,292.8,884.8,706.9,3472.2,3468.6,1070.3,711.8,531.4,3464.9,1084.2,793.5,3447.9,3443.1,356.8,309.7,326.7,316.7,276.7,259.9,3467.4,3461.3,531.4,379.4,418.4,818.5,605.2,406.7,3.0,2.0,-3.0,8978.0,-10511.0,-5205.0,7089.0,17.0,-22.0,-13.0,-4.0,0.0,2.0,7493.0,-13449.0,-3132.0,4648.0,17.0,-11.0,-6.0,1.0
2022-05-08 16:17:05.571105-07:00,669.3,867.9,825.2,922.0,371.6,292.8,884.8,704.4,3472.2,3462.5,1074.7,712.6,531.4,3464.9,1084.2,786.1,3445.5,3443.1,356.8,309.7,324.4,315.9,279.8,259.9,3462.5,3461.3,531.4,379.4,416.1,818.5,605.2,406.7,0.0,-3.0,0.0,8980.0,-10507.0,-5209.0,7089.0,5.0,5.0,0.0,-4.0,-1.0,1.0,7494.0,-13448.0,-3132.0,4649.0,5.0,-2.0,4.0,1.0
2022-05-08 16:17:05.601336-07:00,669.3,867.9,825.2,922.0,373.9,297.4,887.3,704.4,3473.4,3462.5,1074.7,712.6,530.6,3468.6,1082.5,786.1,3445.5,3444.3,348.3,308.2,324.4,315.9,279.8,260.7,3462.5,3462.5,527.4,380.2,416.1,818.5,605.2,412.9,4.0,4.0,0.0,8981.0,-10506.0,-5209.0,7090.0,16.0,7.0,-2.0,-2.0,5.0,-3.0,7496.0,-13447.0,-3131.0,4650.0,6.0,0.0,0.0,1.0
2022-05-08 16:17:05.661206-07:00,669.3,868.8,821.9,927.9,373.9,297.4,887.3,706.9,3473.4,3473.4,1062.5,716.7,530.6,3468.6,1082.5,790.2,3447.9,3444.3,348.3,308.2,319.7,317.4,276.7,260.7,3469.8,3462.5,527.4,380.2,425.5,821.0,605.2,412.9,0.0,-2.0,-6.0,8982.0,-10508.0,-5207.0,7087.0,-1.0,0.0,-8.0,-7.0,-2.0,0.0,7495.0,-13448.0,-3132.0,4649.0,3.0,2.0,3.0,1.0
2022-05-08 16:17:05.721189-07:00,683.1,868.8,821.9,927.9,370.8,292.1,883.9,706.9,3473.4,3473.4,1062.5,716.7,536.2,3474.6,1067.7,790.2,3447.9,3447.9,351.4,314.4,319.7,317.4,274.4,261.4,3469.8,3463.7,525.0,379.4,425.5,821.0,604.4,402.8,9.0,5.0,-4.0,8982.0,-10506.0,-5208.0,7089.0,12.0,-12.0,-1.0,-4.0,5.0,-5.0,7497.0,-13446.0,-3131.0,4651.0,19.0,-11.0,0.0,1.0
2022-05-08 16:17:05.751798-07:00,683.1,868.8,822.7,925.4,370.8,292.1,884.8,705.2,3473.4,3473.4,1067.7,711.8,536.2,3474.6,1074.7,791.0,3438.2,3457.6,351.4,314.4,324.4,317.4,274.4,261.4,3468.6,3471.0,525.0,379.4,417.6,817.7,604.4,402.8,4.0,-2.0,-6.0,8985.0,-10504.0,-5206.0,7090.0,5.0,-6.0,-6.0,-7.0,0.0,-1.0,7501.0,-13444.0,-3130.0,4652.0,4.0,-2.0,-2.0,1.0
2022-05-08 16:17:05.811613-07:00,666.0,864.6,822.7,925.4,373.2,295.1,884.8,705.2,3478.3,3477.1,1067.7,711.8,536.2,3467.4,1074.7,791.0,3438.2,3457.6,360.0,312.8,324.4,317.4,277.5,257.6,3468.6,3471.0,531.4,378.6,417.6,817.7,605.2,402.8,6.0,7.0,-1.0,8989.0,-10499.0,-5203.0,7093.0,23.0,-13.0,-1.0,-1.0,5.0,1.0,7505.0,-13440.0,-3130.0,4656.0,26.0,-10.0,1.0,1.0
2022-05-08 16:17:05.901166-07:00,666.0,864.6,818.5,933.0,373.2,295.1,887.3,711.0,3478.3,3477.1,1062.5,715.9,536.2,3467.4,1083.4,784.4,3432.2,3454.0,360.0,312.8,323.6,311.3,277.5,257.6,3452.8,3461.3,531.4,378.6,419.2,822.7,605.2,402.8,3.0,-4.0,-3.0,8990.0,-10496.0,-5207.0,7095.0,6.0,-4.0,-6.0,-7.0,3.0,-5.0,7509.0,-13438.0,-3129.0,4657.0,10.0,-2.0,0.0,1.0
2022-05-08 16:17:05.902719-07:00,673.3,864.6,818.5,933.0,372.4,295.9,887.3,711.0,3467.4,3468.6,1062.5,715.9,537.0,3479.5,1083.4,784.4,3432.2,3454.0,359.2,313.6,323.6,311.3,276.7,259.2,3452.8,3461.3,529.0,383.3,419.2,822.7,602.8,404.3,6.0,6.0,-5.0,8991.0,-10496.0,-5206.0,7095.0,9.0,-4.0,10.0,-2.0,2.0,0.0,7509.0,-13437.0,-3129.0,4659.0,15.0,-8.0,7.0,1.0
2022-05-08 16:17:05.991314-07:00,673.3,864.6,826.0,929.6,372.4,295.9,885.6,705.2,3467.4,3468.6,1066.9,717.5,537.0,3479.5,1078.2,788.6,3441.9,3443.1,359.2,313.6,325.9,317.4,276.7,259.2,3464.9,3460.1,529.0,383.3,420.0,816.0,602.8,404.3,0.0,-2.0,-1.0,8990.0,-10496.0,-5206.0,7095.0,4.0,1.0,0.0,-8.0,-5.0,0.0,7510.0,-13436.0,-3129.0,4659.0,5.0,-7.0,-2.0,1.0
2022-05-08 16:17:06.021697-07:00,666.0,854.5,816.9,929.6,370.0,296.7,885.6,705.2,3468.6,3468.6,1066.9,717.5,530.6,3473.4,1078.2,788.6,3441.9,3443.1,358.4,311.3,325.9,315.9,280.6,258.4,3464.9,3460.1,523.4,381.7,420.0,816.9,604.4,405.9,-1.0,-3.0,-4.0,8990.0,-10496.0,-5205.0,7096.0,-13.0,-13.0,13.0,-6.0,0.0,1.0,7512.0,-13436.0,-3128.0,4659.0,-2.0,-5.0,4.0,1.0
2022-05-08 16:17:06.081183-07:00,666.0,854.5,816.9,928.8,370.0,299.0,887.3,707.7,3468.6,3468.6,1066.9,713.4,530.6,3467.4,1077.3,792.7,3456.4,3454.0,358.4,311.3,326.7,315.9,280.6,258.4,3467.4,3471.0,523.4,381.7,417.6,816.9,604.4,405.9,2.0,2.0,3.0,8985.0,-10498.0,-5204.0,7100.0,19.0,4.0,3.0,-4.0,5.0,4.0,7514.0,-13434.0,-3128.0,4661.0,19.0,-14.0,0.0,1.0
2022-05-08 16:17:06.111078-07:00,670.9,857.0,817.7,928.8,382.5,299.0,887.3,707.7,3477.1,3474.6,1065.1,713.4,537.8,3467.4,1077.3,792.7,3456.4,3454.0,358.4,312.0,326.7,319.7,275.2,256.9,3467.4,3471.0,523.4,382.5,417.6,817.7,605.2,406.7,5.0,0.0,3.0,8988.0,-10496.0,-5202.0,7101.0,3.0,-7.0,1.0,-2.0,-3.0,0.0,7516.0,-13433.0,-3127.0,4661.0,3.0,-2.0,0.0,1.0
2022-05-08 16:17:06.171077-07:00,670.9,857.0,817.7,929.6,382.5,295.1,871.3,706.0,3477.1,3474.6,1065.1,718.4,537.8,3467.4,1086.0,789.4,3446.7,3449.1,359.2,312.0,327.5,319.7,275.2,256.9,3457.6,3458.9,527.4,382.5,416.8,817.7,605.2,406.7,2.0,1.0,-1.0,8988.0,-10497.0,-5202.0,7100.0,4.0,11.0,9.0,-10.0,3.0,1.0,7516.0,-13433.0,-3127.0,4661.0,7.0,-6.0,5.0,1.0
2022-05-08 16:17:06.201653-07:00,671.7,862.1,814.4,929.6,370.0,295.1,871.3,706.0,3479.5,3480.7,1070.3,718.4,535.4,3467.4,1086.0,789.4,3446.7,3449.1,359.2,312.0,327.5,318.2,276.7,259.2,3457.6,3458.9,527.4,380.9,416.8,825.2,597.9,409.8,2.0,3.0,-2.0,8991.0,-10497.0,-5199.0,7098.0,5.0,-14.0,-5.0,-7.0,1.0,1.0,7520.0,-13431.0,-3126.0,4662.0,11.0,-4.0,1.0,1.0
2022-05-08 16:17:06.291192-07:00,671.7,862.1,814.4,930.5,370.0,289.0,879.7,704.4,3479.5,3480.7,1070.3,717.5,535.4,3471.0,1081.6,787.7,3445.5,3454.0,353.7,312.0,322.8,318.2,276.7,259.2,3463.7,3469.8,529.0,380.9,417.6,825.2,597.9,409.8,6.0,-2.0,-7.0,8990.0,-10494.0,-5201.0,7103.0,10.0,-10.0,-1.0,-5.0,0.0,-3.0,7522.0,-13429.0,-3126.0,4664.0,7.0,-10.0,-1.0,1.0
2022-05-08 16:17:06.321799-07:00,669.3,862.1,815.2,930.5,373.9,289.0,879.7,704.4,3467.4,3468.6,1070.3,717.5,533.0,3471.0,1081.6,787.7,3445.5,3454.0,353.7,315.9,322.8,319.0,276.0,263.0,3463.7,3469.8,529.0,384.8,417.6,821.9,622.2,405.9,6.0,5.0,0.0,8992.0,-10491.0,-5199.0,7105.0,23.0,7.0,10.0,-8.0,0.0,-2.0,7526.0,-13425.0,-3126.0,4669.0,21.0,-13.0,2.0,1.0
2022-05-08 16:17:06.351305-07:00,669.3,862.1,815.2,933.0,370.0,292.8,881.4,714.2,3467.4,3468.6,1070.3,720.0,536.2,3464.9,1076.4,790.2,3449.1,3444.3,353.7,312.8,322.8,319.0,276.0,263.0,3464.9,3468.6,528.2,380.2,419.2,821.9,622.2,405.9,1.0,5.0,1.0,8993.0,-10492.0,-5195.0,7106.0,3.0,-8.0,0.0,-7.0,-1.0,9.0,7527.0,-13424.0,-3126.0,4669.0,3.0,-2.0,-1.0,1.0
2022-05-08 16:17:06.411286-07:00,668.4,857.0,821.9,936.4,370.0,292.8,881.4,714.2,3461.3,3469.8,1063.4,722.5,536.2,3464.9,1076.4,790.2,3449.1,3444.3,353.7,312.8,328.2,315.1,278.3,256.9,3464.9,3468.6,528.2,380.2,416.8,816.9,605.2,401.2,8.0,-6.0,4.0,8993.0,-10490.0,-5198.0,7107.0,-1.0,5.0,-11.0,-6.0,-3.0,-2.0,7527.0,-13424.0,-3126.0,4669.0,0.0,-1.0,-4.0,1.0
2022-05-08 16:17:06.471101-07:00,668.4,857.0,821.9,936.4,372.4,302.0,882.3,701.1,3461.3,3469.8,1063.4,722.5,537.0,3458.9,1076.4,788.6,3447.9,3444.3,347.6,312.0,328.2,315.1,278.3,256.9,3468.6,3464.9,520.3,377.8,416.8,816.9,605.2,401.2,2.0,-6.0,-2.0,8994.0,-10492.0,-5194.0,7104.0,5.0,15.0,17.0,-8.0,-1.0,-1.0,7526.0,-13425.0,-3125.0,4669.0,4.0,-4.0,11.0,1.0
2022-05-08 16:17:06.501734-07:00,671.7,851.1,807.7,933.0,372.4,302.0,882.3,701.1,3477.1,3472.2,1059.9,716.7,537.0,3458.9,1076.4,788.6,3447.9,3444.3,347.6,312.0,323.6,321.3,271.4,259.2,3468.6,3464.9,520.3,377.8,417.6,815.2,603.6,410.6,4.0,1.0,6.0,8994.0,-10495.0,-5186.0,7107.0,26.0,6.0,22.0,-10.0,-2.0,4.0,7530.0,-13422.0,-3121.0,4672.0,23.0,-9.0,11.0,1.0
2022-05-08 16:17:06.561329-07:00,671.7,851.1,807.7,933.0,368.5,292.8,874.7,701.9,3477.1,3472.2,1059.9,716.7,536.2,3483.2,1079.9,790.2,3445.5,3455.2,354.5,315.9,323.6,321.3,271.4,259.2,3462.5,3467.4,528.2,379.4,417.6,815.2,603.6,410.6,0.0,-25.0,17.0,9003.0,-10484.0,-5170.0,7122.0,130.0,-50.0,49.0,-12.0,-14.0,10.0,7551.0,-13407.0,-3107.0,4692.0,132.0,-41.0,41.0,1.0
2022-05-08 16:17:06.621721-07:00,666.0,857.9,851.1,928.8,368.5,292.8,874.7,701.9,3468.6,3477.1,1066.0,712.6,536.2,3483.2,1079.9,790.2,3445.5,3455.2,354.5,315.9,327.5,315.9,276.7,257.6,3462.5,3467.4,528.2,379.4,423.9,819.4,600.4,409.8,12.0,3.0,-19.0,9033.0,-10429.0,-5144.0,7185.0,155.0,-138.0,41.0,-1.0,9.0,-16.0,7601.0,-13369.0,-3086.0,4735.0,160.0,-78.0,19.0,1.0
2022-05-08 16:17:06.651247-07:00,669.3,857.9,851.1,928.8,366.9,292.8,886.5,712.6,3469.8,3477.1,1066.0,712.6,532.2,3469.8,1082.5,792.7,3455.2,3452.8,358.4,313.6,327.5,315.9,276.7,258.4,3457.6,3457.6,525.8,380.2,423.9,819.4,600.4,408.2,-4.0,-26.0,16.0,9048.0,-10377.0,-5131.0,7249.0,175.0,-94.0,60.0,-10.0,-15.0,12.0,7651.0,-13326.0,-3074.0,4782.0,231.0,-102.0,36.0,1.0
2022-05-08 16:17:06.712102-07:00,669.3,856.2,967.9,928.8,366.9,292.8,886.5,702.8,3469.8,3471.0,1072.1,719.2,532.2,3469.8,1082.5,791.9,3445.5,3452.8,358.4,313.6,324.4,318.2,275.2,258.4,3467.4,3457.6,525.8,380.2,416.8,820.2,608.4,408.2,5.0,12.0,7.0,9082.0,-10326.0,-5083.0,7314.0,88.0,-21.0,88.0,-8.0,-8.0,10.0,7721.0,-13268.0,-3049.0,4846.0,124.0,-61.0,42.0,1.0
2022-05-08 16:17:06.771182-07:00,673.3,856.2,967.9,928.8,368.5,297.4,894.1,702.8,3472.2,3471.0,1072.1,719.2,541.0,3467.4,1080.8,791.9,3445.5,3447.9,356.1,315.9,324.4,318.2,275.2,261.4,3467.4,3467.4,537.8,378.6,416.8,820.2,608.4,402.8,3.0,7.0,29.0,9091.0,-10317.0,-5043.0,7343.0,127.0,63.0,54.0,-6.0,-1.0,20.0,7762.0,-13234.0,-3025.0,4890.0,198.0,-63.0,60.0,1.0
2022-05-08 16:17:06.801408-07:00,673.3,854.5,1086.8,956.8,368.5,297.4,894.1,710.1,3472.2,3462.5,1082.5,715.9,541.0,3467.4,1080.8,793.5,3449.1,3447.9,356.1,315.9,322.1,315.9,275.2,261.4,3461.3,3467.4,537.8,378.6,412.9,821.9,617.3,402.8,-1.0,-7.0,0.0,9124.0,-10304.0,-4986.0,7359.0,102.0,57.0,63.0,-9.0,2.0,0.0,7825.0,-13184.0,-2986.0,4946.0,229.0,-76.0,84.0,1.0
2022-05-08 16:17:06.862445-07:00,670.1,854.5,1086.8,956.8,377.0,303.6,900.8,710.1,3480.7,3462.5,1082.5,715.9,533.8,3478.3,1078.2,793.5,3449.1,3449.1,356.1,314.4,322.1,315.9,275.2,263.0,3461.3,3460.1,536.2,383.3,412.9,821.9,617.3,406.7,15.0,11.0,-17.0,9155.0,-10284.0,-4930.0,7386.0,296.0,21.0,87.0,-10.0,23.0,-9.0,7915.0,-13110.0,-2936.0,5028.0,446.0,-150.0,78.0,1.0
2022-05-08 16:17:06.921196-07:00,670.1,857.0,1152.4,941.5,377.0,303.6,900.8,718.4,3480.7,3469.8,1097.3,715.1,533.8,3478.3,1078.2,791.9,3458.9,3449.1,356.1,314.4,325.1,316.7,275.2,263.0,3467.4,3460.1,536.2,383.3,417.6,822.7,614.9,406.7,-14.0,-26.0,25.0,9210.0,-10251.0,-4841.0,7422.0,118.0,105.0,110.0,-15.0,-30.0,30.0,8025.0,-13018.0,-2885.0,5124.0,343.0,-120.0,107.0,1.0
2022-05-08 16:17:06.951303-07:00,667.6,857.0,1152.4,941.5,371.6,302.0,938.1,718.4,3467.4,3469.8,1097.3,715.1,537.8,3475.9,1079.9,791.9,3458.9,3439.5,356.8,318.2,325.1,316.7,275.2,259.2,3467.4,3462.5,537.0,383.3,417.6,822.7,614.9,406.7,25.0,37.0,-11.0,9258.0,-10215.0,-4739.0,7479.0,523.0,24.0,144.0,-1.0,0.0,-2.0,8188.0,-12878.0,-2801.0,5263.0,816.0,-289.0,135.0,1.0
2022-05-08 16:17:07.071113-07:00,667.6,837.7,1180.6,952.6,371.6,302.0,989.3,729.9,3467.4,3474.6,1121.7,719.2,537.8,3475.9,1085.1,793.5,3450.4,3449.1,356.8,318.2,322.1,315.9,279.0,259.2,3469.8,3461.3,537.0,383.3,416.1,819.4,614.9,406.7,-7.0,-13.0,14.0,9351.0,-10144.0,-4629.0,7527.0,110.0,119.0,6.0,-16.0,-1.0,18.0,8361.0,-12721.0,-2735.0,5405.0,360.0,-162.0,72.0,1.0
2022-05-08 16:17:07.101773-07:00,679.1,839.4,1180.6,952.6,370.0,305.1,989.3,729.9,3471.0,3471.0,1121.7,719.2,534.6,3468.6,1085.1,793.5,3450.4,3449.1,356.8,311.3,322.1,315.9,281.3,263.0,3469.8,3461.3,541.8,385.6,416.1,819.4,617.3,405.9,4.0,31.0,-6.0,9399.0,-10130.0,-4571.0,7522.0,83.0,71.0,6.0,0.0,-32.0,0.0,8434.0,-12644.0,-2719.0,5480.0,412.0,-174.0,101.0,1.0
2022-05-08 16:17:07.131953-07:00,679.1,839.4,1177.9,966.2,370.0,305.1,994.5,740.6,3471.0,3471.0,1128.7,717.5,534.6,3468.6,1076.4,792.7,3445.5,3444.3,356.8,311.3,322.8,320.5,281.3,263.0,3452.8,3468.6,541.8,385.6,420.8,822.7,617.3,405.9,18.0,43.0,-8.0,9439.0,-10117.0,-4547.0,7505.0,33.0,106.0,-102.0,1.0,51.0,4.0,8504.0,-12572.0,-2708.0,5543.0,254.0,-130.0,-10.0,1.0
2022-05-08 16:17:07.191224-07:00,675.0,834.4,1177.9,966.2,372.4,302.0,994.5,740.6,3464.9,3466.1,1128.7,717.5,534.6,3464.9,1076.4,792.7,3445.5,3444.3,359.2,316.7,322.8,320.5,279.0,256.9,3452.8,3468.6,549.8,379.4,420.8,822.7,622.2,406.7,-21.0,-51.0,-39.0,9455.0,-10128.0,-4550.0,7467.0,89.0,-62.0,-26.0,-27.0,-12.0,-1.0,8558.0,-12522.0,-2690.0,5583.0,245.0,-69.0,34.0,1.0
2022-05-08 16:17:07.221174-07:00,675.0,834.4,1162.1,971.3,372.4,302.0,969.6,728.2,3464.9,3466.1,1133.1,712.6,534.6,3464.9,1077.3,789.4,3445.5,3449.1,359.2,316.7,326.7,319.7,279.0,256.9,3460.1,3463.7,549.8,379.4,415.3,821.9,622.2,406.7,1.0,7.0,-2.0,9474.0,-10098.0,-4560.0,7477.0,-2.0,-54.0,-71.0,-12.0,-7.0,3.0,8600.0,-12481.0,-2693.0,5608.0,113.0,-61.0,-15.0,1.0
2022-05-08 16:17:07.251337-07:00,659.5,816.9,1162.1,971.3,402.8,300.5,969.6,728.2,3469.8,3473.4,1133.1,712.6,534.6,3464.9,1077.3,789.4,3445.5,3449.1,357.6,315.9,326.7,319.7,279.8,260.7,3460.1,3463.7,551.4,379.4,415.3,821.9,614.1,404.3,2.0,-20.0,4.0,9484.0,-10076.0,-4582.0,7482.0,76.0,-20.0,-4.0,-9.0,-8.0,10.0,8637.0,-12445.0,-2687.0,5633.0,139.0,-49.0,2.0,1.0
2022-05-08 16:17:07.311235-07:00,659.5,816.9,1148.9,958.5,402.8,298.2,956.0,720.8,3469.8,3473.4,1123.5,715.9,534.6,3468.6,1080.8,788.6,3449.1,3440.7,357.6,315.9,321.3,318.2,279.8,260.7,3462.5,3460.1,549.8,379.4,415.3,821.9,614.1,404.3,13.0,19.0,3.0,9501.0,-10049.0,-4574.0,7501.0,49.0,-39.0,-14.0,-3.0,9.0,3.0,8659.0,-12422.0,-2689.0,5650.0,88.0,-42.0,5.0,1.0
2022-05-08 16:17:07.401270-07:00,659.5,804.4,1128.7,958.5,407.5,298.2,956.0,720.8,3479.5,3457.6,1129.6,715.9,535.4,3468.6,1080.8,788.6,3449.1,3440.7,357.6,319.0,321.3,319.7,274.4,261.4,3462.5,3460.1,549.8,384.0,415.3,825.2,614.1,415.3,1.0,4.0,1.0,9515.0,-10031.0,-4573.0,7507.0,11.0,11.0,-8.0,-5.0,-3.0,3.0,8677.0,-12405.0,-2685.0,5662.0,33.0,-12.0,2.0,1.0
2022-05-08 16:17:07.402780-07:00,659.5,804.4,1128.7,956.0,407.5,303.6,949.2,712.6,3479.5,3457.6,1129.6,716.7,535.4,3475.9,1072.9,792.7,3449.1,3437.0,356.1,319.0,321.3,319.7,274.4,261.4,3463.7,3457.6,550.6,384.0,418.4,825.2,614.1,415.3,6.0,3.0,-2.0,9515.0,-10037.0,-4571.0,7501.0,36.0,2.0,-4.0,-6.0,-7.0,9.0,8676.0,-12406.0,-2684.0,5660.0,29.0,-9.0,8.0,1.0
2022-05-08 16:17:07.461307-07:00,660.3,796.9,1113.9,956.0,411.4,303.6,949.2,712.6,3464.9,3474.6,1126.1,716.7,535.4,3475.9,1072.9,792.7,3449.1,3437.0,356.1,319.0,321.3,315.1,284.4,256.1,3463.7,3457.6,550.6,380.9,418.4,816.9,616.5,416.1,7.0,-1.0,-8.0,9527.0,-10023.0,-4567.0,7506.0,24.0,-18.0,-15.0,-9.0,1.0,0.0,8691.0,-12392.0,-2680.0,5671.0,39.0,-15.0,-5.0,1.0
2022-05-08 16:17:07.521276-07:00,660.3,796.9,1113.9,950.9,411.4,302.0,960.2,720.0,3464.9,3474.6,1126.1,714.2,535.4,3478.3,1076.4,794.4,3456.4,3440.7,356.8,319.0,324.4,315.1,284.4,256.1,3467.4,3455.2,543.4,380.9,416.8,816.9,616.5,416.1,1.0,-3.0,-3.0,9528.0,-10022.0,-4570.0,7505.0,6.0,-6.0,9.0,-12.0,-9.0,12.0,8689.0,-12393.0,-2681.0,5672.0,2.0,-4.0,4.0,1.0
2022-05-08 16:17:07.551539-07:00,656.2,797.7,1111.2,950.9,412.9,302.0,960.2,720.0,3462.5,3474.6,1124.4,714.2,534.6,3478.3,1076.4,794.4,3456.4,3440.7,356.8,315.9,324.4,317.4,279.8,260.7,3467.4,3455.2,543.4,389.5,416.8,821.9,618.1,417.6,4.0,10.0,-2.0,9534.0,-10015.0,-4566.0,7509.0,31.0,-2.0,-8.0,-5.0,5.0,5.0,8699.0,-12383.0,-2679.0,5680.0,28.0,-19.0,-7.0,1.0
2022-05-08 16:17:07.612401-07:00,656.2,797.7,1111.2,952.6,412.9,301.3,939.0,711.0,3462.5,3474.6,1124.4,724.9,534.6,3462.5,1080.8,792.7,3449.1,3443.1,356.1,315.9,320.5,317.4,279.8,260.7,3457.6,3462.5,543.4,389.5,410.6,821.9,618.1,417.6,1.0,-5.0,-4.0,9538.0,-10015.0,-4566.0,7504.0,-8.0,14.0,5.0,-6.0,-1.0,5.0,8700.0,-12381.0,-2678.0,5681.0,-19.0,14.0,5.0,1.0
2022-05-08 16:17:07.641551-07:00,656.2,791.0,1106.9,950.0,408.2,301.3,939.0,711.0,3464.9,3478.3,1119.1,713.4,526.6,3462.5,1080.8,792.7,3449.1,3443.1,356.1,319.7,322.1,311.3,278.3,259.9,3457.6,3462.5,543.4,378.6,418.4,826.9,614.9,412.9,2.0,9.0,-5.0,9530.0,-10022.0,-4566.0,7505.0,-1.0,3.0,16.0,-7.0,-3.0,4.0,8694.0,-12387.0,-2676.0,5679.0,9.0,-1.0,5.0,1.0
2022-05-08 16:17:07.701303-07:00,656.2,791.0,1106.9,950.0,408.2,297.4,950.0,710.1,3464.9,3478.3,1119.1,713.4,533.0,3472.2,1078.2,787.7,3450.4,3454.0,358.4,311.3,322.1,311.3,278.3,259.9,3457.6,3458.9,545.0,383.3,418.4,826.9,614.9,412.9,7.0,-4.0,-3.0,9532.0,-10019.0,-4566.0,7506.0,25.0,0.0,-6.0,-6.0,-1.0,0.0,8702.0,-12381.0,-2673.0,5682.0,29.0,-8.0,-8.0,1.0
2022-05-08 16:17:07.761249-07:00,655.4,784.4,1100.8,952.6,408.2,297.4,950.0,710.1,3462.5,3473.4,1121.7,712.6,533.0,3472.2,1078.2,787.7,3450.4,3454.0,358.4,311.3,321.3,315.1,279.8,260.7,3457.6,3458.9,545.0,383.3,416.1,829.4,614.9,410.6,6.0,-1.0,3.0,9529.0,-10021.0,-4568.0,7506.0,-21.0,-12.0,10.0,-12.0,-9.0,12.0,8699.0,-12383.0,-2674.0,5682.0,-16.0,-1.0,6.0,1.0
2022-05-08 16:17:07.791245-07:00,655.4,784.4,1100.8,952.6,409.8,300.5,940.7,711.8,3462.5,3473.4,1121.7,712.6,534.6,3467.4,1073.8,795.2,3449.1,3447.9,353.0,322.8,321.3,315.1,279.8,260.7,3462.5,3457.6,541.0,381.7,416.1,829.4,614.9,410.6,6.0,11.0,-5.0,9531.0,-10018.0,-4566.0,7510.0,28.0,2.0,-9.0,-3.0,7.0,4.0,8701.0,-12380.0,-2674.0,5685.0,35.0,-8.0,-10.0,1.0
2022-05-08 16:17:07.851304-07:00,664.4,791.0,1102.5,950.9,409.8,300.5,940.7,711.8,3467.4,3469.8,1113.9,715.9,534.6,3467.4,1073.8,795.2,3449.1,3447.9,353.0,322.8,323.6,315.9,278.3,259.2,3462.5,3457.6,541.0,381.7,423.9,845.3,616.5,416.8,4.0,-8.0,-3.0,9531.0,-10015.0,-4571.0,7510.0,-21.0,-13.0,10.0,-8.0,-9.0,4.0,8704.0,-12377.0,-2673.0,5686.0,-17.0,13.0,3.0,1.0
2022-05-08 16:17:07.911195-07:00,664.4,791.0,1102.5,950.9,408.2,298.2,935.6,711.0,3467.4,3469.8,1113.9,715.9,537.0,3467.4,1077.3,796.9,3449.1,3435.8,361.5,314.4,323.6,315.9,278.3,259.2,3466.1,3467.4,544.2,380.9,423.9,845.3,616.5,416.8,6.0,2.0,-2.0,9527.0,-10016.0,-4574.0,7512.0,7.0,-6.0,5.0,-4.0,3.0,2.0,8701.0,-12380.0,-2673.0,5684.0,4.0,0.0,0.0,1.0
2022-05-08 16:17:07.971273-07:00,651.4,786.9,1101.7,955.1,408.2,298.2,935.6,715.1,3467.4,3469.8,1111.2,714.2,537.0,3467.4,1077.3,791.0,3447.9,3435.8,361.5,314.4,322.8,315.1,279.8,260.7,3464.9,3467.4,544.2,380.9,416.8,820.2,613.3,413.7,-1.0,-1.0,-1.0,9526.0,-10014.0,-4577.0,7514.0,7.0,-18.0,-1.0,-9.0,-1.0,7.0,8701.0,-12380.0,-2673.0,5685.0,6.0,-8.0,-6.0,1.0
2022-05-08 16:17:08.001243-07:00,653.0,786.9,1101.7,955.1,412.1,298.2,939.8,715.1,3468.6,3469.8,1111.2,714.2,541.0,3472.2,1077.3,791.0,3447.9,3457.6,358.4,319.0,322.8,315.1,279.8,259.2,3464.9,3457.6,544.2,378.6,416.8,820.2,613.3,412.1,6.0,0.0,-8.0,9524.0,-10012.0,-4581.0,7518.0,-2.0,-11.0,3.0,-4.0,1.0,2.0,8699.0,-12381.0,-2674.0,5685.0,-6.0,-2.0,-2.0,1.0
2022-05-08 16:17:08.121068-07:00,653.0,776.9,1096.4,944.1,412.1,298.2,939.8,710.1,3468.6,3481.9,1112.1,711.0,541.0,3472.2,1077.3,787.7,3447.9,3457.6,358.4,319.0,324.4,319.7,279.0,259.2,3473.4,3457.6,544.2,378.6,415.3,816.9,614.9,412.1,-3.0,-6.0,0.0,9522.0,-10013.0,-4583.0,7517.0,-17.0,4.0,-6.0,-7.0,-2.0,7.0,8699.0,-12381.0,-2674.0,5685.0,-14.0,5.0,-3.0,1.0
2022-05-08 16:17:08.123038-07:00,657.0,776.9,1096.4,944.1,411.4,302.8,939.8,710.1,3473.4,3481.9,1112.1,711.0,541.0,3472.2,1082.5,787.7,3447.9,3451.6,358.4,318.2,324.4,319.7,279.0,257.6,3473.4,3467.4,557.0,380.9,415.3,816.9,614.9,410.6,7.0,11.0,-5.0,9521.0,-10012.0,-4585.0,7519.0,7.0,-13.0,1.0,-2.0,10.0,1.0,8700.0,-12380.0,-2673.0,5687.0,-5.0,2.0,-1.0,1.0
2022-05-08 16:17:08.152020-07:00,657.0,785.2,1096.4,950.0,411.4,302.8,939.8,714.2,3473.4,3473.4,1114.7,713.4,541.0,3472.2,1082.5,786.1,3449.1,3451.6,358.4,318.2,322.8,319.0,273.7,257.6,3460.1,3467.4,557.0,380.9,416.1,818.5,614.9,410.6,0.0,-7.0,0.0,9520.0,-10014.0,-4585.0,7517.0,-4.0,17.0,0.0,-8.0,-15.0,10.0,8697.0,-12382.0,-2674.0,5686.0,-14.0,7.0,4.0,1.0
2022-05-08 16:17:08.211306-07:00,652.2,785.2,1096.4,950.0,401.2,302.8,939.0,714.2,3464.9,3473.4,1114.7,713.4,535.4,3471.0,1079.0,786.1,3449.1,3456.4,359.2,316.7,322.8,319.0,273.7,256.1,3460.1,3467.4,536.2,396.5,416.1,818.5,614.9,417.6,4.0,4.0,-4.0,9519.0,-10015.0,-4587.0,7517.0,-2.0,-12.0,2.0,-4.0,-2.0,2.0,8697.0,-12382.0,-2674.0,5687.0,7.0,-4.0,-3.0,1.0
2022-05-08 16:17:08.241641-07:00,652.2,784.4,1092.9,947.5,401.2,302.8,939.0,711.0,3464.9,3469.8,1115.6,709.3,535.4,3471.0,1079.0,795.2,3455.2,3456.4,359.2,316.7,317.4,319.0,274.4,256.1,3464.9,3467.4,536.2,396.5,414.5,823.5,610.0,417.6,4.0,-7.0,0.0,9518.0,-10013.0,-4589.0,7519.0,-9.0,5.0,0.0,-8.0,-3.0,1.0,8697.0,-12382.0,-2673.0,5687.0,-5.0,3.0,1.0,1.0
2022-05-08 16:17:08.302085-07:00,653.0,782.7,1092.9,947.5,409.0,296.7,939.8,711.0,3467.4,3468.6,1115.6,709.3,532.2,3467.4,1074.7,795.2,3455.2,3450.4,360.7,315.1,317.4,319.0,278.3,259.2,3464.9,3469.8,537.8,379.4,414.5,823.5,606.8,412.9,7.0,5.0,-2.0,9515.0,-10017.0,-4589.0,7517.0,-14.0,-9.0,2.0,-5.0,0.0,3.0,8694.0,-12385.0,-2674.0,5685.0,2.0,-1.0,0.0,1.0
2022-05-08 16:17:08.361793-07:00,653.0,782.7,1090.3,961.1,409.0,296.7,933.9,720.0,3467.4,3468.6,1116.5,719.2,532.2,3467.4,1073.8,791.9,3443.1,3446.7,360.7,315.1,323.6,321.3,278.3,259.2,3461.3,3467.4,537.8,379.4,412.9,816.9,606.8,412.9,1.0,-14.0,0.0,9516.0,-10016.0,-4590.0,7515.0,-10.0,3.0,-14.0,-9.0,-9.0,5.0,8693.0,-12385.0,-2674.0,5685.0,-9.0,8.0,-4.0,1.0
2022-05-08 16:17:08.391276-07:00,653.8,776.9,1090.3,961.1,403.5,299.7,933.9,720.0,3478.3,3474.6,1116.5,719.2,543.4,3467.4,1073.8,791.9,3443.1,3446.7,357.6,315.1,323.6,321.3,278.3,261.4,3461.3,3467.4,537.8,379.4,412.9,816.9,608.4,410.6,6.0,5.0,-6.0,9516.0,-10016.0,-4587.0,7518.0,-6.0,-7.0,16.0,-3.0,2.0,1.0,8693.0,-12385.0,-2674.0,5685.0,-13.0,5.0,5.0,1.0
2022-05-08 16:17:08.451335-07:00,653.8,776.9,1096.4,953.4,403.5,299.7,938.1,705.2,3478.3,3474.6,1104.3,720.8,543.4,3467.4,1069.5,789.4,3438.2,3441.9,357.6,315.1,321.3,317.4,278.3,261.4,3457.6,3466.1,537.8,379.4,416.8,816.0,608.4,410.6,1.0,0.0,-1.0,9511.0,-10020.0,-4589.0,7517.0,-14.0,3.0,-5.0,-6.0,-2.0,0.0,8689.0,-12389.0,-2675.0,5682.0,-10.0,6.0,-5.0,1.0
2022-05-08 16:17:08.511949-07:00,653.8,781.9,1096.4,953.4,402.0,301.3,938.1,705.2,3467.4,3474.6,1104.3,720.8,533.0,3464.9,1069.5,789.4,3438.2,3441.9,357.6,311.3,321.3,317.4,276.7,258.4,3457.6,3466.1,544.2,381.7,416.8,816.0,608.4,412.9,3.0,-3.0,-4.0,9510.0,-10022.0,-4591.0,7516.0,3.0,-3.0,1.0,-4.0,-2.0,2.0,8688.0,-12390.0,-2675.0,5682.0,-1.0,1.0,1.0,1.0
2022-05-08 16:17:08.541290-07:00,653.8,781.9,1088.6,939.0,402.0,301.3,933.9,718.4,3467.4,3474.6,1120.0,715.9,533.0,3464.9,1083.4,787.7,3449.1,3451.6,357.6,311.3,321.3,317.4,276.7,258.4,3462.5,3457.6,544.2,381.7,418.4,824.4,608.4,412.9,2.0,6.0,-6.0,9510.0,-10022.0,-4591.0,7516.0,4.0,0.0,7.0,-5.0,5.0,2.0,8688.0,-12390.0,-2675.0,5682.0,-5.0,2.0,1.0,1.0
2022-05-08 16:17:08.601384-07:00,653.8,777.8,1082.5,939.0,405.9,296.7,933.9,718.4,3471.0,3477.1,1119.1,715.9,533.8,3464.9,1083.4,787.7,3449.1,3451.6,356.8,315.9,321.3,315.9,276.0,258.4,3462.5,3457.6,540.2,378.6,418.4,826.9,605.2,426.2,5.0,1.0,-2.0,9509.0,-10022.0,-4592.0,7515.0,4.0,5.0,-1.0,-5.0,-1.0,0.0,8688.0,-12390.0,-2675.0,5681.0,-6.0,10.0,-4.0,1.0
2022-05-08 16:17:08.661302-07:00,653.8,777.8,1082.5,950.9,405.9,299.0,930.5,719.2,3471.0,3477.1,1119.1,712.6,533.8,3471.0,1074.7,791.0,3438.2,3446.7,356.8,315.9,319.7,315.9,276.0,258.4,3473.4,3460.1,537.8,378.6,418.4,826.9,605.2,426.2,6.0,0.0,0.0,9509.0,-10022.0,-4592.0,7516.0,5.0,-11.0,6.0,-6.0,-8.0,2.0,8688.0,-12390.0,-2675.0,5681.0,12.0,-7.0,1.0,1.0
2022-05-08 16:17:08.691210-07:00,656.2,786.1,1083.4,950.9,402.0,299.0,930.5,719.2,3473.4,3472.2,1112.1,712.6,535.4,3471.0,1074.7,791.0,3438.2,3446.7,356.8,311.3,319.7,318.2,277.5,261.4,3473.4,3460.1,537.8,378.6,418.4,818.5,614.1,416.1,3.0,0.0,-5.0,9509.0,-10020.0,-4593.0,7517.0,10.0,-12.0,-5.0,-5.0,2.0,0.0,8692.0,-12387.0,-2673.0,5682.0,12.0,-6.0,-6.0,1.0
2022-05-08 16:17:08.751291-07:00,656.2,786.1,1083.4,946.6,402.0,297.4,931.3,709.3,3473.4,3472.2,1112.1,712.6,535.4,3461.3,1072.9,795.2,3443.1,3444.3,354.5,311.3,325.1,318.2,277.5,261.4,3461.3,3466.1,541.8,378.6,419.2,818.5,614.1,416.1,3.0,1.0,-4.0,9510.0,-10021.0,-4591.0,7516.0,-5.0,15.0,-1.0,-9.0,-1.0,5.0,8691.0,-12388.0,-2674.0,5682.0,-16.0,4.0,2.0,1.0
2022-05-08 16:17:08.811203-07:00,649.7,773.6,1082.5,946.6,406.7,297.4,931.3,709.3,3469.8,3478.3,1120.9,712.6,530.6,3461.3,1072.9,795.2,3443.1,3444.3,354.5,315.1,325.1,315.1,276.7,257.6,3461.3,3466.1,541.8,378.6,419.2,821.9,606.8,412.9,4.0,12.0,-2.0,9507.0,-10022.0,-4594.0,7516.0,8.0,-13.0,-3.0,-4.0,4.0,1.0,8691.0,-12389.0,-2673.0,5681.0,5.0,-4.0,-8.0,1.0
2022-05-08 16:17:08.841330-07:00,649.7,773.6,1082.5,945.8,406.7,297.4,911.8,707.7,3469.8,3478.3,1120.9,714.2,530.6,3468.6,1069.5,791.0,3443.1,3441.9,358.4,315.1,324.4,315.1,276.7,257.6,3467.4,3472.2,541.8,378.6,417.6,821.9,606.8,412.9,5.0,-4.0,-2.0,9508.0,-10018.0,-4596.0,7520.0,19.0,-3.0,6.0,-7.0,-2.0,0.0,8692.0,-12387.0,-2673.0,5682.0,9.0,-5.0,1.0,1.0
2022-05-08 16:17:08.901257-07:00,648.9,781.1,1078.2,945.8,405.9,297.4,911.8,707.7,3467.4,3464.9,1110.4,714.2,537.8,3468.6,1069.5,791.0,3443.1,3441.9,358.4,315.9,324.4,319.7,276.0,259.2,3467.4,3472.2,541.8,379.4,417.6,821.0,608.4,416.1,2.0,0.0,0.0,9506.0,-10019.0,-4598.0,7520.0,-10.0,-13.0,4.0,-7.0,-3.0,6.0,8689.0,-12390.0,-2675.0,5682.0,3.0,-6.0,-1.0,1.0
2022-05-08 16:17:08.961192-07:00,648.9,781.1,1078.2,945.8,401.2,297.4,933.0,708.5,3467.4,3464.9,1110.4,711.8,532.2,3467.4,1072.9,791.9,3447.9,3445.5,357.6,317.4,320.5,319.7,276.0,259.2,3467.4,3462.5,540.2,379.4,420.0,821.0,608.4,416.1,0.0,-2.0,-2.0,9507.0,-10017.0,-4599.0,7521.0,6.0,6.0,-12.0,-10.0,-4.0,7.0,8691.0,-12388.0,-2674.0,5682.0,6.0,1.0,-3.0,1.0
2022-05-08 16:17:08.991204-07:00,646.5,778.6,1085.1,946.6,401.2,297.4,933.0,708.5,3472.2,3473.4,1106.9,711.0,532.2,3467.4,1072.9,791.9,3447.9,3445.5,357.6,317.4,323.6,315.9,276.0,259.9,3467.4,3462.5,540.2,379.4,415.3,819.4,610.8,411.4,3.0,0.0,-2.0,9507.0,-10017.0,-4599.0,7521.0,-9.0,0.0,6.0,-2.0,1.0,0.0,8690.0,-12389.0,-2674.0,5682.0,-14.0,11.0,3.0,1.0
2022-05-08 16:17:09.081500-07:00,646.5,778.6,1085.1,946.6,402.0,298.2,933.0,707.7,3472.2,3473.4,1106.9,711.0,535.4,3463.7,1080.8,786.9,3433.4,3445.5,356.8,318.2,323.6,315.9,276.0,259.9,3457.6,3461.3,533.0,380.9,415.3,819.4,610.8,411.4,2.0,3.0,-4.0,9506.0,-10017.0,-4601.0,7521.0,-1.0,-12.0,-2.0,-8.0,6.0,2.0,8689.0,-12390.0,-2674.0,5681.0,-6.0,-3.0,-5.0,1.0
2022-05-08 16:17:09.111336-07:00,655.4,773.6,1078.2,951.7,402.0,298.2,933.0,707.7,3473.4,3463.7,1104.3,725.8,535.4,3463.7,1080.8,786.9,3433.4,3445.5,356.8,318.2,317.4,315.9,276.7,259.9,3457.6,3461.3,533.0,380.9,417.6,816.9,607.6,412.1,3.0,2.0,-4.0,9508.0,-10015.0,-4599.0,7522.0,24.0,10.0,-5.0,-2.0,1.0,1.0,8692.0,-12387.0,-2674.0,5683.0,19.0,-11.0,-3.0,1.0
2022-05-08 16:17:09.141201-07:00,655.4,773.6,1078.2,951.7,405.9,294.4,933.9,707.7,3473.4,3463.7,1104.3,725.8,534.6,3471.0,1072.9,784.4,3452.8,3449.1,360.0,319.0,317.4,315.9,276.7,259.9,3469.8,3468.6,535.4,383.3,417.6,816.9,607.6,412.1,7.0,1.0,1.0,9508.0,-10014.0,-4598.0,7524.0,-6.0,-5.0,12.0,-8.0,-8.0,4.0,8693.0,-12386.0,-2674.0,5684.0,-3.0,-4.0,7.0,1.0
2022-05-08 16:17:09.201107-07:00,657.0,768.7,1098.2,946.6,405.9,294.4,933.9,707.7,3475.9,3471.0,1107.8,711.8,534.6,3471.0,1072.9,784.4,3452.8,3449.1,360.0,319.0,321.3,318.2,274.4,254.6,3469.8,3468.6,535.4,383.3,418.4,820.2,607.6,416.1,6.0,1.0,-3.0,9508.0,-10014.0,-4598.0,7524.0,4.0,3.0,-5.0,-5.0,0.0,0.0,8693.0,-12386.0,-2674.0,5684.0,8.0,-2.0,-5.0,1.0
2022-05-08 16:17:09.291074-07:00,650.5,768.7,1098.2,946.6,402.0,295.9,930.5,701.1,3469.8,3471.0,1107.8,711.8,533.8,3464.9,1075.6,787.7,3440.7,3456.4,360.7,314.4,321.3,318.2,274.4,259.9,3464.9,3468.6,544.2,376.3,418.4,820.2,607.6,409.0,1.0,-8.0,0.0,9508.0,-10015.0,-4598.0,7523.0,-4.0,4.0,5.0,-4.0,-2.0,7.0,8692.0,-12387.0,-2675.0,5684.0,-4.0,-3.0,5.0,1.0
2022-05-08 16:17:09.320966-07:00,650.5,772.0,1079.0,942.4,402.0,295.9,930.5,709.3,3469.8,3488.0,1103.4,713.4,533.8,3464.9,1075.6,787.7,3443.1,3456.4,360.7,314.4,322.8,319.7,274.4,259.9,3471.0,3468.6,544.2,376.3,416.8,819.4,610.0,409.0,2.0,-3.0,0.0,9508.0,-10015.0,-4598.0,7523.0,-4.0,9.0,-1.0,-7.0,-5.0,5.0,8691.0,-12387.0,-2675.0,5684.0,14.0,-3.0,-1.0,1.0
2022-05-08 16:17:09.351294-07:00,656.2,772.0,1079.0,942.4,398.9,295.9,925.4,709.3,3483.2,3488.0,1103.4,713.4,530.6,3469.8,1076.4,787.7,3443.1,3452.8,360.0,315.1,322.8,319.7,274.4,264.5,3471.0,3468.6,537.8,375.5,416.8,819.4,610.0,410.6,5.0,0.0,-3.0,9511.0,-10013.0,-4595.0,7523.0,10.0,10.0,-7.0,-7.0,0.0,7.0,8693.0,-12386.0,-2674.0,5684.0,6.0,-3.0,-4.0,1.0
2022-05-08 16:17:09.411394-07:00,656.2,774.5,1073.8,944.9,398.9,295.9,925.4,705.2,3483.2,3472.2,1105.1,714.2,530.6,3469.8,1076.4,791.9,3452.8,3452.8,360.0,315.1,319.7,319.0,279.8,264.5,3462.5,3468.6,537.8,375.5,416.8,821.9,610.0,410.6,5.0,0.0,-3.0,9509.0,-10014.0,-4597.0,7523.0,-16.0,-12.0,2.0,-6.0,0.0,2.0,8691.0,-12387.0,-2675.0,5684.0,-19.0,2.0,-1.0,1.0
2022-05-08 16:17:09.471266-07:00,657.0,774.5,1073.8,944.9,398.9,299.7,932.2,705.2,3468.6,3472.2,1105.1,714.2,530.6,3466.1,1079.0,791.9,3452.8,3450.4,359.2,314.4,319.7,319.0,279.8,263.0,3462.5,3473.4,529.0,380.9,416.8,821.9,610.0,413.7,3.0,-5.0,1.0,9508.0,-10015.0,-4597.0,7523.0,14.0,5.0,7.0,-9.0,-8.0,6.0,8690.0,-12388.0,-2675.0,5684.0,14.0,-6.0,1.0,1.0
2022-05-08 16:17:09.501242-07:00,657.0,772.0,1073.8,946.6,398.9,299.7,932.2,709.3,3468.6,3466.1,1111.2,717.5,530.6,3466.1,1079.0,791.0,3450.4,3450.4,359.2,314.4,325.9,319.7,279.0,263.0,3468.6,3473.4,529.0,380.9,413.7,811.0,606.8,413.7,4.0,1.0,0.0,9510.0,-10013.0,-4596.0,7524.0,-2.0,-1.0,-1.0,-4.0,1.0,3.0,8692.0,-12386.0,-2674.0,5684.0,5.0,-1.0,-4.0,1.0
2022-05-08 16:17:09.561367-07:00,654.6,775.3,1073.8,946.6,406.7,295.9,924.5,709.3,3475.9,3473.4,1111.2,717.5,541.0,3474.6,1070.3,791.0,3450.4,3449.1,359.2,319.0,325.9,319.7,274.4,256.1,3468.6,3457.6,534.6,378.6,413.7,811.0,607.6,409.0,5.0,-3.0,-2.0,9508.0,-10017.0,-4597.0,7521.0,-18.0,14.0,-3.0,-10.0,-6.0,5.0,8688.0,-12389.0,-2676.0,5683.0,-20.0,9.0,1.0,1.0
2022-05-08 16:17:09.621124-07:00,654.6,775.3,1065.1,950.0,406.7,295.9,935.6,705.2,3475.9,3473.4,1107.8,716.7,541.0,3474.6,1078.2,788.6,3445.5,3444.3,359.2,319.0,321.3,318.2,274.4,256.1,3458.9,3462.5,534.6,378.6,416.8,818.5,607.6,409.0,6.0,8.0,-4.0,9510.0,-10017.0,-4595.0,7520.0,2.0,3.0,-4.0,-2.0,1.0,2.0,8689.0,-12389.0,-2675.0,5683.0,-2.0,-1.0,-2.0,1.0
2022-05-08 16:17:09.651197-07:00,649.7,770.3,1065.1,950.0,397.3,295.9,935.6,705.2,3471.0,3475.9,1107.8,716.7,530.6,3468.6,1078.2,788.6,3445.5,3444.3,363.1,313.6,321.3,318.2,278.3,261.4,3458.9,3462.5,537.8,378.6,416.8,818.5,606.8,411.4,5.0,-7.0,0.0,9510.0,-10017.0,-4595.0,7520.0,-5.0,6.0,5.0,-6.0,-3.0,0.0,8687.0,-12390.0,-2676.0,5682.0,-3.0,1.0,1.0,1.0
2022-05-08 16:17:09.711401-07:00,649.7,770.3,1072.9,945.8,397.3,295.9,924.5,705.2,3471.0,3475.9,1112.1,715.9,530.6,3468.6,1075.6,790.2,3445.5,3447.9,363.1,313.6,325.1,316.7,278.3,261.4,3467.4,3458.9,537.8,378.6,420.8,816.9,606.8,411.4,0.0,4.0,-4.0,9511.0,-10022.0,-4586.0,7517.0,9.0,19.0,7.0,-5.0,0.0,4.0,8689.0,-12389.0,-2675.0,5683.0,15.0,-7.0,4.0,1.0
2022-05-08 16:17:09.741559-07:00,648.1,771.1,1072.9,945.8,401.2,298.2,924.5,705.2,3464.9,3479.5,1112.1,715.9,534.6,3467.4,1075.6,790.2,3445.5,3447.9,354.5,314.4,325.1,316.7,276.0,259.2,3467.4,3458.9,533.0,379.4,420.8,816.9,611.7,412.1,0.0,0.0,-4.0,9512.0,-10023.0,-4584.0,7515.0,-20.0,5.0,-7.0,-6.0,4.0,5.0,8689.0,-12390.0,-2675.0,5682.0,-26.0,12.0,-5.0,1.0
2022-05-08 16:17:09.801288-07:00,648.1,771.1,1079.9,942.4,401.2,298.2,930.5,703.6,3464.9,3479.5,1102.5,713.4,534.6,3467.4,1078.2,791.0,3444.3,3446.7,354.5,314.4,319.7,316.7,276.0,259.2,3460.1,3464.9,533.0,379.4,415.3,818.5,611.7,412.1,6.0,-9.0,-1.0,9506.0,-10032.0,-4583.0,7512.0,-8.0,34.0,19.0,-5.0,-5.0,-2.0,8678.0,-12400.0,-2677.0,5675.0,-26.0,16.0,9.0,1.0
2022-05-08 16:17:09.861981-07:00,661.9,767.8,1068.6,942.4,402.8,295.9,930.5,703.6,3471.0,3473.4,1106.0,713.4,533.8,3473.4,1078.2,791.0,3444.3,3446.7,360.0,316.7,319.7,315.1,274.4,256.1,3460.1,3464.9,531.4,375.5,415.3,815.2,607.6,408.2,2.0,6.0,-2.0,9507.0,-10037.0,-4576.0,7509.0,0.0,6.0,5.0,-3.0,1.0,9.0,8677.0,-12401.0,-2677.0,5674.0,4.0,1.0,-3.0,1.0
2022-05-08 16:17:09.891453-07:00,661.9,767.8,1068.6,951.7,402.8,302.0,926.2,709.3,3471.0,3473.4,1106.0,715.9,533.8,3467.4,1077.3,790.2,3449.1,3441.9,355.3,316.7,317.4,315.1,274.4,256.1,3463.7,3469.8,535.4,375.5,415.3,815.2,607.6,408.2,5.0,-8.0,0.0,9503.0,-10039.0,-4570.0,7514.0,-2.0,3.0,43.0,-9.0,-1.0,-2.0,8676.0,-12403.0,-2676.0,5671.0,-16.0,17.0,6.0,1.0
2022-05-08 16:17:09.951280-07:00,649.7,771.1,1073.8,951.7,395.7,302.0,926.2,709.3,3464.9,3462.5,1106.9,715.9,535.4,3467.4,1077.3,790.2,3449.1,3441.9,355.3,313.6,317.4,312.0,276.0,263.0,3463.7,3469.8,535.4,380.2,415.3,819.4,604.4,405.9,9.0,11.0,-2.0,9492.0,-10053.0,-4555.0,7518.0,-35.0,22.0,43.0,0.0,8.0,5.0,8664.0,-12418.0,-2672.0,5659.0,-69.0,51.0,1.0,1.0
2022-05-08 16:17:10.011230-07:00,649.7,771.1,1073.8,947.5,395.7,292.8,930.5,711.0,3464.9,3462.5,1106.9,715.9,535.4,3477.1,1077.3,782.7,3444.3,3452.8,353.0,313.6,319.7,312.0,276.0,263.0,3471.0,3461.3,533.0,380.2,416.8,819.4,604.4,405.9,3.0,-4.0,-1.0,9478.0,-10068.0,-4548.0,7520.0,-14.0,10.0,34.0,-10.0,-4.0,0.0,8646.0,-12439.0,-2672.0,5641.0,-41.0,26.0,5.0,1.0
2022-05-08 16:17:10.041944-07:00,646.5,766.2,1099.0,947.5,405.9,292.8,930.5,711.0,3469.8,3464.9,1106.9,715.9,536.2,3477.1,1077.3,782.7,3444.3,3452.8,353.0,313.6,319.7,315.9,276.0,260.7,3471.0,3461.3,533.0,381.7,416.8,821.9,609.2,406.7,7.0,10.0,-5.0,9471.0,-10073.0,-4537.0,7529.0,-3.0,-1.0,38.0,-2.0,3.0,-5.0,8631.0,-12457.0,-2671.0,5623.0,-85.0,54.0,-4.0,1.0
2022-05-08 16:17:10.101237-07:00,646.5,766.2,1099.0,950.0,405.9,293.6,934.7,707.7,3469.8,3464.9,1106.9,709.3,536.2,3468.6,1075.6,784.4,3454.0,3449.1,361.5,313.6,320.5,315.9,276.0,260.7,3462.5,3464.9,530.6,381.7,416.8,821.9,609.2,406.7,2.0,1.0,-2.0,9461.0,-10086.0,-4532.0,7528.0,-25.0,10.0,32.0,-4.0,-2.0,9.0,8606.0,-12485.0,-2674.0,5599.0,-79.0,53.0,-11.0,1.0
2022-05-08 16:17:10.191527-07:00,653.8,773.6,1139.2,950.0,398.1,293.6,934.7,707.7,3472.2,3464.9,1112.1,709.3,535.4,3468.6,1075.6,784.4,3454.0,3449.1,361.5,314.4,320.5,319.7,284.4,256.1,3462.5,3464.9,530.6,378.6,416.8,815.2,605.2,421.5,13.0,9.0,-5.0,9435.0,-10098.0,-4533.0,7543.0,-72.0,-40.0,77.0,0.0,5.0,-9.0,8568.0,-12532.0,-2682.0,5549.0,-231.0,146.0,-39.0,1.0
2022-05-08 16:17:10.251407-07:00,653.8,773.6,1139.2,956.8,398.1,296.7,925.4,703.6,3472.2,3464.9,1112.1,715.9,533.0,3468.6,1082.5,780.3,3444.3,3451.6,356.1,315.9,316.7,319.7,284.4,256.1,3455.2,3464.9,531.4,381.7,417.6,815.2,605.2,421.5,1.0,23.0,10.0,9375.0,-10148.0,-4563.0,7533.0,-310.0,26.0,2.0,-5.0,11.0,21.0,8475.0,-12627.0,-2709.0,5462.0,-539.0,228.0,-63.0,1.0
2022-05-08 16:17:10.252776-07:00,650.5,794.4,1165.6,940.7,398.1,296.7,925.4,703.6,3471.0,3475.9,1106.0,720.8,533.0,3468.6,1082.5,780.3,3444.3,3451.6,356.1,315.9,317.4,315.1,276.7,259.9,3455.2,3464.9,531.4,381.7,418.4,816.9,606.8,410.6,2.0,-1.0,-7.0,9319.0,-10192.0,-4594.0,7523.0,-83.0,-66.0,28.0,-4.0,12.0,-4.0,8370.0,-12732.0,-2739.0,5365.0,-253.0,141.0,-46.0,1.0
2022-05-08 16:17:10.281741-07:00,650.5,794.4,1165.6,940.7,402.0,294.4,925.4,709.3,3471.0,3475.9,1106.0,720.8,539.4,3467.4,1084.2,789.4,3438.2,3447.9,356.1,314.4,317.4,315.1,276.7,259.9,3471.0,3469.8,533.0,382.5,418.4,816.9,606.8,410.6,9.0,14.0,-6.0,9261.0,-10223.0,-4642.0,7525.0,-234.0,-66.0,3.0,-2.0,13.0,-12.0,8276.0,-12826.0,-2770.0,5271.0,-448.0,189.0,-78.0,1.0
2022-05-08 16:17:10.371425-07:00,651.4,821.9,1085.1,942.4,402.0,294.4,925.4,709.3,3464.9,3464.9,1107.8,716.7,539.4,3467.4,1084.2,789.4,3438.2,3447.9,356.1,314.4,322.8,313.6,277.5,259.9,3471.0,3469.8,533.0,382.5,418.4,808.5,606.0,422.3,1.0,-29.0,2.0,9181.0,-10280.0,-4695.0,7512.0,-243.0,-43.0,57.0,-12.0,-24.0,-4.0,8145.0,-12945.0,-2822.0,5153.0,-448.0,170.0,-78.0,1.0
2022-05-08 16:17:10.401218-07:00,651.4,821.9,1085.1,942.4,398.9,292.1,921.1,705.2,3464.9,3464.9,1107.8,716.7,537.0,3468.6,1084.2,792.7,3443.1,3447.9,354.5,315.1,322.8,313.6,277.5,259.9,3473.4,3458.9,525.0,380.2,418.4,808.5,606.0,422.3,10.0,37.0,14.0,9083.0,-10363.0,-4750.0,7483.0,-452.0,16.0,-6.0,-31.0,-81.0,36.0,8022.0,-13053.0,-2865.0,5049.0,-651.0,206.0,-82.0,1.0
2022-05-08 16:17:10.431405-07:00,646.5,838.6,991.9,938.1,398.9,292.1,921.1,705.2,3467.4,3473.4,1091.2,705.2,537.0,3468.6,1084.2,792.7,3443.1,3447.9,354.5,315.1,320.5,319.7,281.3,259.9,3473.4,3458.9,525.0,380.2,415.3,816.9,600.4,413.7,9.0,11.0,3.0,9025.0,-10428.0,-4820.0,7417.0,-159.0,50.0,-97.0,-2.0,5.0,6.0,7862.0,-13180.0,-2930.0,4931.0,-401.0,140.0,-98.0,1.0
2022-05-08 16:17:10.521327-07:00,652.2,838.6,991.9,938.1,391.8,297.4,916.0,705.2,3466.1,3473.4,1091.2,705.2,533.8,3467.4,1093.8,791.9,3447.9,3445.5,361.5,311.3,320.5,319.7,281.3,259.9,3464.9,3466.1,545.8,382.5,415.3,816.9,600.4,415.3,14.0,-10.0,10.0,8976.0,-10481.0,-4904.0,7346.0,-322.0,30.0,-139.0,-6.0,-11.0,-5.0,7755.0,-13266.0,-2979.0,4840.0,-468.0,125.0,-82.0,1.0
2022-05-08 16:17:10.551092-07:00,652.2,862.9,942.4,939.8,391.8,297.4,916.0,702.8,3466.1,3469.8,1082.5,714.2,533.8,3467.4,1093.8,788.6,3443.1,3445.5,361.5,311.3,322.8,315.9,278.3,259.9,3466.1,3466.1,545.8,382.5,415.3,818.5,605.2,415.3,0.0,6.0,-31.0,8934.0,-10515.0,-5005.0,7281.0,-221.0,-129.0,-179.0,-9.0,4.0,-11.0,7660.0,-13338.0,-3027.0,4764.0,-406.0,86.0,-122.0,1.0
2022-05-08 16:17:10.581751-07:00,661.1,862.9,942.4,939.8,398.9,295.1,906.7,702.8,3467.4,3469.8,1082.5,714.2,530.6,3461.3,1082.5,788.6,3443.1,3447.9,358.4,313.6,322.8,315.9,278.3,259.2,3466.1,3472.2,541.0,382.5,415.3,818.5,605.2,409.8,-15.0,-47.0,10.0,8893.0,-10518.0,-5109.0,7254.0,-130.0,-72.0,-110.0,-24.0,-29.0,-5.0,7583.0,-13389.0,-3081.0,4707.0,-155.0,25.0,-75.0,1.0
2022-05-08 16:17:10.641391-07:00,661.1,882.3,905.9,939.8,398.9,295.1,906.7,699.5,3467.4,3471.0,1064.3,719.2,530.6,3461.3,1082.5,789.4,3447.9,3447.9,358.4,313.6,326.7,317.4,281.3,259.2,3469.8,3472.2,541.0,382.5,417.6,818.5,597.1,409.8,2.0,17.0,17.0,8897.0,-10512.0,-5152.0,7228.0,-23.0,37.0,-117.0,-4.0,2.0,22.0,7542.0,-13413.0,-3118.0,4681.0,-94.0,8.0,-56.0,1.0
2022-05-08 16:17:10.701263-07:00,668.4,882.3,905.9,939.8,393.4,299.0,904.2,699.5,3467.4,3471.0,1064.3,719.2,537.8,3478.3,1072.9,789.4,3447.9,3451.6,360.7,308.2,326.7,317.4,281.3,263.0,3469.8,3471.0,547.4,377.8,417.6,818.5,597.1,411.4,-5.0,-14.0,39.0,8928.0,-10499.0,-5176.0,7191.0,-36.0,79.0,-115.0,-12.0,-24.0,20.0,7525.0,-13424.0,-3143.0,4662.0,-93.0,30.0,-35.0,1.0
2022-05-08 16:17:10.731619-07:00,668.4,892.4,881.4,941.5,393.4,299.0,904.2,700.3,3467.4,3473.4,1063.4,714.2,537.8,3478.3,1072.9,792.7,3458.9,3451.6,360.7,308.2,325.1,316.7,282.9,263.0,3463.7,3471.0,547.4,377.8,417.6,814.4,605.2,411.4,-1.0,-8.0,5.0,8947.0,-10500.0,-5181.0,7161.0,3.0,66.0,-22.0,-8.0,0.0,3.0,7522.0,-13428.0,-3143.0,4654.0,-14.0,15.0,11.0,1.0
2022-05-08 16:17:10.791285-07:00,676.6,883.1,881.4,941.5,394.2,299.7,898.3,700.3,3471.0,3474.6,1063.4,714.2,538.6,3474.6,1077.3,792.7,3458.9,3455.2,359.2,318.2,325.1,316.7,278.3,255.3,3463.7,3458.9,544.2,374.7,417.6,814.4,600.4,410.6,4.0,10.0,-14.0,8961.0,-10503.0,-5171.0,7148.0,10.0,4.0,-45.0,-3.0,5.0,-8.0,7521.0,-13429.0,-3137.0,4656.0,1.0,2.0,12.0,1.0
2022-05-08 16:17:10.851258-07:00,676.6,883.1,867.1,940.7,394.2,299.7,891.5,694.6,3471.0,3474.6,1050.4,718.4,538.6,3474.6,1077.3,791.0,3454.0,3451.6,359.2,318.2,322.1,319.7,278.3,255.3,3467.4,3464.9,544.2,374.7,413.7,818.5,600.4,410.6,3.0,-9.0,-14.0,8985.0,-10481.0,-5177.0,7145.0,43.0,-21.0,-14.0,-6.0,4.0,-11.0,7532.0,-13420.0,-3135.0,4666.0,39.0,-16.0,-6.0,1.0
2022-05-08 16:17:10.881906-07:00,667.6,878.0,867.1,940.7,390.3,295.1,891.5,694.6,3468.6,3479.5,1050.4,718.4,532.2,3471.0,1077.3,791.0,3454.0,3451.6,357.6,317.4,322.1,319.7,279.8,256.1,3467.4,3464.9,540.2,377.0,413.7,818.5,599.6,407.5,6.0,11.0,0.0,8985.0,-10475.0,-5175.0,7156.0,16.0,-40.0,19.0,-2.0,7.0,5.0,7537.0,-13414.0,-3135.0,4675.0,30.0,-22.0,12.0,1.0
2022-05-08 16:17:10.941251-07:00,667.6,878.0,853.7,939.8,390.3,295.1,894.1,702.8,3468.6,3479.5,1049.6,720.0,532.2,3471.0,1079.0,792.7,3439.5,3451.6,357.6,317.4,323.6,314.4,279.8,256.1,3464.9,3463.7,540.2,377.0,419.2,817.7,599.6,407.5,3.0,-1.0,12.0,8983.0,-10465.0,-5184.0,7167.0,37.0,-23.0,-24.0,-5.0,1.0,3.0,7542.0,-13409.0,-3136.0,4681.0,34.0,-14.0,-6.0,1.0
2022-05-08 16:17:11.001350-07:00,681.5,878.9,853.7,939.8,385.6,299.7,894.1,702.8,3472.2,3471.0,1049.6,720.0,533.0,3473.4,1079.0,792.7,3439.5,3451.6,358.4,314.4,323.6,314.4,278.3,258.4,3464.9,3463.7,535.4,378.6,419.2,817.7,596.3,406.7,3.0,-7.0,5.0,8990.0,-10456.0,-5186.0,7169.0,-2.0,10.0,9.0,-4.0,-4.0,7.0,7546.0,-13407.0,-3133.0,4685.0,3.0,2.0,14.0,1.0
2022-05-08 16:17:11.031288-07:00,681.5,878.9,851.1,937.3,385.6,299.7,889.8,697.0,3472.2,3471.0,1047.8,715.9,533.0,3473.4,1076.4,787.7,3439.5,3446.7,358.4,314.4,327.5,317.4,278.3,258.4,3466.1,3464.9,535.4,378.6,421.5,821.9,596.3,406.7,11.0,16.0,-7.0,8991.0,-10453.0,-5186.0,7172.0,31.0,-20.0,1.0,-1.0,19.0,0.0,7554.0,-13401.0,-3125.0,4692.0,39.0,-13.0,4.0,1.0
2022-05-08 16:17:11.091145-07:00,670.1,873.8,841.1,937.3,388.7,298.2,889.8,697.0,3475.9,3463.7,1034.9,715.9,537.8,3473.4,1076.4,787.7,3439.5,3446.7,361.5,311.3,327.5,316.7,276.7,255.3,3466.1,3464.9,537.8,378.6,421.5,818.5,604.4,411.4,7.0,-8.0,0.0,8996.0,-10446.0,-5188.0,7175.0,16.0,10.0,0.0,-5.0,-1.0,-4.0,7558.0,-13398.0,-3125.0,4695.0,7.0,-9.0,0.0,1.0
2022-05-08 16:17:11.151235-07:00,670.1,873.8,841.1,929.6,388.7,302.8,885.6,697.9,3475.9,3463.7,1034.9,711.8,537.8,3464.9,1076.4,786.9,3447.9,3443.1,356.8,311.3,322.8,316.7,276.7,255.3,3457.6,3462.5,537.8,378.6,418.4,818.5,604.4,411.4,4.0,0.0,8.0,8998.0,-10446.0,-5185.0,7175.0,-8.0,-16.0,16.0,-1.0,0.0,8.0,7560.0,-13396.0,-3124.0,4697.0,3.0,-9.0,4.0,1.0
2022-05-08 16:17:11.181706-07:00,675.0,870.5,845.3,929.6,391.1,302.8,885.6,697.9,3474.6,3473.4,1042.6,711.8,534.6,3464.9,1076.4,786.9,3447.9,3443.1,356.8,311.3,322.8,318.2,273.7,259.9,3457.6,3462.5,537.8,379.4,418.4,821.0,602.0,408.2,4.0,3.0,6.0,8998.0,-10439.0,-5184.0,7185.0,15.0,2.0,4.0,-3.0,-1.0,-1.0,7566.0,-13392.0,-3123.0,4701.0,13.0,-10.0,5.0,1.0
2022-05-08 16:17:11.241363-07:00,675.0,870.5,845.3,929.6,391.1,289.8,879.7,700.3,3474.6,3473.4,1042.6,714.2,534.6,3467.4,1074.7,791.9,3445.5,3449.1,354.5,311.3,325.1,318.2,273.7,259.9,3462.5,3468.6,535.4,379.4,414.5,821.0,602.0,408.2,-1.0,-12.0,6.0,9000.0,-10440.0,-5178.0,7185.0,-2.0,14.0,16.0,-9.0,-15.0,1.0,7566.0,-13392.0,-3123.0,4702.0,2.0,5.0,6.0,1.0
2022-05-08 16:17:11.301993-07:00,668.4,856.2,836.1,929.6,391.1,289.8,879.7,700.3,3467.4,3475.9,1042.6,714.2,533.8,3467.4,1074.7,791.9,3445.5,3449.1,354.5,311.3,325.1,314.4,278.3,261.4,3462.5,3468.6,535.4,380.2,414.5,816.9,596.3,404.3,4.0,7.0,2.0,9001.0,-10440.0,-5178.0,7184.0,9.0,-7.0,-14.0,-1.0,6.0,1.0,7568.0,-13390.0,-3122.0,4703.0,16.0,-7.0,1.0,1.0
2022-05-08 16:17:11.391216-07:00,668.4,856.2,836.1,927.1,391.1,298.2,886.5,691.3,3467.4,3475.9,1042.6,714.2,533.8,3477.1,1077.3,795.2,3461.3,3447.9,354.5,311.3,323.6,314.4,278.3,261.4,3464.9,3456.4,533.0,380.2,415.3,816.9,596.3,404.3,5.0,-9.0,1.0,9003.0,-10437.0,-5185.0,7181.0,3.0,-3.0,-14.0,-4.0,1.0,-5.0,7567.0,-13390.0,-3123.0,4705.0,2.0,-5.0,-6.0,1.0
2022-05-08 16:17:11.393302-07:00,670.9,857.9,834.4,927.1,393.4,298.2,886.5,691.3,3471.0,3469.8,1042.6,714.2,529.0,3477.1,1077.3,795.2,3461.3,3447.9,354.5,316.7,323.6,314.4,277.5,260.7,3464.9,3456.4,533.0,374.7,415.3,817.7,600.4,409.0,5.0,3.0,7.0,9004.0,-10437.0,-5185.0,7179.0,2.0,10.0,3.0,-3.0,1.0,8.0,7567.0,-13389.0,-3123.0,4707.0,12.0,-14.0,2.0,1.0
2022-05-08 16:17:11.451292-07:00,670.9,857.9,834.4,928.8,384.0,298.2,881.4,695.4,3471.0,3469.8,1042.6,720.0,535.4,3477.1,1070.3,791.0,3457.6,3446.7,354.5,310.5,325.9,314.4,277.5,260.7,3467.4,3464.9,533.8,371.6,413.7,817.7,600.4,409.0,3.0,-5.0,8.0,9005.0,-10437.0,-5184.0,7179.0,-8.0,4.0,1.0,-5.0,-4.0,2.0,7568.0,-13388.0,-3123.0,4708.0,-3.0,1.0,3.0,1.0
2022-05-08 16:17:11.511379-07:00,666.0,865.4,824.4,934.7,384.0,298.2,881.4,695.4,3474.6,3475.9,1044.4,715.9,535.4,3477.1,1070.3,791.0,3457.6,3446.7,354.5,310.5,320.5,315.9,272.9,261.4,3467.4,3464.9,533.8,371.6,419.2,816.9,602.0,403.5,2.0,3.0,0.0,9006.0,-10441.0,-5181.0,7173.0,-4.0,9.0,8.0,-4.0,4.0,-1.0,7567.0,-13389.0,-3123.0,4708.0,-3.0,2.0,7.0,1.0
2022-05-08 16:17:11.571316-07:00,666.0,865.4,824.4,934.7,394.2,292.8,879.7,699.5,3474.6,3475.9,1044.4,715.9,537.0,3468.6,1072.1,793.5,3443.1,3456.4,354.5,314.4,320.5,315.9,272.9,261.4,3468.6,3471.0,531.4,380.2,419.2,816.9,602.0,403.5,2.0,-1.0,-4.0,9007.0,-10443.0,-5180.0,7171.0,8.0,-6.0,-6.0,-7.0,0.0,1.0,7567.0,-13389.0,-3123.0,4708.0,14.0,-4.0,-2.0,1.0
2022-05-08 16:17:11.601327-07:00,673.3,862.9,823.5,932.2,394.2,292.8,879.7,699.5,3478.3,3467.4,1043.5,715.1,537.0,3468.6,1072.1,793.5,3443.1,3456.4,354.5,314.4,328.2,314.4,272.1,259.9,3468.6,3471.0,531.4,380.2,418.4,814.4,602.0,405.9,0.0,-2.0,2.0,9008.0,-10438.0,-5181.0,7176.0,3.0,-9.0,8.0,-8.0,0.0,2.0,7571.0,-13385.0,-3122.0,4712.0,4.0,-6.0,1.0,1.0
2022-05-08 16:17:11.631259-07:00,673.3,862.9,823.5,932.2,387.9,296.7,883.9,700.3,3478.3,3467.4,1043.5,715.1,536.2,3473.4,1076.4,792.7,3449.1,3451.6,357.6,311.3,328.2,314.4,272.1,259.9,3467.4,3467.4,529.8,384.0,418.4,814.4,602.0,405.9,0.0,6.0,6.0,9006.0,-10439.0,-5178.0,7180.0,-1.0,-11.0,7.0,-5.0,1.0,6.0,7572.0,-13384.0,-3122.0,4714.0,16.0,-6.0,3.0,1.0
2022-05-08 16:17:11.691315-07:00,672.5,857.9,826.9,931.3,387.9,296.7,883.9,700.3,3471.0,3472.2,1044.4,716.7,536.2,3473.4,1076.4,792.7,3449.1,3451.6,357.6,311.3,325.9,317.4,281.3,259.2,3467.4,3467.4,529.8,384.0,416.8,816.0,595.5,404.3,0.0,-1.0,5.0,9006.0,-10435.0,-5180.0,7183.0,10.0,0.0,-3.0,-8.0,-1.0,6.0,7575.0,-13382.0,-3121.0,4716.0,5.0,3.0,0.0,1.0
2022-05-08 16:17:11.781368-07:00,670.9,857.9,826.9,931.3,385.6,295.9,879.7,699.5,3474.6,3472.2,1044.4,716.7,537.0,3463.7,1077.3,792.7,3450.4,3444.3,352.2,313.6,325.9,317.4,281.3,259.9,3466.1,3469.8,525.0,377.8,416.8,816.0,595.5,403.5,0.0,0.0,6.0,9006.0,-10437.0,-5179.0,7182.0,-10.0,14.0,9.0,-5.0,0.0,2.0,7575.0,-13382.0,-3121.0,4716.0,-3.0,3.0,6.0,1.0
2022-05-08 16:17:11.782837-07:00,670.9,854.5,829.4,926.2,385.6,295.9,879.7,697.9,3474.6,3472.2,1040.1,714.2,537.0,3463.7,1077.3,790.2,3447.9,3444.3,352.2,313.6,319.7,315.9,276.7,259.9,3461.3,3469.8,525.0,377.8,418.4,820.2,595.5,403.5,2.0,1.0,-4.0,9006.0,-10437.0,-5179.0,7181.0,-1.0,-11.0,-3.0,-6.0,4.0,-2.0,7578.0,-13380.0,-3120.0,4716.0,-4.0,-2.0,-2.0,1.0
2022-05-08 16:17:11.842079-07:00,669.3,854.5,829.4,926.2,389.5,292.8,876.4,697.9,3478.3,3472.2,1040.1,714.2,539.4,3467.4,1077.3,790.2,3447.9,3449.1,356.8,315.1,319.7,315.9,276.7,259.9,3461.3,3460.1,525.0,370.8,418.4,820.2,595.5,402.8,-3.0,0.0,3.0,9005.0,-10435.0,-5181.0,7184.0,11.0,-1.0,3.0,-6.0,-1.0,5.0,7580.0,-13379.0,-3120.0,4718.0,17.0,-9.0,-1.0,1.0
2022-05-08 16:17:11.901362-07:00,669.3,855.3,826.0,943.2,389.5,292.8,876.4,696.2,3478.3,3471.0,1043.5,719.2,539.4,3467.4,1077.3,791.0,3454.0,3449.1,356.8,315.1,322.8,321.3,279.0,259.9,3466.1,3460.1,525.0,370.8,412.9,818.5,598.7,402.8,0.0,5.0,4.0,9008.0,-10435.0,-5179.0,7183.0,-13.0,6.0,-1.0,-6.0,-3.0,8.0,7583.0,-13377.0,-3119.0,4718.0,-6.0,-2.0,0.0,1.0
2022-05-08 16:17:11.931269-07:00,666.0,855.3,826.0,943.2,386.4,295.9,880.6,696.2,3468.6,3471.0,1043.5,719.2,530.6,3473.4,1074.7,791.0,3454.0,3445.5,356.1,311.3,322.8,321.3,279.0,262.2,3466.1,3462.5,529.8,385.6,412.9,818.5,598.7,405.1,7.0,1.0,11.0,9002.0,-10437.0,-5185.0,7182.0,-18.0,3.0,-9.0,-7.0,-5.0,-4.0,7581.0,-13378.0,-3120.0,4718.0,-9.0,-1.0,-1.0,1.0
2022-05-08 16:17:11.991189-07:00,666.0,849.5,821.9,927.1,386.4,295.9,880.6,699.5,3468.6,3469.8,1039.2,713.4,530.6,3473.4,1074.7,790.2,3449.1,3445.5,356.1,311.3,319.7,319.0,276.0,262.2,3451.6,3462.5,529.8,385.6,421.5,819.4,594.7,405.1,-2.0,0.0,1.0,9003.0,-10439.0,-5185.0,7179.0,-3.0,1.0,5.0,-7.0,0.0,2.0,7581.0,-13378.0,-3120.0,4718.0,1.0,-1.0,4.0,1.0
2022-05-08 16:17:12.051352-07:00,665.2,848.6,821.9,927.1,384.8,297.4,878.9,699.5,3471.0,3474.6,1039.2,713.4,533.0,3475.9,1077.3,790.2,3449.1,3451.6,354.5,312.0,319.7,319.0,271.4,259.2,3451.6,3471.0,527.4,373.2,421.5,819.4,595.5,404.3,8.0,4.0,5.0,8999.0,-10439.0,-5189.0,7181.0,6.0,-11.0,-8.0,-5.0,4.0,-1.0,7580.0,-13378.0,-3120.0,4718.0,6.0,-7.0,-1.0,1.0
2022-05-08 16:17:12.081822-07:00,665.2,848.6,826.0,928.8,384.8,297.4,876.4,696.2,3471.0,3474.6,1037.5,717.5,533.0,3475.9,1077.3,787.7,3452.8,3449.1,354.5,312.0,322.8,319.7,271.4,259.2,3462.5,3472.2,527.4,373.2,416.8,816.9,595.5,404.3,4.0,-9.0,17.0,8998.0,-10438.0,-5190.0,7182.0,3.0,6.0,2.0,-5.0,-5.0,-3.0,7581.0,-13377.0,-3121.0,4720.0,-1.0,-5.0,1.0,1.0
2022-05-08 16:17:12.141178-07:00,675.0,846.1,826.0,928.8,385.6,292.1,876.4,696.2,3468.6,3472.2,1037.5,717.5,530.6,3467.4,1077.3,787.7,3452.8,3449.1,354.5,321.3,322.8,319.7,274.4,254.6,3462.5,3472.2,527.4,380.2,416.8,816.9,600.4,400.4,0.0,10.0,4.0,8999.0,-10439.0,-5189.0,7180.0,-1.0,1.0,1.0,-8.0,5.0,6.0,7582.0,-13376.0,-3120.0,4721.0,1.0,-1.0,0.0,1.0
2022-05-08 16:17:12.201254-07:00,675.0,846.1,825.2,929.6,385.6,292.1,877.2,693.8,3468.6,3472.2,1040.9,711.0,530.6,3467.4,1077.3,789.4,3443.1,3450.4,354.5,321.3,325.9,311.3,274.4,254.6,3464.9,3456.4,527.4,380.2,422.3,825.2,600.4,400.4,3.0,-2.0,1.0,8999.0,-10440.0,-5188.0,7180.0,2.0,13.0,-3.0,-5.0,-4.0,-2.0,7582.0,-13376.0,-3120.0,4721.0,2.0,5.0,4.0,1.0
2022-05-08 16:17:12.261279-07:00,666.0,850.3,825.2,929.6,385.6,295.1,877.2,693.8,3473.4,3468.6,1040.9,711.0,536.2,3475.9,1077.3,789.4,3443.1,3450.4,359.2,311.3,325.9,311.3,276.7,257.6,3464.9,3456.4,525.0,380.2,422.3,825.2,597.1,403.5,5.0,-1.0,5.0,9000.0,-10442.0,-5184.0,7178.0,5.0,12.0,12.0,-7.0,-4.0,0.0,7582.0,-13376.0,-3118.0,4722.0,12.0,-9.0,12.0,1.0
2022-05-08 16:17:12.291375-07:00,666.0,850.3,821.9,932.2,385.6,295.1,874.7,695.4,3473.4,3468.6,1046.1,719.2,536.2,3475.9,1077.3,789.4,3449.1,3454.0,359.2,311.3,327.5,316.7,276.7,257.6,3464.9,3463.7,525.0,380.2,417.6,825.2,597.1,403.5,1.0,0.0,0.0,9008.0,-10441.0,-5174.0,7177.0,8.0,11.0,-2.0,-7.0,3.0,2.0,7590.0,-13369.0,-3115.0,4731.0,18.0,-11.0,10.0,1.0
2022-05-08 16:17:12.351286-07:00,669.3,844.4,821.9,932.2,387.2,295.9,874.7,695.4,3469.8,3473.4,1046.1,719.2,533.8,3478.3,1077.3,789.4,3449.1,3454.0,356.1,316.7,327.5,316.7,277.5,256.1,3464.9,3463.7,531.4,379.4,417.6,825.2,602.0,412.9,5.0,-6.0,6.0,9005.0,-10446.0,-5171.0,7175.0,-18.0,35.0,18.0,-9.0,-3.0,-1.0,7590.0,-13369.0,-3113.0,4733.0,4.0,-7.0,14.0,1.0
2022-05-08 16:17:12.381699-07:00,669.3,844.4,826.0,930.5,387.2,295.9,873.8,694.6,3469.8,3473.4,1040.9,715.1,533.8,3472.2,1082.5,790.2,3447.9,3433.4,356.1,316.7,323.6,316.7,277.5,256.1,3457.6,3468.6,529.0,379.4,417.6,821.0,602.0,412.9,2.0,9.0,2.0,9006.0,-10457.0,-5159.0,7166.0,6.0,34.0,-4.0,-6.0,3.0,7.0,7591.0,-13367.0,-3110.0,4738.0,9.0,-7.0,4.0,1.0
2022-05-08 16:17:12.471312-07:00,664.4,857.0,818.5,930.5,392.6,295.9,873.8,694.6,3474.6,3461.3,1049.6,715.1,535.4,3472.2,1082.5,790.2,3447.9,3433.4,356.1,317.4,323.6,313.6,274.4,264.5,3457.6,3468.6,529.0,378.6,417.6,825.2,596.3,404.3,3.0,-13.0,3.0,9007.0,-10465.0,-5157.0,7156.0,-18.0,13.0,1.0,-10.0,-6.0,1.0,7587.0,-13370.0,-3111.0,4736.0,-4.0,2.0,6.0,1.0
2022-05-08 16:17:12.561352-07:00,664.4,857.0,818.5,933.0,392.6,295.1,873.0,690.5,3474.6,3461.3,1049.6,715.1,535.4,3467.4,1077.3,793.5,3451.6,3445.5,353.7,317.4,325.1,313.6,274.4,264.5,3471.0,3457.6,532.2,378.6,420.0,825.2,596.3,404.3,3.0,11.0,3.0,9006.0,-10471.0,-5152.0,7151.0,-2.0,16.0,10.0,-5.0,10.0,6.0,7588.0,-13370.0,-3110.0,4737.0,-2.0,2.0,4.0,1.0
2022-05-08 16:17:12.563421-07:00,666.0,835.2,821.0,933.0,387.9,295.1,873.0,690.5,3467.4,3468.6,1047.8,715.1,530.6,3467.4,1077.3,793.5,3451.6,3445.5,353.7,309.7,325.1,315.9,278.3,263.0,3471.0,3457.6,532.2,380.9,420.0,820.2,597.9,403.5,5.0,-4.0,3.0,9006.0,-10473.0,-5150.0,7150.0,-2.0,-3.0,-5.0,-7.0,0.0,0.0,7588.0,-13370.0,-3110.0,4737.0,4.0,-7.0,-1.0,1.0
2022-05-08 16:17:12.621196-07:00,666.0,835.2,821.0,928.8,387.9,293.6,875.5,699.5,3467.4,3468.6,1047.8,717.5,530.6,3478.3,1072.9,791.9,3439.5,3449.1,356.1,309.7,322.8,315.9,278.3,263.0,3463.7,3457.6,529.0,380.9,420.8,820.2,597.9,403.5,0.0,2.0,5.0,9006.0,-10475.0,-5149.0,7148.0,-13.0,0.0,-6.0,-7.0,-1.0,5.0,7588.0,-13369.0,-3110.0,4738.0,-5.0,-4.0,1.0,1.0
2022-05-08 16:17:12.622696-07:00,666.0,839.4,819.4,928.8,388.7,293.6,875.5,699.5,3474.6,3471.0,1042.6,717.5,536.2,3478.3,1072.9,791.9,3439.5,3449.1,356.1,311.3,322.8,314.4,272.9,259.9,3463.7,3457.6,529.0,377.8,420.8,822.7,596.3,396.5,0.0,-4.0,3.0,9005.0,-10476.0,-5150.0,7147.0,-1.0,-3.0,4.0,-9.0,-5.0,2.0,7588.0,-13369.0,-3110.0,4738.0,2.0,-3.0,3.0,1.0
2022-05-08 16:17:12.682012-07:00,666.0,839.4,819.4,927.9,384.8,288.2,873.0,691.3,3474.6,3471.0,1042.6,711.8,534.6,3469.8,1069.5,784.4,3451.6,3451.6,356.8,316.7,322.1,314.4,272.9,259.9,3462.5,3457.6,531.4,377.8,415.3,822.7,596.3,396.5,3.0,8.0,0.0,9007.0,-10476.0,-5148.0,7146.0,12.0,17.0,-9.0,-5.0,1.0,6.0,7592.0,-13367.0,-3109.0,4739.0,16.0,-9.0,3.0,1.0
2022-05-08 16:17:12.741230-07:00,664.4,841.9,816.0,922.0,384.8,288.2,873.0,691.3,3471.0,3478.3,1043.5,711.0,534.6,3469.8,1069.5,784.4,3451.6,3451.6,356.8,316.7,325.9,319.7,274.4,256.1,3462.5,3457.6,531.4,377.8,418.4,816.0,602.0,402.0,-4.0,-9.0,3.0,9009.0,-10475.0,-5151.0,7143.0,-20.0,-6.0,-9.0,-12.0,-7.0,7.0,7590.0,-13368.0,-3109.0,4738.0,-10.0,0.0,-4.0,1.0
2022-05-08 16:17:12.801838-07:00,664.4,841.9,816.0,922.0,385.6,298.2,884.8,700.3,3471.0,3478.3,1043.5,711.0,541.0,3460.1,1077.3,790.2,3455.2,3452.8,352.2,311.3,325.9,319.7,274.4,256.1,3462.5,3455.2,532.2,383.3,418.4,816.0,602.0,402.0,6.0,2.0,0.0,9006.0,-10473.0,-5155.0,7146.0,-2.0,-5.0,-6.0,-8.0,2.0,0.0,7592.0,-13367.0,-3109.0,4740.0,16.0,-6.0,-1.0,1.0
2022-05-08 16:17:12.831339-07:00,667.6,834.4,817.7,930.5,385.6,298.2,884.8,700.3,3471.0,3469.8,1044.4,713.4,541.0,3460.1,1077.3,790.2,3455.2,3452.8,352.2,311.3,321.3,312.0,278.3,259.9,3462.5,3455.2,532.2,383.3,419.2,810.2,597.1,406.7,-2.0,0.0,8.0,9005.0,-10474.0,-5155.0,7146.0,8.0,3.0,-7.0,-11.0,0.0,7.0,7596.0,-13363.0,-3109.0,4742.0,21.0,-12.0,4.0,1.0
2022-05-08 16:17:12.891268-07:00,667.6,834.4,817.7,930.5,384.8,292.1,872.1,706.0,3471.0,3469.8,1044.4,713.4,529.8,3464.9,1076.4,791.0,3446.7,3447.9,356.1,311.3,321.3,312.0,278.3,259.9,3463.7,3467.4,529.8,380.2,419.2,810.2,597.1,406.7,13.0,0.0,6.0,9006.0,-10473.0,-5157.0,7144.0,-2.0,-11.0,-20.0,-6.0,3.0,6.0,7603.0,-13358.0,-3108.0,4748.0,17.0,-9.0,-2.0,1.0
2022-05-08 16:17:12.921832-07:00,661.9,832.7,820.2,925.4,384.8,292.1,872.1,706.0,3462.5,3467.4,1045.2,715.1,529.8,3464.9,1076.4,791.0,3446.7,3447.9,356.1,311.3,321.3,317.4,273.7,261.4,3463.7,3467.4,529.8,380.2,416.8,819.4,598.7,402.0,4.0,-5.0,0.0,9008.0,-10471.0,-5162.0,7142.0,-1.0,9.0,6.0,-8.0,-3.0,5.0,7606.0,-13356.0,-3107.0,4749.0,5.0,-2.0,3.0,1.0
2022-05-08 16:17:12.981853-07:00,670.1,832.7,820.2,925.4,383.3,293.6,872.1,687.2,3477.1,3467.4,1045.2,715.1,534.6,3468.6,1074.7,789.4,3447.9,3443.1,354.5,315.1,321.3,317.4,273.7,260.7,3463.7,3458.9,528.2,378.6,416.8,819.4,598.7,406.7,1.0,4.0,7.0,9008.0,-10474.0,-5160.0,7138.0,-1.0,28.0,6.0,-7.0,0.0,10.0,7606.0,-13356.0,-3107.0,4749.0,7.0,3.0,5.0,1.0
2022-05-08 16:17:13.041541-07:00,670.1,838.6,817.7,925.4,383.3,293.6,872.1,696.2,3477.1,3474.6,1045.2,715.1,534.6,3468.6,1074.7,790.2,3449.1,3443.1,354.5,315.1,326.7,311.3,271.4,260.7,3468.6,3458.9,528.2,378.6,417.6,822.7,599.6,406.7,3.0,-3.0,-3.0,9008.0,-10477.0,-5161.0,7134.0,-24.0,-15.0,-14.0,-10.0,2.0,4.0,7605.0,-13357.0,-3107.0,4748.0,-5.0,-6.0,0.0,1.0
2022-05-08 16:17:13.071315-07:00,665.2,838.6,817.7,925.4,390.3,298.2,874.7,696.2,3468.6,3474.6,1045.2,715.1,534.6,3467.4,1075.6,790.2,3449.1,3446.7,354.5,312.0,326.7,311.3,271.4,258.4,3468.6,3477.1,529.0,379.4,417.6,822.7,599.6,403.5,6.0,0.0,0.0,9011.0,-10473.0,-5161.0,7136.0,23.0,-4.0,1.0,-7.0,0.0,-1.0,7610.0,-13352.0,-3107.0,4754.0,18.0,-12.0,0.0,1.0
2022-05-08 16:17:13.131352-07:00,665.2,841.9,818.5,923.7,390.3,298.2,874.7,697.9,3468.6,3473.4,1046.1,718.4,534.6,3467.4,1075.6,792.7,3451.6,3446.7,354.5,312.0,323.6,316.7,272.1,258.4,3472.2,3477.1,529.0,379.4,418.4,817.7,597.9,403.5,2.0,2.0,5.0,9012.0,-10472.0,-5160.0,7137.0,11.0,-8.0,1.0,-7.0,-4.0,5.0,7612.0,-13350.0,-3107.0,4755.0,17.0,-12.0,1.0,1.0
2022-05-08 16:17:13.191297-07:00,657.9,841.9,818.5,923.7,389.5,295.9,873.0,697.9,3464.9,3473.4,1046.1,718.4,532.2,3478.3,1076.4,792.7,3451.6,3449.1,357.6,310.5,323.6,316.7,272.1,259.2,3472.2,3469.8,533.8,379.4,418.4,817.7,597.9,406.7,6.0,-5.0,7.0,9013.0,-10471.0,-5160.0,7137.0,4.0,-6.0,-4.0,-9.0,-3.0,5.0,7614.0,-13349.0,-3106.0,4756.0,7.0,-4.0,2.0,1.0
2022-05-08 16:17:13.221445-07:00,657.9,827.7,807.7,931.3,389.5,295.9,873.0,699.5,3464.9,3483.2,1053.0,715.1,532.2,3478.3,1076.4,789.4,3449.1,3449.1,357.6,310.5,320.5,319.0,276.0,259.2,3458.9,3469.8,533.8,379.4,415.3,819.4,596.3,406.7,3.0,-2.0,6.0,9014.0,-10471.0,-5158.0,7136.0,6.0,6.0,1.0,-10.0,-2.0,9.0,7615.0,-13349.0,-3106.0,4756.0,2.0,-3.0,1.0,1.0
2022-05-08 16:17:13.281890-07:00,666.8,827.7,807.7,931.3,386.4,295.1,872.1,699.5,3469.8,3483.2,1053.0,715.1,533.0,3474.6,1077.3,789.4,3449.1,3447.9,356.8,312.0,320.5,319.0,276.0,258.4,3458.9,3468.6,531.4,383.3,415.3,819.4,596.3,405.1,3.0,2.0,3.0,9017.0,-10467.0,-5157.0,7139.0,22.0,-15.0,-2.0,-9.0,0.0,1.0,7621.0,-13344.0,-3105.0,4759.0,23.0,-11.0,6.0,1.0
2022-05-08 16:17:13.341900-07:00,666.8,826.9,811.9,931.3,386.4,295.1,873.8,699.5,3469.8,3467.4,1042.6,723.3,533.0,3474.6,1075.6,789.4,3449.1,3449.1,356.8,312.0,322.8,315.1,278.3,258.4,3469.8,3466.1,531.4,383.3,417.6,816.9,597.9,405.1,5.0,-4.0,9.0,9023.0,-10462.0,-5154.0,7143.0,2.0,7.0,1.0,-10.0,0.0,3.0,7627.0,-13339.0,-3104.0,4764.0,-2.0,-3.0,1.0,1.0
2022-05-08 16:17:13.371334-07:00,662.7,828.5,811.9,931.3,384.8,292.8,873.8,699.5,3473.4,3467.4,1042.6,723.3,533.8,3466.1,1075.6,789.4,3449.1,3449.1,358.4,312.0,322.8,315.1,276.7,259.2,3469.8,3466.1,536.2,377.0,417.6,816.9,597.9,406.7,-14.0,-20.0,30.0,9031.0,-10464.0,-5143.0,7137.0,14.0,58.0,10.0,-16.0,-20.0,18.0,7634.0,-13334.0,-3099.0,4771.0,55.0,-21.0,34.0,1.0
2022-05-08 16:17:13.431700-07:00,662.7,828.5,844.4,930.5,384.8,292.8,882.3,710.1,3473.4,3467.4,1047.0,721.6,533.8,3466.1,1074.7,791.0,3454.0,3455.2,358.4,312.0,323.6,317.4,276.7,259.2,3460.1,3467.4,536.2,377.0,417.6,820.2,597.9,406.7,7.0,-5.0,-20.0,9086.0,-10435.0,-5085.0,7152.0,398.0,61.0,85.0,-13.0,6.0,-10.0,7712.0,-13271.0,-3051.0,4850.0,490.0,-173.0,118.0,1.0
2022-05-08 16:17:13.521347-07:00,666.0,836.9,844.4,930.5,383.3,294.4,882.3,710.1,3477.1,3473.4,1047.0,721.6,534.6,3478.3,1074.7,791.0,3454.0,3455.2,360.0,311.3,323.6,317.4,276.0,259.9,3460.1,3467.4,549.8,379.4,417.6,820.2,603.6,419.2,-12.0,-33.0,34.0,9144.0,-10419.0,-4981.0,7173.0,68.0,164.0,87.0,-15.0,-14.0,28.0,7803.0,-13192.0,-2990.0,4957.0,294.0,-151.0,152.0,1.0
2022-05-08 16:17:13.523120-07:00,666.0,836.9,1093.8,939.8,383.3,294.4,934.7,731.5,3477.1,3473.4,1073.8,716.7,534.6,3478.3,1083.4,789.4,3443.1,3447.9,360.0,311.3,324.4,319.0,276.0,259.9,3466.1,3455.2,549.8,379.4,417.6,821.0,603.6,419.2,-10.0,1.0,-5.0,9243.0,-10375.0,-4828.0,7214.0,545.0,168.0,189.0,-18.0,0.0,-3.0,8009.0,-13017.0,-2892.0,5146.0,881.0,-320.0,160.0,1.0
2022-05-08 16:17:13.581915-07:00,659.5,831.1,1093.8,939.8,389.5,295.1,934.7,731.5,3473.4,3460.1,1073.8,716.7,537.8,3467.4,1083.4,789.4,3443.1,3447.9,353.7,310.5,324.4,319.0,279.0,260.7,3466.1,3455.2,549.0,377.0,417.6,821.0,623.8,404.3,16.0,-2.0,17.0,9320.0,-10364.0,-4664.0,7240.0,212.0,261.0,188.0,-4.0,-9.0,13.0,8204.0,-12842.0,-2796.0,5330.0,678.0,-252.0,173.0,1.0
2022-05-08 16:17:13.671203-07:00,659.5,831.1,1210.6,950.9,389.5,295.1,979.9,752.1,3473.4,3460.1,1103.4,713.4,537.8,3473.4,1076.4,793.5,3444.3,3452.8,358.4,310.5,322.1,318.2,279.0,260.7,3458.9,3467.4,550.6,377.0,418.4,821.9,623.8,404.3,22.0,51.0,-11.0,9385.0,-10367.0,-4512.0,7247.0,149.0,192.0,121.0,4.0,18.0,-8.0,8371.0,-12693.0,-2713.0,5468.0,418.0,-148.0,85.0,1.0
2022-05-08 16:17:13.701699-07:00,660.3,811.0,1199.1,950.9,387.9,295.1,979.9,752.1,3471.0,3478.3,1133.1,713.4,533.8,3473.4,1076.4,793.5,3444.3,3452.8,358.4,315.9,322.1,318.2,279.0,259.2,3458.9,3467.4,550.6,377.0,418.4,821.0,613.3,402.0,3.0,22.0,-29.0,9413.0,-10408.0,-4457.0,7187.0,13.0,203.0,-20.0,3.0,23.0,15.0,8438.0,-12630.0,-2677.0,5527.0,180.0,-68.0,50.0,1.0
2022-05-08 16:17:13.731388-07:00,660.3,811.0,1199.1,969.6,387.9,295.1,965.4,752.9,3471.0,3478.3,1133.1,711.8,533.8,3478.3,1069.5,789.4,3454.0,3447.9,354.5,315.9,324.4,318.2,279.0,259.2,3463.7,3462.5,538.6,377.0,418.4,821.0,613.3,402.0,2.0,-15.0,-21.0,9429.0,-10410.0,-4445.0,7169.0,40.0,-26.0,-17.0,-10.0,-23.0,-5.0,8473.0,-12598.0,-2665.0,5554.0,18.0,-34.0,-21.0,1.0
2022-05-08 16:17:13.791347-07:00,657.9,804.4,1162.1,969.6,388.7,295.1,965.4,752.9,3467.4,3469.8,1136.6,711.8,536.2,3478.3,1069.5,789.4,3454.0,3447.9,354.5,315.1,324.4,319.0,276.0,263.0,3463.7,3462.5,538.6,378.6,418.4,828.5,631.1,410.6,7.0,7.0,-4.0,9446.0,-10380.0,-4452.0,7186.0,39.0,-76.0,-45.0,-8.0,10.0,14.0,8512.0,-12559.0,-2670.0,5579.0,129.0,-68.0,-6.0,1.0
2022-05-08 16:17:13.821370-07:00,657.9,804.4,1162.1,950.9,388.7,292.8,952.6,730.7,3467.4,3469.8,1136.6,719.2,536.2,3479.5,1079.0,791.0,3458.9,3444.3,359.2,315.1,323.6,319.0,276.0,263.0,3466.1,3457.6,544.2,378.6,418.4,828.5,631.1,410.6,7.0,-1.0,22.0,9458.0,-10345.0,-4467.0,7211.0,66.0,-55.0,0.0,-5.0,-1.0,9.0,8546.0,-12525.0,-2671.0,5603.0,68.0,-40.0,-11.0,1.0
2022-05-08 16:17:13.881978-07:00,660.3,798.5,1135.7,950.9,390.3,292.8,952.6,730.7,3467.4,3480.7,1125.2,719.2,537.8,3479.5,1079.0,791.0,3458.9,3444.3,359.2,318.2,323.6,316.7,278.3,256.1,3466.1,3457.6,544.2,380.2,418.4,822.7,612.5,416.1,3.0,9.0,17.0,9468.0,-10333.0,-4462.0,7218.0,23.0,17.0,-4.0,-7.0,-10.0,17.0,8550.0,-12520.0,-2672.0,5608.0,-11.0,7.0,2.0,1.0
2022-05-08 16:17:13.941313-07:00,660.3,798.5,1135.7,947.5,390.3,293.6,939.0,726.6,3467.4,3480.7,1125.2,712.6,537.8,3473.4,1069.5,791.0,3452.8,3437.0,353.0,318.2,321.3,316.7,278.3,256.1,3464.9,3452.8,536.2,380.2,413.7,822.7,612.5,416.1,1.0,-1.0,1.0,9479.0,-10327.0,-4460.0,7214.0,40.0,20.0,-10.0,-10.0,-1.0,4.0,8555.0,-12516.0,-2669.0,5610.0,35.0,1.0,3.0,1.0
2022-05-08 16:17:14.001399-07:00,653.0,793.5,1125.2,942.4,388.7,293.6,939.0,726.6,3481.9,3475.9,1129.6,712.6,533.0,3473.4,1069.5,791.0,3452.8,3437.0,353.0,317.4,323.6,314.4,278.3,261.4,3464.9,3452.8,536.2,373.2,415.3,821.0,621.4,420.8,8.0,-10.0,-7.0,9483.0,-10330.0,-4454.0,7208.0,-19.0,20.0,-3.0,-5.0,0.0,-5.0,8553.0,-12520.0,-2666.0,5607.0,-41.0,16.0,8.0,1.0
2022-05-08 16:17:14.031574-07:00,653.0,793.5,1125.2,942.4,387.2,294.4,939.0,724.9,3481.9,3475.9,1129.6,712.6,534.6,3477.1,1077.3,784.4,3456.4,3449.1,354.5,317.4,323.6,314.4,278.3,261.4,3466.1,3467.4,541.8,377.0,415.3,821.0,621.4,420.8,9.0,7.0,0.0,9485.0,-10325.0,-4453.0,7213.0,37.0,-26.0,7.0,-11.0,4.0,-2.0,8554.0,-12517.0,-2666.0,5611.0,39.0,-28.0,-7.0,1.0
2022-05-08 16:17:14.091281-07:00,657.9,791.9,1125.2,944.1,387.2,294.4,939.0,724.9,3464.9,3469.8,1126.1,710.1,534.6,3477.1,1077.3,784.4,3456.4,3449.1,354.5,317.4,322.1,316.7,275.2,259.9,3466.1,3467.4,541.8,377.0,421.5,828.5,616.5,420.8,-4.0,3.0,7.0,9491.0,-10317.0,-4450.0,7218.0,7.0,1.0,-9.0,-10.0,-5.0,16.0,8564.0,-12506.0,-2668.0,5621.0,-1.0,-6.0,-8.0,1.0
2022-05-08 16:17:14.121412-07:00,657.9,791.9,1125.2,944.1,386.4,298.2,935.6,725.8,3464.9,3469.8,1126.1,710.1,533.8,3472.2,1079.9,793.5,3454.0,3446.7,354.5,319.0,322.1,316.7,275.2,259.9,3466.1,3468.6,544.2,383.3,421.5,828.5,616.5,420.8,14.0,-5.0,10.0,9490.0,-10314.0,-4456.0,7221.0,-7.0,-12.0,0.0,-3.0,0.0,-1.0,8562.0,-12506.0,-2668.0,5622.0,-9.0,4.0,0.0,1.0
2022-05-08 16:17:14.181288-07:00,653.8,789.4,1110.4,945.8,386.4,298.2,935.6,725.8,3466.1,3475.9,1122.6,711.8,533.8,3472.2,1079.9,793.5,3454.0,3446.7,354.5,319.0,321.3,319.0,276.7,258.4,3466.1,3468.6,544.2,383.3,419.2,843.6,617.3,416.8,1.0,2.0,1.0,9493.0,-10315.0,-4453.0,7218.0,10.0,15.0,1.0,-8.0,4.0,2.0,8564.0,-12505.0,-2666.0,5623.0,23.0,-1.0,2.0,1.0
2022-05-08 16:17:14.241372-07:00,653.8,789.4,1110.4,945.8,391.1,302.0,937.3,717.5,3466.1,3475.9,1122.6,711.8,530.6,3460.1,1080.8,788.6,3447.9,3441.9,354.5,318.2,321.3,319.0,276.7,258.4,3469.8,3467.4,532.2,376.3,419.2,843.6,617.3,416.8,1.0,-2.0,-10.0,9492.0,-10317.0,-4453.0,7216.0,-19.0,-5.0,0.0,-9.0,-1.0,2.0,8565.0,-12504.0,-2665.0,5624.0,-23.0,4.0,-2.0,1.0
2022-05-08 16:17:14.271373-07:00,657.0,781.9,1111.2,942.4,391.1,302.0,937.3,722.5,3467.4,3474.6,1124.4,711.8,530.6,3460.1,1080.8,789.4,3445.5,3441.9,354.5,318.2,324.4,316.7,278.3,255.3,3457.6,3467.4,532.2,376.3,419.2,821.9,614.1,419.2,2.0,0.0,2.0,9490.0,-10317.0,-4454.0,7218.0,18.0,-4.0,10.0,-8.0,0.0,5.0,8561.0,-12506.0,-2666.0,5624.0,9.0,-6.0,6.0,1.0
2022-05-08 16:17:14.331315-07:00,657.0,781.9,1111.2,942.4,384.8,294.4,935.6,722.5,3475.9,3474.6,1124.4,711.8,534.6,3462.5,1072.1,789.4,3445.5,3447.9,353.0,318.2,324.4,316.7,278.3,256.1,3457.6,3468.6,539.4,374.7,419.2,821.9,614.1,420.8,5.0,3.0,4.0,9495.0,-10311.0,-4452.0,7221.0,23.0,-15.0,-7.0,-6.0,2.0,4.0,8570.0,-12497.0,-2665.0,5631.0,36.0,-12.0,-9.0,1.0
2022-05-08 16:17:14.391335-07:00,657.0,775.3,1105.1,951.7,384.8,294.4,935.6,724.1,3475.9,3467.4,1118.2,709.3,534.6,3462.5,1072.1,791.9,3451.6,3447.9,353.0,318.2,323.6,311.3,281.3,256.1,3462.5,3468.6,539.4,374.7,413.7,821.9,618.9,420.8,2.0,-12.0,11.0,9494.0,-10311.0,-4452.0,7222.0,-19.0,7.0,10.0,-7.0,0.0,6.0,8569.0,-12497.0,-2664.0,5632.0,-22.0,9.0,4.0,1.0
2022-05-08 16:17:14.421283-07:00,654.6,775.3,1105.1,951.7,382.5,297.4,930.5,724.1,3475.9,3467.4,1118.2,709.3,538.6,3464.9,1077.3,791.9,3451.6,3445.5,355.3,314.4,323.6,311.3,281.3,259.9,3462.5,3468.6,533.0,376.3,413.7,821.9,618.9,419.2,3.0,6.0,-4.0,9492.0,-10313.0,-4453.0,7221.0,-9.0,-7.0,-11.0,-7.0,3.0,1.0,8565.0,-12500.0,-2665.0,5633.0,-11.0,4.0,0.0,1.0
2022-05-08 16:17:14.481335-07:00,654.6,777.8,1106.9,944.1,382.5,297.4,930.5,717.5,3475.9,3467.4,1120.9,715.1,538.6,3464.9,1077.3,791.9,3449.1,3445.5,355.3,314.4,319.7,318.2,272.9,259.9,3466.1,3468.6,533.0,376.3,416.1,821.0,614.9,419.2,4.0,-12.0,0.0,9494.0,-10312.0,-4455.0,7219.0,5.0,9.0,-4.0,-8.0,-6.0,0.0,8567.0,-12499.0,-2665.0,5633.0,7.0,-4.0,0.0,1.0
2022-05-08 16:17:14.541908-07:00,651.4,777.8,1106.9,944.1,379.4,296.7,924.5,717.5,3475.9,3467.4,1120.9,715.1,533.8,3471.0,1077.3,791.9,3449.1,3440.7,356.8,319.7,319.7,318.2,272.9,259.2,3466.1,3458.9,530.6,377.8,416.1,821.0,614.9,417.6,0.0,8.0,0.0,9493.0,-10312.0,-4456.0,7220.0,-8.0,-19.0,2.0,-6.0,4.0,1.0,8569.0,-12497.0,-2663.0,5634.0,-9.0,-1.0,-2.0,1.0
2022-05-08 16:17:14.571597-07:00,651.4,778.6,1102.5,938.1,379.4,296.7,924.5,711.8,3475.9,3474.6,1122.6,712.6,533.8,3471.0,1077.3,792.7,3451.6,3440.7,356.8,319.7,322.8,317.4,275.2,259.2,3458.9,3458.9,530.6,377.8,418.4,822.7,611.7,417.6,5.0,-1.0,1.0,9493.0,-10308.0,-4459.0,7224.0,15.0,0.0,-2.0,-4.0,0.0,3.0,8571.0,-12495.0,-2662.0,5635.0,11.0,-1.0,-3.0,1.0
2022-05-08 16:17:14.631965-07:00,648.1,778.6,1102.5,938.1,384.8,295.9,930.5,711.8,3471.0,3478.3,1122.6,712.6,532.2,3478.3,1067.7,792.7,3451.6,3450.4,364.6,319.7,322.8,317.4,273.7,258.4,3458.9,3469.8,534.6,377.8,418.4,822.7,613.3,420.8,5.0,-2.0,8.0,9494.0,-10307.0,-4459.0,7224.0,6.0,8.0,5.0,-9.0,-3.0,6.0,8571.0,-12495.0,-2661.0,5636.0,11.0,-3.0,1.0,1.0
2022-05-08 16:17:14.691249-07:00,648.1,778.6,1102.5,941.5,384.8,295.9,928.8,719.2,3471.0,3478.3,1120.0,711.8,532.2,3478.3,1079.0,791.0,3438.2,3450.4,364.6,319.7,320.5,318.2,273.7,258.4,3461.3,3473.4,534.6,377.8,416.8,821.9,613.3,420.8,4.0,-1.0,6.0,9496.0,-10308.0,-4456.0,7222.0,-8.0,11.0,-6.0,-8.0,-3.0,3.0,8571.0,-12495.0,-2661.0,5637.0,-3.0,5.0,-4.0,1.0
2022-05-08 16:17:14.751318-07:00,663.6,772.8,1102.5,941.5,380.9,296.7,928.8,719.2,3471.0,3467.4,1120.0,711.8,532.2,3467.4,1079.0,791.0,3438.2,3450.4,362.3,316.7,320.5,318.2,276.7,253.8,3461.3,3473.4,535.4,376.3,416.8,821.9,614.1,412.1,4.0,-6.0,-3.0,9497.0,-10309.0,-4455.0,7220.0,4.0,6.0,-2.0,-6.0,3.0,4.0,8572.0,-12494.0,-2660.0,5637.0,12.0,-4.0,-2.0,1.0
2022-05-08 16:17:14.901245-07:00,663.6,772.8,1095.6,940.7,380.9,296.7,927.9,715.9,3471.0,3467.4,1113.9,712.6,532.2,3467.4,1072.9,791.0,3445.5,3452.8,362.3,316.7,317.4,316.7,276.7,253.8,3469.8,3462.5,535.4,376.3,414.5,820.2,614.1,412.1,-4.0,-2.0,4.0,9494.0,-10312.0,-4457.0,7218.0,-21.0,2.0,3.0,-11.0,-2.0,8.0,8569.0,-12496.0,-2661.0,5637.0,-14.0,6.0,-1.0,1.0
2022-05-08 16:17:14.903027-07:00,653.0,775.3,1095.6,940.7,380.9,297.4,927.9,715.9,3473.4,3471.0,1113.9,712.6,537.8,3468.6,1072.9,791.0,3445.5,3452.8,355.3,317.4,317.4,316.7,274.4,256.1,3469.8,3462.5,534.6,380.2,414.5,820.2,615.7,404.3,7.0,7.0,5.0,9494.0,-10311.0,-4457.0,7219.0,5.0,7.0,-2.0,-3.0,1.0,6.0,8568.0,-12496.0,-2661.0,5637.0,-4.0,1.0,-5.0,1.0
2022-05-08 16:17:14.931972-07:00,653.0,775.3,1095.6,946.6,380.9,297.4,930.5,711.8,3473.4,3471.0,1118.2,712.6,537.8,3468.6,1076.4,784.4,3438.2,3449.1,355.3,317.4,328.2,316.7,274.4,256.1,3458.9,3474.6,534.6,380.2,417.6,821.0,615.7,404.3,3.0,1.0,2.0,9495.0,-10312.0,-4456.0,7217.0,1.0,11.0,3.0,-6.0,-3.0,8.0,8568.0,-12496.0,-2661.0,5637.0,-6.0,3.0,4.0,1.0
2022-05-08 16:17:14.933521-07:00,649.7,772.0,1092.9,946.6,380.9,292.1,930.5,711.8,3475.9,3473.4,1116.5,712.6,530.6,3468.6,1076.4,784.4,3438.2,3449.1,358.4,319.0,328.2,319.0,274.4,257.6,3458.9,3474.6,535.4,381.7,417.6,820.2,612.5,414.5,6.0,2.0,0.0,9494.0,-10317.0,-4455.0,7212.0,-21.0,16.0,-10.0,-7.0,1.0,2.0,8562.0,-12503.0,-2662.0,5632.0,-28.0,13.0,-4.0,1.0
2022-05-08 16:17:14.991261-07:00,649.7,772.0,1092.9,946.6,380.9,294.4,930.5,716.7,3475.9,3473.4,1116.5,713.4,530.6,3468.6,1076.4,786.1,3445.5,3449.1,357.6,319.0,325.9,319.0,274.4,257.6,3466.1,3472.2,539.4,381.7,417.6,820.2,612.5,414.5,3.0,1.0,1.0,9493.0,-10322.0,-4455.0,7207.0,7.0,-4.0,6.0,-7.0,-3.0,0.0,8562.0,-12503.0,-2662.0,5632.0,3.0,-3.0,3.0,1.0
2022-05-08 16:17:15.021496-07:00,650.5,768.7,1090.3,946.6,381.7,294.4,930.5,716.7,3466.1,3466.1,1115.6,713.4,529.0,3468.6,1076.4,786.1,3445.5,3449.1,357.6,311.3,325.9,314.4,273.7,256.1,3466.1,3472.2,539.4,377.0,417.6,821.9,611.7,416.8,10.0,1.0,-1.0,9493.0,-10320.0,-4455.0,7209.0,19.0,-9.0,11.0,-5.0,2.0,-2.0,8565.0,-12500.0,-2660.0,5633.0,17.0,-8.0,1.0,1.0
2022-05-08 16:17:15.081372-07:00,650.5,768.7,1090.3,939.0,381.7,295.9,930.5,714.2,3466.1,3466.1,1115.6,705.2,529.0,3478.3,1080.8,791.9,3437.0,3449.1,360.0,311.3,317.4,314.4,273.7,256.1,3471.0,3467.4,531.4,377.0,415.3,821.9,611.7,416.8,5.0,-4.0,8.0,9492.0,-10318.0,-4457.0,7212.0,6.0,-4.0,-2.0,-3.0,-7.0,2.0,8566.0,-12499.0,-2661.0,5635.0,17.0,-8.0,-6.0,1.0
2022-05-08 16:17:15.141330-07:00,661.9,774.5,1081.6,939.0,379.4,295.9,930.5,714.2,3467.4,3467.4,1110.4,705.2,537.8,3478.3,1080.8,791.9,3437.0,3449.1,360.0,321.3,317.4,315.1,276.0,256.1,3471.0,3467.4,531.4,374.7,415.3,816.0,610.0,411.4,2.0,1.0,7.0,9493.0,-10317.0,-4457.0,7212.0,-12.0,-6.0,1.0,-6.0,-1.0,5.0,8566.0,-12499.0,-2661.0,5635.0,-7.0,2.0,4.0,1.0
2022-05-08 16:17:15.171280-07:00,661.9,774.5,1081.6,937.3,379.4,298.2,924.5,720.0,3467.4,3467.4,1110.4,713.4,537.8,3474.6,1072.9,786.1,3454.0,3446.7,357.6,321.3,321.3,315.1,276.0,256.1,3454.0,3460.1,532.2,374.7,412.9,816.0,610.0,411.4,4.0,0.0,3.0,9494.0,-10316.0,-4456.0,7213.0,19.0,-1.0,-2.0,-6.0,0.0,2.0,8568.0,-12498.0,-2660.0,5635.0,25.0,-2.0,-2.0,1.0
2022-05-08 16:17:15.231287-07:00,654.6,768.7,1092.9,937.3,382.5,298.2,924.5,720.0,3469.8,3469.8,1110.4,713.4,533.8,3474.6,1072.9,786.1,3454.0,3446.7,357.6,317.4,321.3,318.2,279.8,257.6,3454.0,3460.1,532.2,377.0,412.9,825.2,594.7,409.8,3.0,-2.0,3.0,9496.0,-10318.0,-4453.0,7210.0,-10.0,18.0,-5.0,-6.0,1.0,3.0,8569.0,-12497.0,-2659.0,5635.0,-16.0,12.0,1.0,1.0
2022-05-08 16:17:15.290998-07:00,654.6,768.7,1092.9,946.6,385.6,293.6,926.2,722.5,3469.8,3469.8,1110.4,717.5,533.8,3471.0,1077.3,790.2,3447.9,3447.9,358.4,316.7,325.9,318.2,279.8,257.6,3467.4,3473.4,530.6,380.2,412.9,825.2,594.7,409.8,4.0,3.0,-8.0,9495.0,-10318.0,-4453.0,7210.0,-11.0,-9.0,4.0,-8.0,-4.0,1.0,8568.0,-12498.0,-2659.0,5634.0,-2.0,-3.0,1.0,1.0
2022-05-08 16:17:15.321393-07:00,653.8,767.8,1083.4,932.2,385.6,293.6,926.2,722.5,3472.2,3478.3,1107.8,716.7,533.8,3471.0,1077.3,790.2,3447.9,3447.9,358.4,316.7,322.1,315.1,271.4,263.0,3467.4,3473.4,530.6,380.2,420.8,828.5,614.9,412.9,4.0,1.0,5.0,9496.0,-10317.0,-4452.0,7211.0,16.0,8.0,-1.0,-7.0,-1.0,1.0,8570.0,-12497.0,-2658.0,5634.0,15.0,0.0,-1.0,1.0
2022-05-08 16:17:15.381288-07:00,653.8,767.8,1083.4,932.2,384.8,297.4,927.1,719.2,3472.2,3478.3,1107.8,716.7,536.2,3473.4,1076.4,790.2,3438.2,3447.9,358.4,309.7,322.1,315.1,271.4,263.0,3460.1,3463.7,530.6,374.7,420.8,828.5,614.9,412.9,1.0,1.0,-1.0,9498.0,-10315.0,-4451.0,7211.0,1.0,-10.0,-1.0,-6.0,-1.0,5.0,8572.0,-12496.0,-2657.0,5635.0,-7.0,-1.0,2.0,1.0
2022-05-08 16:17:15.441328-07:00,653.8,764.5,1082.5,941.5,384.8,297.4,927.1,719.2,3466.1,3472.2,1111.2,711.8,536.2,3473.4,1076.4,790.2,3438.2,3447.9,358.4,309.7,322.1,312.8,273.7,257.6,3460.1,3463.7,530.6,374.7,417.6,821.0,610.0,412.9,4.0,-2.0,0.0,9498.0,-10314.0,-4452.0,7213.0,-6.0,6.0,4.0,-9.0,-1.0,3.0,8572.0,-12496.0,-2657.0,5635.0,-2.0,2.0,1.0,1.0
2022-05-08 16:17:15.471264-07:00,653.8,764.5,1082.5,941.5,379.4,295.9,924.5,719.2,3466.1,3472.2,1111.2,711.8,537.0,3457.6,1078.2,787.7,3446.7,3444.3,361.5,315.1,322.1,312.8,273.7,257.6,3458.9,3467.4,544.2,379.4,417.6,821.0,610.0,412.9,3.0,3.0,-6.0,9498.0,-10315.0,-4451.0,7211.0,5.0,0.0,-3.0,-6.0,3.0,5.0,8572.0,-12496.0,-2657.0,5635.0,0.0,6.0,-3.0,1.0
2022-05-08 16:17:15.531327-07:00,643.2,769.5,1084.2,945.8,379.4,295.9,924.5,719.2,3473.4,3469.8,1113.9,715.9,537.0,3457.6,1078.2,787.7,3446.7,3444.3,361.5,315.1,323.6,319.7,268.3,261.4,3458.9,3467.4,544.2,379.4,414.5,823.5,610.8,411.4,4.0,-3.0,3.0,9498.0,-10315.0,-4451.0,7211.0,3.0,-2.0,-3.0,-7.0,-1.0,2.0,8572.0,-12496.0,-2657.0,5635.0,-3.0,3.0,0.0,1.0
2022-05-08 16:17:15.561637-07:00,647.3,769.5,1084.2,945.8,380.9,294.4,928.8,720.8,3474.6,3469.8,1113.9,715.9,533.0,3466.1,1079.0,787.7,3449.1,3443.1,354.5,312.8,323.6,319.7,268.3,259.2,3468.6,3461.3,541.8,379.4,414.5,823.5,610.8,416.8,-1.0,3.0,0.0,9499.0,-10316.0,-4450.0,7210.0,1.0,9.0,1.0,-8.0,-1.0,8.0,8572.0,-12496.0,-2657.0,5635.0,-2.0,1.0,0.0,1.0
2022-05-08 16:17:15.651350-07:00,647.3,764.5,1079.9,936.4,380.9,294.4,928.8,716.7,3474.6,3474.6,1111.2,711.0,533.0,3466.1,1079.0,793.5,3451.6,3443.1,354.5,312.8,317.4,318.2,277.5,259.2,3469.8,3461.3,541.8,379.4,418.4,823.5,612.5,416.8,9.0,1.0,0.0,9497.0,-10314.0,-4453.0,7213.0,10.0,-12.0,-3.0,-5.0,2.0,0.0,8572.0,-12496.0,-2657.0,5635.0,5.0,-9.0,-3.0,1.0
2022-05-08 16:17:15.681531-07:00,648.9,764.5,1079.9,936.4,377.0,293.6,921.1,716.7,3471.0,3474.6,1111.2,711.0,531.4,3467.4,1073.8,793.5,3451.6,3447.9,360.0,314.4,317.4,318.2,277.5,258.4,3469.8,3455.2,530.6,373.2,418.4,823.5,612.5,410.6,4.0,-9.0,8.0,9496.0,-10314.0,-4454.0,7214.0,-6.0,11.0,2.0,-9.0,-8.0,13.0,8571.0,-12496.0,-2658.0,5634.0,-8.0,8.0,2.0,1.0
2022-05-08 16:17:15.771291-07:00,648.9,763.7,1076.4,939.0,377.0,293.6,921.1,715.1,3471.0,3468.6,1115.6,715.9,531.4,3467.4,1073.8,790.2,3451.6,3447.9,360.0,314.4,319.7,319.0,278.3,258.4,3463.7,3455.2,530.6,373.2,412.9,821.9,614.9,410.6,3.0,9.0,3.0,9495.0,-10313.0,-4456.0,7215.0,2.0,-13.0,-4.0,-7.0,5.0,2.0,8572.0,-12496.0,-2657.0,5634.0,2.0,-6.0,-1.0,1.0
2022-05-08 16:17:15.801949-07:00,648.9,763.7,1076.4,939.0,385.6,296.7,930.5,715.1,3471.0,3468.6,1115.6,715.9,533.8,3478.3,1070.3,790.2,3451.6,3441.9,354.5,318.2,319.7,319.0,278.3,263.0,3463.7,3460.1,529.0,371.6,412.9,821.9,614.9,415.3,4.0,-5.0,-1.0,9496.0,-10314.0,-4455.0,7214.0,-2.0,10.0,-1.0,-6.0,-1.0,5.0,8572.0,-12496.0,-2657.0,5634.0,-5.0,4.0,-1.0,1.0
2022-05-08 16:17:15.831267-07:00,648.9,763.7,1075.6,939.0,385.6,296.7,930.5,715.1,3471.0,3478.3,1113.0,706.0,533.8,3478.3,1070.3,788.6,3444.3,3441.9,354.5,318.2,323.6,322.1,278.3,263.0,3471.0,3460.1,529.0,371.6,409.0,825.2,614.9,415.3,4.0,7.0,-1.0,9495.0,-10313.0,-4456.0,7216.0,14.0,-20.0,2.0,-8.0,6.0,-1.0,8574.0,-12494.0,-2657.0,5636.0,23.0,-15.0,-1.0,1.0
2022-05-08 16:17:15.981326-07:00,649.7,763.7,1075.6,939.0,391.8,292.8,926.2,715.1,3471.0,3478.3,1113.0,706.0,539.4,3477.1,1084.2,788.6,3444.3,3443.1,363.1,318.2,323.6,322.1,278.3,257.6,3471.0,3461.3,524.2,380.2,409.0,825.2,614.9,406.7,3.0,-9.0,6.0,9498.0,-10309.0,-4456.0,7218.0,-9.0,11.0,-9.0,-7.0,-10.0,10.0,8575.0,-12492.0,-2658.0,5638.0,-14.0,5.0,-6.0,1.0
2022-05-08 16:17:15.984686-07:00,649.7,766.2,1080.8,944.9,391.8,292.8,929.6,719.2,3471.0,3467.4,1111.2,714.2,539.4,3477.1,1079.0,784.4,3445.5,3449.1,363.1,318.2,322.8,312.0,273.7,257.6,3455.2,3475.9,524.2,380.2,416.1,811.0,607.6,406.7,2.0,7.0,2.0,9497.0,-10310.0,-4454.0,7218.0,6.0,-11.0,13.0,-4.0,6.0,4.0,8576.0,-12491.0,-2657.0,5638.0,7.0,-4.0,5.0,1.0
2022-05-08 16:17:16.011878-07:00,657.9,764.5,1080.8,944.9,378.6,292.1,929.6,719.2,3468.6,3469.8,1111.2,714.2,534.6,3473.4,1079.0,784.4,3445.5,3449.1,354.5,319.0,322.8,312.0,272.1,256.1,3455.2,3475.9,527.4,380.2,416.1,811.0,606.8,414.5,7.0,-3.0,3.0,9495.0,-10307.0,-4458.0,7223.0,4.0,2.0,-6.0,-3.0,0.0,-2.0,8576.0,-12491.0,-2657.0,5638.0,5.0,0.0,-7.0,1.0
2022-05-08 16:17:16.042443-07:00,657.9,764.5,1082.5,939.0,378.6,292.1,915.2,714.2,3468.6,3469.8,1110.4,711.8,534.6,3473.4,1069.5,791.9,3446.7,3447.9,354.5,319.0,322.1,315.1,272.1,256.1,3462.5,3468.6,527.4,380.2,419.2,817.7,606.8,414.5,-1.0,-2.0,5.0,9495.0,-10308.0,-4456.0,7222.0,-3.0,2.0,9.0,-7.0,-1.0,9.0,8576.0,-12491.0,-2657.0,5638.0,-7.0,2.0,6.0,1.0
2022-05-08 16:17:16.101340-07:00,650.5,761.2,1082.5,939.0,379.4,294.4,915.2,714.2,3467.4,3468.6,1110.4,711.8,531.4,3471.0,1069.5,791.9,3446.7,3447.9,356.1,315.1,322.1,315.1,276.7,256.1,3462.5,3468.6,524.2,378.6,419.2,817.7,613.3,410.6,10.0,-1.0,3.0,9493.0,-10307.0,-4458.0,7225.0,5.0,-9.0,-3.0,-4.0,0.0,-2.0,8576.0,-12491.0,-2657.0,5638.0,3.0,-2.0,-4.0,1.0
2022-05-08 16:17:16.131298-07:00,650.5,761.2,1089.5,937.3,379.4,294.4,923.7,718.4,3467.4,3468.6,1111.2,708.5,531.4,3471.0,1076.4,787.7,3445.5,3447.9,356.1,315.1,323.6,318.2,276.7,256.1,3468.6,3463.7,524.2,378.6,410.6,828.5,613.3,410.6,2.0,-1.0,1.0,9497.0,-10305.0,-4455.0,7225.0,-4.0,6.0,0.0,-5.0,0.0,7.0,8577.0,-12491.0,-2657.0,5638.0,-10.0,3.0,-1.0,1.0
2022-05-08 16:17:16.161473-07:00,648.9,761.2,1089.5,937.3,377.8,296.7,923.7,718.4,3467.4,3468.6,1111.2,708.5,529.0,3472.2,1076.4,787.7,3445.5,3447.9,353.7,315.1,323.6,318.2,274.4,255.3,3468.6,3463.7,528.2,380.9,410.6,828.5,611.7,413.7,4.0,6.0,4.0,9497.0,-10305.0,-4455.0,7225.0,1.0,-14.0,5.0,-5.0,-1.0,3.0,8578.0,-12490.0,-2656.0,5638.0,-2.0,-1.0,2.0,1.0
2022-05-08 16:17:16.221302-07:00,648.9,761.2,1076.4,941.5,377.8,304.3,920.3,713.4,3467.4,3468.6,1112.1,710.1,529.0,3473.4,1072.1,787.7,3445.5,3444.3,357.6,315.1,320.5,314.4,274.4,255.3,3457.6,3461.3,527.4,380.9,416.1,820.2,611.7,413.7,6.0,-1.0,0.0,9495.0,-10305.0,-4457.0,7226.0,10.0,-4.0,0.0,-7.0,0.0,3.0,8577.0,-12491.0,-2657.0,5638.0,9.0,-9.0,-1.0,1.0
2022-05-08 16:17:16.282001-07:00,652.2,765.3,1077.3,941.5,377.8,304.3,920.3,713.4,3473.4,3467.4,1109.5,710.1,535.4,3473.4,1072.1,787.7,3445.5,3444.3,357.6,316.7,320.5,314.4,273.7,254.6,3457.6,3461.3,527.4,377.8,416.1,820.2,607.6,410.6,0.0,0.0,1.0,9496.0,-10304.0,-4457.0,7227.0,6.0,-2.0,0.0,-6.0,-1.0,9.0,8577.0,-12491.0,-2657.0,5638.0,5.0,-3.0,-2.0,1.0
2022-05-08 16:17:16.311488-07:00,652.2,765.3,1077.3,943.2,377.8,286.7,919.4,720.0,3473.4,3467.4,1109.5,714.2,535.4,3471.0,1074.7,784.4,3435.8,3437.0,355.3,316.7,322.8,314.4,273.7,254.6,3467.4,3461.3,529.0,377.8,420.0,820.2,607.6,410.6,4.0,-1.0,3.0,9496.0,-10304.0,-4457.0,7227.0,2.0,7.0,4.0,-6.0,-1.0,2.0,8577.0,-12491.0,-2657.0,5638.0,-5.0,8.0,0.0,1.0
2022-05-08 16:17:16.371405-07:00,649.7,762.0,1077.3,943.2,376.3,286.7,919.4,720.0,3477.1,3469.8,1107.8,714.2,530.6,3471.0,1074.7,784.4,3435.8,3437.0,355.3,319.0,322.8,318.2,272.9,259.9,3467.4,3461.3,529.0,374.7,420.0,821.0,611.7,417.6,6.0,0.0,2.0,9496.0,-10304.0,-4457.0,7227.0,8.0,7.0,2.0,-6.0,0.0,1.0,8577.0,-12491.0,-2657.0,5638.0,4.0,-3.0,1.0,1.0
2022-05-08 16:17:16.431293-07:00,649.7,762.0,1077.3,948.3,376.3,294.4,915.2,715.9,3477.1,3469.8,1107.8,711.8,530.6,3457.6,1069.5,790.2,3446.7,3447.9,359.2,319.0,317.4,318.2,272.9,259.9,3458.9,3466.1,528.2,374.7,413.7,821.0,611.7,417.6,6.0,3.0,2.0,9496.0,-10304.0,-4457.0,7227.0,-5.0,-4.0,0.0,-7.0,3.0,3.0,8579.0,-12490.0,-2656.0,5639.0,-4.0,-2.0,-1.0,1.0
2022-05-08 16:17:16.461769-07:00,649.7,761.2,1084.2,948.3,378.6,294.4,915.2,715.9,3471.0,3471.0,1106.9,711.8,534.6,3457.6,1069.5,790.2,3446.7,3447.9,359.2,311.3,317.4,311.3,274.4,257.6,3458.9,3466.1,528.2,381.7,413.7,822.7,609.2,412.9,6.0,1.0,4.0,9493.0,-10307.0,-4459.0,7226.0,-33.0,-8.0,9.0,-4.0,1.0,0.0,8573.0,-12495.0,-2657.0,5635.0,-50.0,25.0,-1.0,1.0
2022-05-08 16:17:16.521407-07:00,649.7,761.2,1084.2,933.9,380.2,298.2,919.4,715.1,3471.0,3471.0,1106.9,714.2,533.8,3475.9,1080.8,789.4,3458.9,3449.1,357.6,314.4,322.1,311.3,274.4,257.6,3466.1,3462.5,527.4,383.3,412.9,822.7,609.2,412.9,10.0,5.0,-1.0,9476.0,-10324.0,-4461.0,7221.0,-80.0,34.0,42.0,0.0,4.0,6.0,8548.0,-12523.0,-2658.0,5611.0,-171.0,98.0,-14.0,1.0
2022-05-08 16:17:16.581295-07:00,646.5,761.2,1109.5,941.5,380.2,298.2,919.4,715.1,3478.3,3483.2,1108.6,714.2,533.8,3475.9,1080.8,789.4,3458.9,3449.1,357.6,314.4,323.6,316.7,276.7,256.9,3466.1,3462.5,527.4,383.3,419.2,817.7,614.9,414.5,-7.0,21.0,-25.0,9440.0,-10374.0,-4462.0,7196.0,-200.0,-20.0,-1.0,-14.0,-7.0,16.0,8460.0,-12616.0,-2680.0,5525.0,-507.0,246.0,-80.0,1.0
2022-05-08 16:17:16.613214-07:00,646.5,761.2,1109.5,941.5,379.4,292.8,918.6,711.0,3478.3,3483.2,1108.6,714.2,533.0,3467.4,1080.8,794.4,3454.0,3446.7,356.1,315.1,323.6,316.7,276.7,256.9,3466.1,3467.4,529.8,379.4,419.2,817.7,614.9,414.5,16.0,19.0,-34.0,9380.0,-10386.0,-4551.0,7202.0,-52.0,-281.0,-115.0,0.0,13.0,-7.0,8334.0,-12742.0,-2731.0,5401.0,-269.0,123.0,-117.0,1.0
2022-05-08 16:17:16.671412-07:00,648.9,784.4,1181.5,939.8,379.4,292.8,918.6,711.0,3468.6,3468.6,1109.5,705.2,533.0,3467.4,1080.8,794.4,3454.0,3446.7,356.1,315.1,324.4,315.1,273.7,258.4,3466.1,3467.4,529.8,379.4,416.8,831.9,616.5,413.7,11.0,-13.0,-7.0,9361.0,-10322.0,-4671.0,7241.0,-204.0,-289.0,-160.0,-13.0,11.0,-11.0,8249.0,-12826.0,-2796.0,5298.0,-546.0,189.0,-154.0,1.0
2022-05-08 16:17:16.731245-07:00,648.9,784.4,1181.5,939.8,377.0,291.3,911.0,719.2,3468.6,3468.6,1109.5,705.2,538.6,3468.6,1074.7,789.4,3444.3,3446.7,358.4,313.6,324.4,315.1,273.7,258.4,3467.4,3457.6,533.0,379.4,416.8,831.9,616.5,413.7,15.0,-44.0,38.0,9284.0,-10328.0,-4805.0,7246.0,-170.0,-113.0,-8.0,-10.0,-23.0,0.0,8107.0,-12950.0,-2870.0,5174.0,-315.0,110.0,-66.0,1.0
2022-05-08 16:17:16.761605-07:00,650.5,803.5,1040.9,932.2,377.0,291.3,911.0,719.2,3467.4,3479.5,1105.1,711.8,538.6,3468.6,1074.7,789.4,3444.3,3446.7,358.4,313.6,322.1,311.3,272.9,256.1,3467.4,3457.6,533.0,379.4,416.8,817.7,612.5,409.8,-2.0,42.0,21.0,9241.0,-10355.0,-4840.0,7238.0,-184.0,16.0,-60.0,0.0,11.0,30.0,8017.0,-13028.0,-2905.0,5098.0,-397.0,164.0,-70.0,1.0
2022-05-08 16:17:16.821292-07:00,650.5,803.5,1040.9,932.2,377.8,294.4,897.4,708.5,3467.4,3479.5,1105.1,711.8,533.0,3468.6,1077.3,788.6,3450.4,3451.6,354.5,314.4,322.1,311.3,272.9,256.1,3462.5,3462.5,534.6,376.3,416.8,817.7,612.5,409.8,11.0,21.0,-7.0,9210.0,-10383.0,-4912.0,7188.0,-231.0,-10.0,-172.0,0.0,32.0,-7.0,7902.0,-13128.0,-2954.0,4992.0,-493.0,184.0,-105.0,1.0
2022-05-08 16:17:16.881495-07:00,648.9,814.4,980.7,937.3,377.8,294.4,897.4,706.9,3471.0,3464.9,1088.6,709.3,533.0,3468.6,1077.3,789.4,3440.7,3451.6,354.5,314.4,322.8,311.3,281.3,256.1,3457.6,3462.5,534.6,376.3,409.0,827.7,618.1,406.7,-7.0,-52.0,-12.0,9164.0,-10438.0,-4987.0,7116.0,-166.0,48.0,-35.0,-9.0,-26.0,5.0,7763.0,-13242.0,-3006.0,4876.0,-398.0,157.0,-48.0,1.0
2022-05-08 16:17:16.911396-07:00,654.6,814.4,980.7,937.3,379.4,295.9,894.9,706.9,3467.4,3464.9,1088.6,709.3,538.6,3469.8,1081.6,789.4,3440.7,3438.2,357.6,313.6,322.8,311.3,281.3,260.7,3457.6,3469.8,530.6,373.2,409.0,827.7,618.1,404.3,8.0,31.0,-43.0,9126.0,-10455.0,-5018.0,7118.0,-96.0,-227.0,0.0,-1.0,30.0,-7.0,7690.0,-13303.0,-3033.0,4810.0,-229.0,82.0,-75.0,1.0
2022-05-08 16:17:16.971836-07:00,654.6,836.9,926.2,943.2,379.4,295.9,894.9,708.5,3467.4,3467.4,1087.7,708.5,538.6,3469.8,1081.6,787.7,3447.9,3438.2,357.6,313.6,316.7,318.2,278.3,260.7,3457.6,3469.8,530.6,373.2,416.8,821.9,621.4,404.3,8.0,-13.0,-8.0,9057.0,-10433.0,-5112.0,7171.0,-82.0,-264.0,-18.0,-5.0,-4.0,-9.0,7639.0,-13344.0,-3073.0,4750.0,90.0,55.0,-14.0,1.0
2022-05-08 16:17:17.031306-07:00,662.7,836.9,926.2,943.2,378.6,294.4,893.2,708.5,3483.2,3467.4,1087.7,708.5,529.8,3467.4,1088.6,787.7,3447.9,3443.1,356.8,313.6,316.7,318.2,278.3,263.0,3457.6,3462.5,534.6,376.3,416.8,821.9,621.4,412.9,0.0,-23.0,38.0,9016.0,-10422.0,-5163.0,7202.0,-102.0,-16.0,5.0,-16.0,-19.0,28.0,7584.0,-13383.0,-3116.0,4700.0,-195.0,47.0,-55.0,1.0
2022-05-08 16:17:17.062226-07:00,662.7,860.4,885.6,933.0,378.6,294.4,893.2,705.2,3483.2,3468.6,1085.1,715.1,529.8,3467.4,1088.6,790.2,3444.3,3443.1,356.8,313.6,323.6,315.9,276.7,263.0,3464.9,3462.5,534.6,376.3,413.7,820.2,607.6,412.9,11.0,7.0,28.0,8993.0,-10437.0,-5185.0,7193.0,-95.0,14.0,-58.0,-4.0,-1.0,8.0,7551.0,-13407.0,-3135.0,4673.0,-112.0,38.0,-30.0,1.0
2022-05-08 16:17:17.121265-07:00,666.8,860.4,885.6,933.0,375.5,297.4,889.8,705.2,3473.4,3468.6,1085.1,715.1,541.8,3473.4,1081.6,790.2,3444.3,3452.8,357.6,315.1,323.6,315.9,276.7,263.0,3464.9,3463.7,541.0,376.3,413.7,820.2,607.6,408.2,-4.0,-35.0,10.0,8997.0,-10451.0,-5204.0,7154.0,-19.0,41.0,-49.0,-12.0,-15.0,-19.0,7523.0,-13428.0,-3144.0,4651.0,-68.0,36.0,3.0,1.0
2022-05-08 16:17:17.181343-07:00,666.8,867.1,868.8,933.9,375.5,297.4,889.8,707.7,3473.4,3475.9,1062.5,714.2,541.8,3473.4,1081.6,790.2,3454.0,3452.8,357.6,315.1,320.5,319.0,278.3,263.0,3464.9,3463.7,541.0,376.3,417.6,815.2,606.8,408.2,-3.0,12.0,-11.0,9024.0,-10452.0,-5200.0,7122.0,38.0,103.0,-58.0,-8.0,12.0,10.0,7527.0,-13428.0,-3141.0,4649.0,8.0,-1.0,3.0,1.0
2022-05-08 16:17:17.211506-07:00,662.7,851.1,868.8,933.9,378.6,291.3,889.0,707.7,3478.3,3480.7,1062.5,714.2,541.0,3471.0,1078.2,790.2,3454.0,3446.7,356.8,311.3,320.5,319.0,278.3,259.2,3464.9,3463.7,537.0,377.8,417.6,815.2,606.8,408.2,-7.0,-6.0,-15.0,9044.0,-10450.0,-5198.0,7101.0,-8.0,-20.0,-14.0,-8.0,3.0,2.0,7528.0,-13427.0,-3140.0,4651.0,-5.0,0.0,-1.0,1.0
2022-05-08 16:17:17.272061-07:00,662.7,851.1,860.4,931.3,378.6,291.3,883.9,702.8,3478.3,3480.7,1059.1,713.4,541.0,3471.0,1076.4,791.0,3458.9,3443.1,356.8,311.3,325.9,317.4,278.3,259.2,3460.1,3463.7,537.0,377.8,420.0,816.0,606.8,408.2,13.0,0.0,4.0,9042.0,-10442.0,-5206.0,7110.0,51.0,-3.0,-2.0,-4.0,0.0,-6.0,7532.0,-13421.0,-3141.0,4658.0,47.0,-32.0,4.0,1.0
2022-05-08 16:17:17.331868-07:00,653.8,850.3,860.4,931.3,380.9,295.1,883.9,702.8,3460.1,3473.4,1059.1,713.4,535.4,3468.6,1076.4,791.0,3458.9,3443.1,357.6,311.3,325.9,317.4,279.0,257.6,3460.1,3463.7,533.8,376.3,420.0,816.0,606.0,405.9,6.0,-7.0,11.0,9052.0,-10432.0,-5202.0,7114.0,-27.0,-13.0,-17.0,-4.0,-6.0,1.0,7539.0,-13415.0,-3142.0,4664.0,-19.0,2.0,-13.0,1.0
2022-05-08 16:17:17.422060-07:00,653.8,850.3,857.9,931.3,380.9,295.1,882.3,698.7,3460.1,3473.4,1059.1,712.6,535.4,3468.6,1084.2,789.4,3443.1,3445.5,357.6,311.3,329.0,315.1,279.0,257.6,3464.9,3464.9,533.8,376.3,419.2,818.5,606.0,405.9,2.0,3.0,4.0,9048.0,-10434.0,-5206.0,7113.0,-12.0,8.0,5.0,-6.0,-4.0,1.0,7537.0,-13416.0,-3142.0,4665.0,4.0,2.0,12.0,1.0
2022-05-08 16:17:17.423616-07:00,657.9,856.2,857.9,931.3,373.2,295.1,882.3,698.7,3467.4,3474.6,1059.1,712.6,537.8,3466.1,1084.2,789.4,3443.1,3445.5,356.8,315.1,329.0,315.1,278.3,256.1,3464.9,3464.9,534.6,378.6,419.2,818.5,601.2,408.2,1.0,-3.0,-4.0,9049.0,-10439.0,-5209.0,7103.0,-21.0,27.0,-26.0,-6.0,0.0,-1.0,7536.0,-13417.0,-3140.0,4666.0,-4.0,5.0,-3.0,1.0
2022-05-08 16:17:17.481318-07:00,657.9,856.2,843.6,928.8,373.2,295.1,885.6,698.7,3467.4,3474.6,1053.9,719.2,537.8,3466.1,1079.9,791.0,3454.0,3444.3,356.8,315.1,327.5,315.9,278.3,256.1,3463.7,3461.3,534.6,378.6,416.8,817.7,601.2,408.2,1.0,-11.0,-2.0,9051.0,-10440.0,-5210.0,7098.0,5.0,0.0,11.0,-8.0,-4.0,-12.0,7537.0,-13416.0,-3138.0,4667.0,15.0,-9.0,10.0,1.0
2022-05-08 16:17:17.511409-07:00,659.5,847.0,848.6,928.8,377.0,292.8,885.6,698.7,3483.2,3472.2,1057.3,719.2,537.8,3475.9,1079.9,791.0,3454.0,3444.3,356.1,316.7,327.5,318.2,274.4,256.9,3463.7,3461.3,533.8,375.5,416.8,821.0,601.2,409.0,1.0,4.0,4.0,9053.0,-10438.0,-5208.0,7099.0,12.0,-7.0,-10.0,-5.0,0.0,3.0,7542.0,-13411.0,-3138.0,4673.0,14.0,-10.0,-8.0,1.0
2022-05-08 16:17:17.571388-07:00,659.5,847.0,848.6,930.5,377.0,289.8,876.4,698.7,3483.2,3472.2,1057.3,711.8,537.8,3471.0,1081.6,791.9,3443.1,3447.9,361.5,316.7,323.6,318.2,274.4,256.9,3473.4,3471.0,525.8,375.5,420.8,821.0,601.2,409.0,-1.0,-11.0,11.0,9057.0,-10434.0,-5213.0,7096.0,-4.0,5.0,-11.0,-5.0,-6.0,6.0,7543.0,-13410.0,-3139.0,4675.0,3.0,-7.0,1.0,1.0
2022-05-08 16:17:17.631451-07:00,658.7,843.6,841.1,930.5,380.2,289.8,876.4,698.7,3467.4,3469.8,1053.9,711.8,533.0,3471.0,1081.6,791.9,3443.1,3447.9,361.5,315.9,323.6,315.9,276.7,255.3,3473.4,3471.0,525.8,380.9,420.8,819.4,602.8,402.8,3.0,10.0,-3.0,9061.0,-10436.0,-5206.0,7094.0,-10.0,14.0,1.0,-6.0,0.0,3.0,7548.0,-13407.0,-3136.0,4679.0,-7.0,5.0,5.0,1.0
2022-05-08 16:17:17.661587-07:00,658.7,843.6,841.1,929.6,380.2,292.8,876.4,701.9,3467.4,3469.8,1053.9,715.1,533.0,3467.4,1076.4,786.1,3456.4,3438.2,356.8,315.9,326.7,315.9,276.7,255.3,3461.3,3468.6,530.6,380.9,421.5,819.4,602.8,402.8,5.0,-3.0,-1.0,9060.0,-10438.0,-5210.0,7090.0,2.0,0.0,-14.0,-6.0,-3.0,-7.0,7547.0,-13407.0,-3136.0,4679.0,12.0,-7.0,-3.0,1.0
2022-05-08 16:17:17.721297-07:00,657.9,842.8,841.9,929.6,378.6,292.8,876.4,701.9,3460.1,3472.2,1057.3,715.1,533.0,3467.4,1076.4,786.1,3456.4,3438.2,356.8,315.1,326.7,315.1,271.4,256.1,3461.3,3468.6,530.6,377.0,421.5,820.2,597.9,409.0,0.0,2.0,3.0,9064.0,-10435.0,-5210.0,7089.0,18.0,0.0,-1.0,-6.0,-1.0,-2.0,7552.0,-13404.0,-3134.0,4681.0,6.0,-8.0,2.0,1.0
2022-05-08 16:17:17.811632-07:00,657.9,842.8,841.9,927.9,378.6,292.1,871.3,697.9,3460.1,3472.2,1057.3,714.2,533.0,3471.0,1079.0,787.7,3452.8,3445.5,356.8,315.1,323.6,315.1,271.4,256.1,3463.7,3472.2,527.4,377.0,416.8,820.2,597.9,409.0,2.0,-3.0,2.0,9066.0,-10433.0,-5211.0,7088.0,16.0,-2.0,-6.0,-6.0,-6.0,3.0,7557.0,-13400.0,-3133.0,4685.0,23.0,-8.0,-2.0,1.0
2022-05-08 16:17:17.813630-07:00,658.7,833.6,833.6,927.9,374.7,292.1,871.3,697.9,3475.9,3467.4,1053.0,714.2,533.8,3471.0,1079.0,787.7,3452.8,3445.5,356.8,310.5,323.6,312.8,272.9,263.0,3463.7,3472.2,527.4,376.3,416.8,818.5,597.9,409.0,4.0,0.0,0.0,9068.0,-10427.0,-5217.0,7089.0,-5.0,-15.0,-16.0,-4.0,1.0,-1.0,7559.0,-13398.0,-3132.0,4687.0,0.0,-5.0,-4.0,1.0
2022-05-08 16:17:17.871371-07:00,658.7,833.6,833.6,933.0,373.2,292.8,871.3,703.6,3475.9,3467.4,1053.0,711.8,530.6,3464.9,1080.8,792.7,3454.0,3446.7,356.8,313.6,324.4,312.8,272.9,263.0,3468.6,3467.4,529.8,380.2,412.9,818.5,597.9,409.0,5.0,-3.0,6.0,9069.0,-10424.0,-5220.0,7091.0,17.0,5.0,2.0,-7.0,0.0,2.0,7562.0,-13397.0,-3131.0,4688.0,26.0,-6.0,6.0,1.0
2022-05-08 16:17:17.901429-07:00,658.7,838.6,833.6,915.2,373.2,292.8,871.3,703.6,3471.0,3475.9,1048.7,715.1,530.6,3464.9,1080.8,792.7,3454.0,3446.7,356.8,313.6,327.5,313.6,276.0,257.6,3468.6,3467.4,529.8,380.2,416.8,818.5,599.6,402.8,2.0,2.0,0.0,9074.0,-10422.0,-5216.0,7090.0,-9.0,-2.0,-3.0,-5.0,6.0,6.0,7565.0,-13395.0,-3129.0,4690.0,-5.0,-2.0,0.0,1.0
2022-05-08 16:17:17.961611-07:00,658.7,838.6,833.6,915.2,374.7,293.6,873.8,700.3,3471.0,3475.9,1048.7,715.1,534.6,3468.6,1079.9,791.9,3447.9,3438.2,353.0,318.2,327.5,313.6,276.0,257.6,3469.8,3457.6,525.0,380.2,416.8,818.5,599.6,402.8,0.0,-1.0,0.0,9073.0,-10421.0,-5218.0,7092.0,3.0,3.0,4.0,-8.0,-5.0,-1.0,7565.0,-13395.0,-3129.0,4690.0,1.0,-3.0,3.0,1.0
2022-05-08 16:17:18.231492-07:00,658.7,835.2,837.7,923.7,374.7,293.6,873.8,700.3,3478.3,3469.8,1049.6,713.4,534.6,3468.6,1079.9,791.9,3447.9,3438.2,353.0,318.2,320.5,311.3,277.5,261.4,3469.8,3457.6,525.0,380.2,416.1,818.5,601.2,409.0,8.0,0.0,-1.0,9073.0,-10421.0,-5218.0,7092.0,2.0,-13.0,0.0,-5.0,0.0,-2.0,7565.0,-13395.0,-3129.0,4691.0,3.0,-2.0,-2.0,1.0
2022-05-08 16:17:18.234613-07:00,658.7,835.2,837.7,923.7,373.2,295.1,868.8,697.9,3478.3,3469.8,1049.6,713.4,537.0,3467.4,1081.6,789.4,3438.2,3445.5,353.0,315.9,320.5,311.3,277.5,261.4,3461.3,3462.5,518.7,379.4,416.1,818.5,601.2,409.0,4.0,-3.0,5.0,9071.0,-10419.0,-5221.0,7095.0,3.0,-10.0,2.0,-8.0,-5.0,0.0,7565.0,-13394.0,-3128.0,4691.0,8.0,-3.0,1.0,1.0
2022-05-08 16:17:18.236229-07:00,653.8,831.9,828.5,929.6,373.2,295.1,868.8,697.9,3457.6,3478.3,1049.6,715.9,537.0,3467.4,1081.6,789.4,3438.2,3445.5,353.0,315.9,319.0,313.6,274.4,253.1,3461.3,3462.5,518.7,379.4,417.6,810.2,598.7,407.5,4.0,-4.0,3.0,9070.0,-10419.0,-5221.0,7095.0,-14.0,-5.0,9.0,-8.0,-6.0,3.0,7565.0,-13394.0,-3128.0,4691.0,-12.0,5.0,3.0,1.0
2022-05-08 16:17:18.237529-07:00,657.9,831.9,828.5,929.6,375.5,286.7,868.8,697.9,3467.4,3478.3,1049.6,715.9,531.4,3480.7,1078.2,793.5,3456.4,3458.9,354.5,310.5,319.0,313.6,274.4,263.0,3458.9,3461.3,524.2,379.4,417.6,810.2,598.7,410.6,2.0,7.0,0.0,9071.0,-10418.0,-5221.0,7096.0,10.0,8.0,2.0,-7.0,0.0,6.0,7567.0,-13393.0,-3128.0,4692.0,7.0,-7.0,-2.0,1.0
2022-05-08 16:17:18.238723-07:00,657.9,831.1,827.7,923.7,375.5,286.7,868.8,689.7,3467.4,3464.9,1048.7,717.5,531.4,3480.7,1078.2,788.6,3449.1,3458.9,354.5,310.5,324.4,319.7,279.0,263.0,3462.5,3461.3,524.2,379.4,416.1,819.4,594.7,410.6,3.0,-4.0,0.0,9074.0,-10416.0,-5225.0,7093.0,-2.0,7.0,-15.0,-8.0,0.0,1.0,7568.0,-13393.0,-3127.0,4692.0,11.0,-4.0,-1.0,1.0
2022-05-08 16:17:18.261644-07:00,657.9,831.1,827.7,923.7,375.5,286.7,868.8,689.7,3467.4,3464.9,1048.7,717.5,531.4,3480.7,1078.2,788.6,3449.1,3458.9,354.5,310.5,324.4,319.7,279.0,263.0,3462.5,3461.3,524.2,379.4,416.1,819.4,594.7,410.6,3.0,-4.0,0.0,9074.0,-10416.0,-5225.0,7093.0,-2.0,7.0,-15.0,-8.0,0.0,1.0,7568.0,-13393.0,-3127.0,4692.0,11.0,-4.0,-1.0,1.0
2022-05-08 16:17:18.381833-07:00,659.5,824.4,831.9,927.9,372.4,291.3,872.1,700.3,3467.4,3478.3,1042.6,711.8,541.8,3475.9,1079.9,791.9,3445.5,3458.9,356.1,315.1,319.7,314.4,269.9,260.7,3457.6,3473.4,519.5,373.2,415.3,824.4,599.6,403.5,4.0,6.0,0.0,9076.0,-10415.0,-5224.0,7093.0,13.0,-3.0,-5.0,-5.0,0.0,4.0,7574.0,-13389.0,-3126.0,4694.0,16.0,-4.0,-1.0,1.0
2022-05-08 16:17:18.442363-07:00,657.9,824.4,831.9,927.9,380.2,293.6,864.6,700.3,3472.2,3478.3,1042.6,711.8,545.0,3472.2,1078.2,791.9,3445.5,3447.9,358.4,313.6,319.7,314.4,269.9,255.3,3457.6,3461.3,524.2,391.8,415.3,824.4,599.6,407.5,3.0,-7.0,3.0,9081.0,-10411.0,-5226.0,7090.0,13.0,-7.0,-11.0,-6.0,6.0,2.0,7576.0,-13387.0,-3125.0,4696.0,-4.0,-4.0,-2.0,1.0
2022-05-08 16:17:18.501901-07:00,657.9,826.9,826.0,926.2,380.2,293.6,864.6,702.8,3472.2,3473.4,1048.7,717.5,545.0,3472.2,1078.2,788.6,3443.1,3447.9,358.4,313.6,327.5,313.6,274.4,255.3,3466.1,3461.3,524.2,391.8,421.5,818.5,602.0,407.5,4.0,6.0,0.0,9080.0,-10411.0,-5225.0,7091.0,2.0,-1.0,11.0,-7.0,-1.0,5.0,7577.0,-13387.0,-3125.0,4696.0,20.0,-8.0,7.0,1.0
2022-05-08 16:17:18.532027-07:00,657.9,826.9,826.0,926.2,391.1,292.8,861.2,702.8,3473.4,3473.4,1048.7,717.5,533.0,3474.6,1087.7,788.6,3443.1,3444.3,356.1,313.6,327.5,313.6,274.4,254.6,3466.1,3468.6,524.2,380.9,421.5,818.5,602.0,404.3,2.0,-1.0,0.0,9082.0,-10409.0,-5227.0,7092.0,-3.0,-6.0,-19.0,-9.0,4.0,6.0,7579.0,-13386.0,-3125.0,4697.0,0.0,-5.0,-6.0,1.0
2022-05-08 16:17:18.533535-07:00,657.9,827.7,828.5,931.3,391.1,292.8,864.6,697.9,3473.4,3467.4,1047.0,714.2,533.0,3474.6,1080.8,788.6,3441.9,3454.0,356.1,313.6,330.5,317.4,278.3,254.6,3461.3,3463.7,524.2,380.9,419.2,825.2,600.4,404.3,2.0,-2.0,0.0,9085.0,-10404.0,-5229.0,7093.0,22.0,-5.0,4.0,-6.0,0.0,0.0,7584.0,-13382.0,-3124.0,4701.0,19.0,-10.0,7.0,1.0
2022-05-08 16:17:18.561625-07:00,653.0,832.7,828.5,931.3,374.7,296.7,864.6,697.9,3478.3,3469.8,1047.0,714.2,533.0,3472.2,1080.8,788.6,3441.9,3454.0,356.8,313.6,330.5,317.4,274.4,259.2,3461.3,3463.7,526.6,380.2,419.2,825.2,602.8,405.9,3.0,5.0,3.0,9087.0,-10400.0,-5228.0,7098.0,14.0,-23.0,7.0,-5.0,2.0,5.0,7588.0,-13379.0,-3123.0,4702.0,8.0,-5.0,1.0,1.0
2022-05-08 16:17:18.621294-07:00,653.0,832.7,825.2,924.5,374.7,296.7,862.9,704.4,3478.3,3469.8,1048.7,714.2,533.0,3472.2,1080.8,784.4,3445.5,3450.4,356.8,313.6,323.6,315.1,274.4,259.2,3457.6,3467.4,526.6,380.2,416.8,811.0,602.8,405.9,0.0,-1.0,2.0,9084.0,-10396.0,-5233.0,7103.0,8.0,-6.0,-2.0,-8.0,-2.0,5.0,7590.0,-13378.0,-3122.0,4703.0,12.0,-6.0,0.0,1.0
2022-05-08 16:17:18.651878-07:00,660.3,825.2,825.2,924.5,377.8,294.4,862.9,704.4,3473.4,3464.9,1048.7,714.2,536.2,3466.1,1080.8,784.4,3445.5,3450.4,357.6,315.1,323.6,315.1,274.4,259.2,3457.6,3467.4,523.4,377.8,416.8,811.0,598.7,412.9,3.0,-2.0,5.0,9085.0,-10396.0,-5232.0,7103.0,-9.0,5.0,1.0,-8.0,-1.0,2.0,7590.0,-13378.0,-3122.0,4703.0,-3.0,0.0,4.0,1.0
2022-05-08 16:17:18.711446-07:00,660.3,825.2,821.9,925.4,377.8,294.4,861.2,699.5,3473.4,3464.9,1045.2,711.8,536.2,3466.1,1082.5,787.7,3446.7,3446.7,357.6,315.1,325.9,321.3,274.4,259.2,3455.2,3473.4,523.4,377.8,415.3,816.9,598.7,412.9,2.0,1.0,0.0,9087.0,-10395.0,-5231.0,7103.0,0.0,-10.0,-7.0,-11.0,4.0,7.0,7592.0,-13377.0,-3122.0,4703.0,5.0,-2.0,-1.0,1.0
2022-05-08 16:17:18.771391-07:00,656.2,824.4,821.9,925.4,373.9,295.1,861.2,699.5,3464.9,3478.3,1045.2,711.8,539.4,3479.5,1082.5,787.7,3446.7,3446.7,361.5,312.0,325.9,321.3,276.0,255.3,3455.2,3473.4,525.0,379.4,415.3,816.9,598.7,405.1,8.0,-2.0,2.0,9087.0,-10393.0,-5232.0,7105.0,16.0,5.0,-2.0,-9.0,-3.0,0.0,7595.0,-13375.0,-3121.0,4704.0,23.0,-6.0,2.0,1.0
2022-05-08 16:17:18.801740-07:00,656.2,824.4,825.2,933.0,373.9,292.1,872.1,696.2,3464.9,3478.3,1052.2,711.8,539.4,3477.1,1084.2,791.9,3468.6,3438.2,356.8,312.0,323.6,318.2,276.0,255.3,3462.5,3467.4,522.6,379.4,416.8,816.0,598.7,405.1,0.0,-2.0,4.0,9092.0,-10392.0,-5228.0,7102.0,-4.0,9.0,-15.0,-10.0,0.0,10.0,7597.0,-13374.0,-3120.0,4704.0,-1.0,2.0,-3.0,1.0
2022-05-08 16:17:18.861956-07:00,656.2,828.5,826.0,933.0,377.0,292.1,872.1,696.2,3484.4,3467.4,1056.5,711.8,532.2,3477.1,1084.2,791.9,3468.6,3438.2,356.8,315.9,323.6,316.7,275.2,261.4,3462.5,3467.4,522.6,383.3,416.8,823.5,599.6,404.3,8.0,-2.0,4.0,9093.0,-10392.0,-5229.0,7100.0,3.0,3.0,0.0,-4.0,0.0,0.0,7598.0,-13373.0,-3119.0,4705.0,1.0,2.0,0.0,1.0
2022-05-08 16:17:18.921410-07:00,656.2,828.5,826.0,925.4,377.0,295.1,859.5,697.9,3484.4,3467.4,1056.5,711.8,532.2,3472.2,1090.3,788.6,3445.5,3438.2,356.8,315.9,328.2,316.7,275.2,261.4,3463.7,3447.9,521.8,383.3,415.3,823.5,599.6,404.3,1.0,1.0,-5.0,9095.0,-10394.0,-5226.0,7096.0,-2.0,11.0,4.0,-6.0,-1.0,3.0,7599.0,-13373.0,-3119.0,4705.0,9.0,-5.0,3.0,1.0
2022-05-08 16:17:18.951436-07:00,656.2,824.4,822.7,925.4,372.4,295.1,859.5,697.9,3473.4,3469.8,1049.6,711.8,530.6,3472.2,1090.3,788.6,3445.5,3438.2,356.8,311.3,328.2,317.4,271.4,264.5,3463.7,3447.9,521.8,377.0,415.3,813.5,611.7,402.8,3.0,0.0,3.0,9095.0,-10394.0,-5228.0,7095.0,-8.0,-2.0,-14.0,-7.0,0.0,4.0,7599.0,-13373.0,-3119.0,4705.0,1.0,-4.0,-2.0,1.0
2022-05-08 16:17:19.131283-07:00,656.2,824.4,822.7,919.4,372.4,291.3,865.4,697.0,3473.4,3469.8,1049.6,712.6,530.6,3473.4,1080.8,791.9,3450.4,3450.4,353.7,311.3,324.4,317.4,271.4,264.5,3473.4,3474.6,525.0,377.0,418.4,813.5,611.7,402.8,0.0,0.0,2.0,9098.0,-10397.0,-5225.0,7091.0,-4.0,32.0,2.0,-9.0,-5.0,8.0,7599.0,-13372.0,-3119.0,4705.0,-8.0,1.0,3.0,1.0
2022-05-08 16:17:19.162230-07:00,655.4,826.9,821.0,919.4,375.5,291.3,865.4,697.0,3469.8,3469.8,1049.6,712.6,537.8,3473.4,1080.8,791.9,3450.4,3450.4,353.7,316.7,324.4,316.7,273.7,262.2,3473.4,3474.6,525.0,373.2,418.4,811.0,602.8,405.9,8.0,5.0,0.0,9096.0,-10400.0,-5225.0,7087.0,1.0,-8.0,-1.0,-6.0,-1.0,6.0,7599.0,-13373.0,-3119.0,4705.0,16.0,-9.0,0.0,1.0
2022-05-08 16:17:19.281995-07:00,655.4,826.9,821.0,920.3,375.5,291.3,855.3,697.0,3469.8,3469.8,1049.6,715.1,537.8,3475.9,1081.6,786.1,3450.4,3441.9,360.7,316.7,326.7,316.7,273.7,262.2,3468.6,3457.6,521.0,373.2,416.1,811.0,602.8,405.9,4.0,-7.0,-2.0,9100.0,-10397.0,-5228.0,7086.0,-7.0,3.0,-14.0,-15.0,-2.0,0.0,7602.0,-13371.0,-3118.0,4706.0,2.0,-6.0,-2.0,1.0
2022-05-08 16:17:19.283494-07:00,653.0,819.4,818.5,922.0,371.6,291.3,855.3,697.0,3472.2,3474.6,1047.8,710.1,534.6,3475.9,1081.6,786.1,3450.4,3441.9,360.7,315.9,323.6,315.1,276.0,259.9,3468.6,3457.6,521.0,377.0,415.3,821.0,598.7,401.2,6.0,5.0,0.0,9100.0,-10394.0,-5229.0,7088.0,-5.0,-18.0,7.0,-6.0,0.0,0.0,7604.0,-13370.0,-3117.0,4706.0,-2.0,-1.0,0.0,1.0
2022-05-08 16:17:19.312188-07:00,653.0,819.4,818.5,922.0,380.2,290.5,857.0,688.9,3472.2,3474.6,1047.8,710.1,534.6,3473.4,1082.5,789.4,3454.0,3440.7,356.8,311.3,323.6,315.1,276.0,259.9,3466.1,3473.4,526.6,375.5,415.3,821.0,598.7,401.2,4.0,-3.0,7.0,9098.0,-10395.0,-5231.0,7088.0,4.0,11.0,-5.0,-12.0,-7.0,6.0,7604.0,-13370.0,-3117.0,4706.0,7.0,-3.0,0.0,1.0
2022-05-08 16:17:19.314028-07:00,651.4,825.2,821.9,929.6,380.2,290.5,857.0,688.9,3471.0,3477.1,1042.6,711.0,534.6,3473.4,1082.5,789.4,3454.0,3440.7,356.8,311.3,324.4,318.2,271.4,260.7,3466.1,3473.4,526.6,375.5,413.7,805.2,600.4,408.2,1.0,4.0,4.0,9099.0,-10396.0,-5230.0,7087.0,3.0,7.0,-3.0,-9.0,0.0,9.0,7604.0,-13370.0,-3117.0,4706.0,6.0,-2.0,4.0,1.0
2022-05-08 16:17:19.315320-07:00,651.4,825.2,821.9,929.6,376.3,295.1,866.3,700.3,3471.0,3477.1,1042.6,711.0,536.2,3469.8,1079.9,784.4,3451.6,3451.6,353.7,317.4,324.4,318.2,271.4,260.7,3466.1,3457.6,518.7,375.5,413.7,805.2,600.4,408.2,7.0,-3.0,3.0,9096.0,-10398.0,-5232.0,7085.0,-13.0,-2.0,-4.0,-7.0,-1.0,1.0,7602.0,-13371.0,-3118.0,4706.0,-3.0,4.0,-1.0,1.0
2022-05-08 16:17:19.371500-07:00,657.0,821.0,824.4,923.7,376.3,295.1,866.3,700.3,3473.4,3472.2,1050.4,710.1,536.2,3469.8,1079.9,784.4,3451.6,3451.6,353.7,317.4,325.1,319.0,273.7,257.6,3466.1,3457.6,518.7,375.5,413.7,810.2,601.2,404.3,5.0,4.0,-1.0,9100.0,-10399.0,-5229.0,7082.0,5.0,15.0,-10.0,-7.0,-1.0,10.0,7604.0,-13370.0,-3118.0,4707.0,8.0,-6.0,3.0,1.0
2022-05-08 16:17:19.401412-07:00,657.0,821.0,824.4,923.7,366.9,293.6,862.1,692.9,3473.4,3472.2,1050.4,710.1,536.2,3451.6,1082.5,784.4,3446.7,3449.1,358.4,315.1,325.1,319.0,273.7,257.6,3463.7,3467.4,518.7,377.0,413.7,810.2,601.2,404.3,12.0,-3.0,2.0,9105.0,-10395.0,-5231.0,7078.0,29.0,5.0,-15.0,-9.0,8.0,1.0,7608.0,-13365.0,-3118.0,4711.0,29.0,-14.0,-2.0,1.0
2022-05-08 16:17:19.461658-07:00,660.3,818.5,828.5,922.0,366.9,293.6,862.1,697.9,3467.4,3473.4,1046.1,711.0,536.2,3451.6,1082.5,789.4,3450.4,3449.1,358.4,315.1,325.1,313.6,276.0,263.0,3473.4,3467.4,518.7,377.0,413.7,830.2,597.1,404.3,3.0,-3.0,8.0,9111.0,-10397.0,-5225.0,7073.0,-16.0,31.0,-1.0,-11.0,-7.0,8.0,7611.0,-13362.0,-3116.0,4716.0,12.0,-11.0,16.0,1.0
2022-05-08 16:17:19.521394-07:00,657.9,818.5,828.5,922.0,373.2,294.4,875.5,697.9,3469.8,3473.4,1046.1,711.0,530.6,3471.0,1076.4,789.4,3450.4,3447.9,358.4,315.1,325.1,313.6,276.0,259.9,3473.4,3463.7,526.6,377.8,413.7,830.2,597.1,405.1,-8.0,-27.0,13.0,9126.0,-10401.0,-5214.0,7056.0,52.0,70.0,-32.0,-18.0,0.0,12.0,7631.0,-13346.0,-3101.0,4741.0,144.0,-49.0,50.0,1.0
2022-05-08 16:17:19.551547-07:00,657.9,825.2,916.0,928.8,373.2,294.4,875.5,701.9,3469.8,3475.9,1051.3,710.1,530.6,3471.0,1076.4,787.7,3438.2,3447.9,358.4,315.1,321.3,319.0,276.0,259.9,3468.6,3463.7,526.6,377.8,417.6,814.4,601.2,405.1,-4.0,-27.0,-2.0,9161.0,-10417.0,-5162.0,7025.0,-38.0,251.0,32.0,-23.0,-3.0,-16.0,7686.0,-13301.0,-3063.0,4803.0,181.0,-90.0,95.0,1.0
2022-05-08 16:17:19.612737-07:00,653.8,825.2,916.0,928.8,370.0,293.6,861.2,701.9,3467.4,3475.9,1051.3,710.1,532.2,3471.0,1079.0,787.7,3438.2,3450.4,354.5,312.0,321.3,319.0,276.0,260.7,3468.6,3466.1,530.6,371.6,417.6,814.4,601.2,405.1,-20.0,-60.0,41.0,9191.0,-10502.0,-5062.0,6932.0,33.0,420.0,91.0,-20.0,-47.0,38.0,7759.0,-13234.0,-3001.0,4906.0,463.0,-192.0,193.0,1.0
2022-05-08 16:17:19.671458-07:00,653.8,817.7,1172.6,939.0,370.0,293.6,861.2,715.1,3467.4,3467.4,1086.8,711.8,532.2,3471.0,1079.0,788.6,3446.7,3450.4,354.5,312.0,319.0,315.1,273.7,260.7,3464.9,3466.1,530.6,371.6,439.6,816.0,624.6,405.1,45.0,-6.0,-50.0,9321.0,-10459.0,-4842.0,6979.0,723.0,193.0,340.0,-2.0,33.0,-46.0,8035.0,-13003.0,-2869.0,5153.0,1129.0,-427.0,222.0,1.0
2022-05-08 16:17:19.701447-07:00,653.8,817.7,1172.6,939.0,380.2,294.4,895.7,715.1,3474.6,3467.4,1086.8,711.8,527.4,3468.6,1086.0,788.6,3446.7,3451.6,353.7,315.9,319.0,315.1,273.7,260.7,3464.9,3467.4,541.0,379.4,439.6,816.0,624.6,405.9,14.0,73.0,-8.0,9383.0,-10495.0,-4637.0,6983.0,19.0,384.0,194.0,5.0,26.0,26.0,8198.0,-12857.0,-2783.0,5310.0,333.0,-124.0,123.0,1.0
2022-05-08 16:17:19.761651-07:00,653.8,807.7,1218.6,960.2,380.2,294.4,917.7,738.9,3474.6,3467.4,1149.8,715.9,527.4,3468.6,1089.5,790.2,3447.9,3443.1,353.7,315.9,322.8,314.4,278.3,260.7,3462.5,3463.7,541.0,379.4,436.4,825.2,644.0,405.9,9.0,3.0,-15.0,9382.0,-10568.0,-4540.0,6937.0,69.0,136.0,133.0,-10.0,-9.0,25.0,8279.0,-12783.0,-2728.0,5389.0,380.0,-134.0,85.0,1.0
2022-05-08 16:17:19.821449-07:00,651.4,797.7,1218.6,960.2,374.7,292.8,917.7,738.9,3461.3,3467.4,1149.8,715.9,532.2,3467.4,1089.5,790.2,3447.9,3443.1,356.1,318.2,322.8,314.4,275.2,258.4,3462.5,3463.7,537.0,374.7,436.4,825.2,662.7,403.5,20.0,11.0,-2.0,9398.0,-10564.0,-4494.0,6951.0,9.0,66.0,13.0,6.0,4.0,-3.0,8354.0,-12714.0,-2693.0,5454.0,150.0,-71.0,35.0,1.0
2022-05-08 16:17:19.851596-07:00,651.4,797.7,1168.2,957.7,374.7,292.8,895.7,720.0,3461.3,3467.4,1162.1,714.2,532.2,3467.4,1088.6,791.9,3444.3,3438.2,356.1,318.2,324.4,318.2,275.2,258.4,3468.6,3460.1,537.0,374.7,420.8,831.1,662.7,403.5,-1.0,6.0,-22.0,9411.0,-10555.0,-4487.0,6952.0,40.0,-73.0,-15.0,-11.0,3.0,9.0,8389.0,-12682.0,-2683.0,5480.0,88.0,-48.0,-4.0,1.0
2022-05-08 16:17:19.911597-07:00,651.4,787.7,1168.2,957.7,380.9,293.6,895.7,720.0,3472.2,3467.4,1162.1,714.2,539.4,3469.8,1088.6,791.9,3444.3,3438.2,357.6,319.7,324.4,318.2,276.7,258.4,3468.6,3460.1,535.4,378.6,420.8,831.1,661.1,414.5,12.0,7.0,4.0,9432.0,-10515.0,-4483.0,6987.0,155.0,-25.0,19.0,-5.0,3.0,5.0,8431.0,-12640.0,-2677.0,5514.0,137.0,-62.0,-1.0,1.0
2022-05-08 16:17:19.971427-07:00,651.4,787.7,1147.1,955.1,380.9,293.6,892.4,716.7,3472.2,3467.4,1163.8,714.2,539.4,3469.8,1088.6,784.4,3449.1,3449.1,357.6,319.7,325.1,318.2,276.7,258.4,3455.2,3467.4,535.4,378.6,418.4,827.7,661.1,414.5,3.0,0.0,7.0,9445.0,-10500.0,-4481.0,6993.0,2.0,-33.0,-16.0,-9.0,0.0,22.0,8438.0,-12632.0,-2677.0,5522.0,-13.0,-4.0,-7.0,1.0
2022-05-08 16:17:20.031371-07:00,652.2,784.4,1147.1,955.1,376.3,292.8,892.4,716.7,3458.9,3457.6,1163.8,714.2,535.4,3474.6,1088.6,784.4,3449.1,3449.1,354.5,316.7,325.1,318.2,274.4,255.3,3455.2,3467.4,530.6,380.2,418.4,827.7,661.9,417.6,1.0,-8.0,14.0,9453.0,-10485.0,-4487.0,7001.0,45.0,-6.0,-9.0,-9.0,-10.0,13.0,8448.0,-12622.0,-2677.0,5531.0,46.0,-15.0,-1.0,1.0
2022-05-08 16:17:20.061557-07:00,652.2,784.4,1141.0,955.1,376.3,292.8,894.1,711.0,3458.9,3457.6,1159.4,715.9,535.4,3474.6,1092.1,791.9,3449.1,3447.9,354.5,316.7,324.4,314.4,274.4,255.3,3461.3,3463.7,530.6,380.2,420.8,838.6,661.9,417.6,6.0,6.0,-9.0,9461.0,-10478.0,-4487.0,7000.0,-22.0,-11.0,-20.0,-10.0,3.0,8.0,8449.0,-12621.0,-2675.0,5532.0,-24.0,12.0,-4.0,1.0
2022-05-08 16:17:20.121310-07:00,655.4,776.1,1128.7,955.1,379.4,293.6,894.1,711.0,3478.3,3469.8,1154.2,715.9,530.6,3472.2,1092.1,791.9,3449.1,3447.9,357.6,313.6,324.4,316.7,272.9,259.2,3461.3,3463.7,524.2,378.6,420.8,827.7,664.4,415.3,13.0,-8.0,0.0,9461.0,-10469.0,-4501.0,7005.0,33.0,-33.0,-13.0,-6.0,-5.0,-3.0,8449.0,-12620.0,-2676.0,5534.0,39.0,-22.0,-7.0,1.0
2022-05-08 16:17:20.151625-07:00,655.4,776.1,1128.7,955.1,379.4,294.4,893.2,706.9,3478.3,3469.8,1154.2,705.2,530.6,3473.4,1086.8,789.4,3458.9,3447.9,353.7,313.6,325.1,316.7,272.9,259.2,3457.6,3468.6,530.6,378.6,418.4,827.7,664.4,415.3,5.0,-1.0,-1.0,9470.0,-10455.0,-4501.0,7013.0,41.0,-29.0,-10.0,-10.0,0.0,11.0,8458.0,-12610.0,-2675.0,5544.0,36.0,-23.0,-7.0,1.0
2022-05-08 16:17:20.241574-07:00,651.4,779.4,1121.7,955.1,376.3,294.4,893.2,706.9,3473.4,3458.9,1155.0,705.2,533.8,3473.4,1086.8,789.4,3458.9,3447.9,353.7,321.3,325.1,316.7,273.7,262.2,3457.6,3468.6,530.6,377.8,418.4,829.4,646.5,414.5,10.0,0.0,10.0,9473.0,-10447.0,-4503.0,7020.0,-23.0,-6.0,-8.0,-4.0,0.0,7.0,8463.0,-12604.0,-2675.0,5550.0,-24.0,6.0,-7.0,1.0
2022-05-08 16:17:20.271420-07:00,651.4,779.4,1121.7,948.3,376.3,292.1,884.8,707.7,3473.4,3458.9,1155.0,715.1,533.8,3475.9,1081.6,789.4,3445.5,3446.7,361.5,321.3,322.1,316.7,273.7,262.2,3468.6,3462.5,528.2,377.8,420.8,829.4,646.5,414.5,5.0,3.0,2.0,9472.0,-10452.0,-4503.0,7015.0,-2.0,16.0,3.0,-7.0,-1.0,4.0,8458.0,-12608.0,-2675.0,5547.0,-6.0,11.0,5.0,1.0
2022-05-08 16:17:20.301548-07:00,648.9,775.3,1117.4,948.3,374.7,292.1,884.8,707.7,3467.4,3469.8,1158.6,715.1,536.2,3475.9,1081.6,789.4,3445.5,3446.7,361.5,319.0,322.1,315.9,271.4,257.6,3468.6,3462.5,528.2,380.2,420.8,834.4,644.9,414.5,4.0,8.0,-5.0,9475.0,-10454.0,-4502.0,7007.0,-10.0,10.0,-15.0,-4.0,10.0,4.0,8459.0,-12608.0,-2674.0,5547.0,-30.0,18.0,-6.0,1.0
2022-05-08 16:17:20.361978-07:00,648.9,775.3,1117.4,954.3,374.7,295.1,900.8,710.1,3467.4,3469.8,1158.6,717.5,536.2,3471.0,1082.5,792.7,3445.5,3451.6,353.7,319.0,319.7,315.9,271.4,257.6,3458.9,3468.6,526.6,380.2,417.6,834.4,644.9,414.5,8.0,-10.0,-4.0,9471.0,-10457.0,-4505.0,7006.0,35.0,4.0,16.0,-4.0,1.0,1.0,8454.0,-12612.0,-2674.0,5544.0,36.0,-11.0,5.0,1.0
2022-05-08 16:17:20.421272-07:00,652.2,776.9,1119.1,954.3,377.0,295.1,900.8,710.1,3477.1,3471.0,1148.0,717.5,532.2,3471.0,1082.5,792.7,3445.5,3451.6,353.7,316.7,319.7,317.4,279.0,261.4,3458.9,3468.6,526.6,379.4,417.6,823.5,654.6,411.4,11.0,0.0,0.0,9472.0,-10455.0,-4507.0,7008.0,9.0,-18.0,-15.0,-2.0,1.0,6.0,8458.0,-12609.0,-2673.0,5547.0,22.0,-11.0,-11.0,1.0
2022-05-08 16:17:20.482016-07:00,652.2,776.9,1119.1,954.3,373.2,296.7,883.9,708.5,3477.1,3471.0,1148.0,711.0,535.4,3480.7,1086.8,784.4,3452.8,3451.6,358.4,318.2,318.2,317.4,279.0,261.4,3455.2,3467.4,527.4,377.8,414.5,823.5,654.6,411.4,4.0,1.0,0.0,9477.0,-10450.0,-4506.0,7010.0,1.0,-4.0,6.0,-4.0,6.0,11.0,8465.0,-12602.0,-2673.0,5550.0,-11.0,4.0,2.0,1.0
2022-05-08 16:17:20.511526-07:00,649.7,769.5,1109.5,952.6,373.2,296.7,883.9,708.5,3477.1,3472.2,1157.7,715.9,535.4,3480.7,1086.8,784.4,3452.8,3451.6,358.4,318.2,322.8,317.4,272.9,260.7,3455.2,3467.4,527.4,377.8,417.6,827.7,652.2,410.6,7.0,8.0,2.0,9473.0,-10453.0,-4506.0,7009.0,-4.0,11.0,-4.0,-6.0,-2.0,13.0,8462.0,-12605.0,-2674.0,5551.0,-8.0,7.0,2.0,1.0
2022-05-08 16:17:20.571532-07:00,649.7,769.5,1109.5,952.6,375.5,285.9,887.3,707.7,3477.1,3472.2,1157.7,715.9,537.8,3469.8,1087.7,789.4,3441.9,3450.4,356.1,315.9,322.8,317.4,272.9,260.7,3462.5,3467.4,522.6,377.8,417.6,827.7,652.2,410.6,10.0,-11.0,1.0,9473.0,-10454.0,-4510.0,7006.0,24.0,22.0,-6.0,-7.0,-4.0,-3.0,8460.0,-12605.0,-2674.0,5552.0,17.0,-5.0,-4.0,1.0
2022-05-08 16:17:20.601515-07:00,648.9,772.8,1100.8,950.0,375.5,285.9,887.3,707.7,3478.3,3475.9,1151.5,715.9,537.8,3469.8,1087.7,789.4,3441.9,3450.4,356.1,315.9,324.4,324.4,273.7,260.7,3462.5,3467.4,522.6,377.8,416.8,820.2,660.3,414.5,7.0,-4.0,-1.0,9477.0,-10456.0,-4503.0,7000.0,-6.0,-1.0,4.0,-4.0,2.0,10.0,8462.0,-12604.0,-2673.0,5553.0,-9.0,1.0,8.0,1.0
2022-05-08 16:17:20.662088-07:00,648.9,772.8,1100.8,950.0,373.2,292.8,892.4,712.6,3478.3,3475.9,1151.5,715.9,532.2,3468.6,1083.4,790.2,3447.9,3455.2,356.1,319.0,324.4,324.4,273.7,260.7,3461.3,3457.6,515.5,380.2,416.8,820.2,660.3,414.5,6.0,-1.0,5.0,9479.0,-10454.0,-4502.0,7001.0,-14.0,3.0,-11.0,-5.0,-3.0,5.0,8465.0,-12601.0,-2671.0,5554.0,-17.0,4.0,-5.0,1.0
2022-05-08 16:17:20.692153-07:00,648.1,769.5,1106.0,950.0,373.2,292.8,892.4,712.6,3473.4,3467.4,1150.6,717.5,532.2,3468.6,1083.4,790.2,3447.9,3455.2,356.1,319.0,322.8,312.8,275.2,259.2,3461.3,3457.6,515.5,380.2,416.8,831.1,652.2,409.8,2.0,1.0,-7.0,9481.0,-10455.0,-4502.0,6998.0,6.0,-2.0,-3.0,-7.0,-5.0,8.0,8466.0,-12601.0,-2670.0,5555.0,14.0,1.0,0.0,1.0
2022-05-08 16:17:20.751587-07:00,646.5,769.5,1106.0,950.0,377.8,288.2,883.1,705.2,3478.3,3467.4,1150.6,717.5,533.0,3464.9,1087.7,791.0,3447.9,3449.1,360.0,311.3,322.8,312.8,275.2,261.4,3464.9,3457.6,521.0,380.2,416.8,831.1,652.2,409.8,2.0,-3.0,0.0,9481.0,-10455.0,-4502.0,6998.0,12.0,8.0,8.0,-6.0,-3.0,7.0,8468.0,-12599.0,-2669.0,5556.0,19.0,-8.0,2.0,1.0
2022-05-08 16:17:20.811656-07:00,646.5,762.9,1113.9,952.6,377.8,288.2,883.1,706.0,3478.3,3467.4,1153.3,710.1,533.0,3464.9,1087.7,784.4,3443.1,3449.1,360.0,311.3,322.1,316.7,271.4,261.4,3468.6,3457.6,521.0,380.2,418.4,831.1,653.0,409.8,9.0,1.0,0.0,9484.0,-10455.0,-4500.0,6996.0,1.0,4.0,-8.0,-4.0,-6.0,5.0,8469.0,-12598.0,-2668.0,5557.0,-7.0,4.0,-3.0,1.0
2022-05-08 16:17:20.841518-07:00,648.1,762.9,1113.9,952.6,371.6,291.3,878.9,706.0,3475.9,3467.4,1153.3,710.1,531.4,3475.9,1087.7,784.4,3443.1,3444.3,356.8,315.9,322.1,316.7,271.4,263.0,3468.6,3478.3,524.2,376.3,418.4,831.1,653.0,409.8,4.0,0.0,-3.0,9486.0,-10453.0,-4498.0,6996.0,12.0,0.0,-6.0,-4.0,6.0,2.0,8473.0,-12595.0,-2666.0,5558.0,12.0,0.0,-1.0,1.0
2022-05-08 16:17:20.901415-07:00,648.1,763.7,1096.4,950.9,371.6,291.3,878.9,709.3,3475.9,3467.4,1148.0,710.1,531.4,3475.9,1087.7,789.4,3451.6,3444.3,356.8,315.9,322.1,318.2,274.4,263.0,3471.0,3478.3,524.2,376.3,418.4,827.7,648.9,409.8,5.0,-3.0,-1.0,9488.0,-10452.0,-4498.0,6996.0,-3.0,7.0,-12.0,-4.0,-8.0,7.0,8472.0,-12596.0,-2667.0,5558.0,2.0,-2.0,-4.0,1.0
2022-05-08 16:17:20.961529-07:00,645.7,763.7,1096.4,950.9,384.0,289.8,886.5,709.3,3464.9,3467.4,1148.0,710.1,530.6,3480.7,1086.0,789.4,3451.6,3445.5,359.2,309.7,322.1,318.2,274.4,259.2,3471.0,3474.6,523.4,378.6,418.4,827.7,648.9,409.0,4.0,2.0,1.0,9491.0,-10449.0,-4497.0,6996.0,16.0,-4.0,-7.0,-7.0,1.0,6.0,8478.0,-12591.0,-2665.0,5560.0,11.0,-3.0,-4.0,1.0
2022-05-08 16:17:20.991670-07:00,645.7,763.7,1093.8,945.8,384.0,289.8,886.5,710.1,3464.9,3474.6,1148.0,714.2,530.6,3480.7,1086.0,793.5,3454.0,3445.5,359.2,309.7,321.3,319.0,271.4,259.2,3460.1,3474.6,523.4,378.6,415.3,827.7,649.7,409.0,7.0,1.0,5.0,9494.0,-10447.0,-4496.0,6997.0,1.0,11.0,-1.0,-4.0,2.0,11.0,8478.0,-12591.0,-2665.0,5560.0,-11.0,5.0,0.0,1.0
2022-05-08 16:17:21.051630-07:00,647.3,763.7,1093.8,945.8,373.2,291.3,882.3,710.1,3483.2,3474.6,1148.0,714.2,536.2,3483.2,1086.8,793.5,3454.0,3450.4,357.6,316.7,321.3,319.0,271.4,263.0,3460.1,3462.5,521.0,380.2,415.3,827.7,649.7,407.5,5.0,0.0,-3.0,9492.0,-10449.0,-4496.0,6996.0,-4.0,-22.0,-6.0,-4.0,2.0,6.0,8474.0,-12594.0,-2667.0,5560.0,2.0,-5.0,-2.0,1.0
2022-05-08 16:17:21.111428-07:00,647.3,760.4,1098.2,946.6,373.2,291.3,882.3,705.2,3483.2,3468.6,1144.5,715.9,536.2,3483.2,1079.9,792.7,3449.1,3452.8,357.6,316.7,325.9,321.3,276.0,263.0,3468.6,3463.7,521.0,380.2,417.6,830.2,651.4,407.5,10.0,-8.0,1.0,9493.0,-10446.0,-4498.0,6999.0,7.0,5.0,3.0,-7.0,-2.0,0.0,8475.0,-12593.0,-2666.0,5560.0,7.0,-4.0,1.0,1.0
2022-05-08 16:17:21.141844-07:00,646.5,762.9,1098.2,946.6,375.5,299.7,882.3,705.2,3474.6,3480.7,1144.5,715.9,535.4,3468.6,1079.9,792.7,3449.1,3452.8,358.4,316.7,325.9,321.3,272.9,258.4,3468.6,3463.7,525.0,375.5,417.6,830.2,649.7,406.7,2.0,0.0,2.0,9493.0,-10449.0,-4494.0,6995.0,-1.0,18.0,9.0,-7.0,-4.0,9.0,8475.0,-12593.0,-2666.0,5560.0,7.0,-4.0,3.0,1.0
2022-05-08 16:17:21.201551-07:00,646.5,762.9,1098.2,948.3,375.5,299.7,885.6,712.6,3474.6,3480.7,1147.1,711.8,535.4,3468.6,1086.8,791.9,3437.0,3447.9,358.4,316.7,319.7,319.7,272.9,258.4,3468.6,3464.9,525.0,375.5,419.2,827.7,649.7,406.7,7.0,0.0,0.0,9495.0,-10448.0,-4492.0,6995.0,1.0,-13.0,-4.0,-5.0,-1.0,4.0,8476.0,-12593.0,-2666.0,5560.0,5.0,-2.0,-1.0,1.0
2022-05-08 16:17:21.261487-07:00,646.5,761.2,1098.2,948.3,374.7,292.1,885.6,712.6,3468.6,3466.1,1147.1,711.8,537.8,3471.0,1086.8,791.9,3437.0,3447.9,359.2,316.7,319.7,319.7,273.7,256.1,3468.6,3464.9,526.6,378.6,419.2,827.7,654.6,405.9,4.0,-4.0,-3.0,9494.0,-10448.0,-4493.0,6997.0,-13.0,6.0,15.0,-4.0,-1.0,4.0,8474.0,-12594.0,-2667.0,5560.0,-8.0,2.0,5.0,1.0
2022-05-08 16:17:21.321382-07:00,646.5,761.2,1091.2,950.9,374.7,292.1,879.7,711.0,3468.6,3466.1,1146.3,712.6,537.8,3471.0,1089.5,788.6,3455.2,3454.0,359.2,316.7,324.4,315.9,273.7,256.1,3467.4,3452.8,526.6,378.6,419.2,829.4,654.6,405.9,10.0,7.0,0.0,9491.0,-10450.0,-4493.0,6999.0,4.0,-14.0,-9.0,-5.0,0.0,4.0,8476.0,-12592.0,-2666.0,5561.0,8.0,-10.0,-9.0,1.0
2022-05-08 16:17:21.381373-07:00,644.0,761.2,1091.2,950.9,374.7,293.6,879.7,711.0,3471.0,3467.4,1146.3,712.6,539.4,3467.4,1089.5,788.6,3455.2,3454.0,358.4,315.9,324.4,315.9,272.9,263.0,3467.4,3452.8,522.6,378.6,419.2,829.4,648.1,412.1,7.0,-6.0,0.0,9494.0,-10447.0,-4493.0,6999.0,-1.0,-4.0,5.0,-6.0,-8.0,4.0,8479.0,-12590.0,-2665.0,5561.0,-13.0,5.0,3.0,1.0
2022-05-08 16:17:21.411521-07:00,644.0,761.2,1086.8,953.4,374.7,289.8,881.4,706.9,3471.0,3467.4,1141.9,712.6,539.4,3475.9,1083.4,791.9,3441.9,3447.9,354.5,315.9,321.3,314.4,272.9,263.0,3468.6,3471.0,522.6,378.6,417.6,822.7,648.1,412.1,5.0,1.0,2.0,9492.0,-10448.0,-4491.0,7001.0,-1.0,4.0,7.0,-7.0,-3.0,8.0,8478.0,-12591.0,-2666.0,5561.0,14.0,-7.0,0.0,1.0
2022-05-08 16:17:21.441576-07:00,648.1,762.0,1089.5,953.4,375.5,289.8,881.4,706.9,3473.4,3469.8,1150.6,712.6,533.0,3475.9,1083.4,791.9,3441.9,3447.9,354.5,315.9,321.3,316.7,274.4,261.4,3468.6,3471.0,522.6,377.8,417.6,831.9,650.5,410.6,5.0,-5.0,0.0,9493.0,-10447.0,-4491.0,7001.0,-6.0,-1.0,-8.0,-7.0,-3.0,4.0,8478.0,-12591.0,-2665.0,5561.0,-10.0,0.0,-3.0,1.0
2022-05-08 16:17:21.501587-07:00,648.1,762.0,1089.5,953.4,375.5,289.0,881.4,706.9,3473.4,3469.8,1150.6,715.9,533.0,3466.1,1085.1,791.9,3450.4,3446.7,360.7,315.9,320.5,316.7,274.4,261.4,3460.1,3467.4,517.9,377.8,414.5,831.9,650.5,410.6,9.0,2.0,0.0,9492.0,-10447.0,-4492.0,7000.0,9.0,-8.0,9.0,-4.0,-2.0,1.0,8480.0,-12589.0,-2665.0,5562.0,10.0,-1.0,1.0,1.0
2022-05-08 16:17:21.561524-07:00,647.3,755.4,1085.1,953.4,373.9,289.0,881.4,706.9,3462.5,3466.1,1141.0,715.9,531.4,3466.1,1085.1,791.9,3450.4,3446.7,360.7,319.0,320.5,313.6,272.1,263.0,3460.1,3467.4,517.9,375.5,414.5,830.2,646.5,412.1,8.0,2.0,0.0,9492.0,-10446.0,-4494.0,7003.0,14.0,-10.0,2.0,-5.0,-1.0,4.0,8481.0,-12589.0,-2665.0,5562.0,19.0,-9.0,-4.0,1.0
2022-05-08 16:17:21.591663-07:00,647.3,755.4,1085.1,955.1,373.9,298.2,880.6,703.6,3462.5,3466.1,1141.0,716.7,531.4,3474.6,1084.2,794.4,3455.2,3450.4,363.1,319.0,322.1,313.6,272.1,263.0,3467.4,3461.3,525.0,375.5,419.2,830.2,646.5,412.1,6.0,-6.0,2.0,9493.0,-10444.0,-4494.0,7003.0,-4.0,-9.0,-6.0,-3.0,-3.0,5.0,8483.0,-12587.0,-2664.0,5564.0,1.0,-3.0,-1.0,1.0
2022-05-08 16:17:21.711613-07:00,647.3,767.8,1089.5,955.1,370.0,298.2,880.6,703.6,3468.6,3478.3,1147.1,716.7,533.0,3474.6,1084.2,794.4,3455.2,3450.4,363.1,311.3,322.1,316.7,276.0,256.1,3467.4,3461.3,525.0,376.3,419.2,830.2,642.4,411.4,1.0,3.0,-3.0,9493.0,-10446.0,-4490.0,7003.0,-14.0,9.0,11.0,-7.0,-3.0,8.0,8482.0,-12587.0,-2664.0,5564.0,-17.0,8.0,7.0,1.0
2022-05-08 16:17:21.713639-07:00,647.3,767.8,1089.5,954.3,370.0,295.1,877.2,709.3,3468.6,3478.3,1147.1,710.1,533.0,3471.0,1091.2,791.9,3447.9,3446.7,356.8,311.3,324.4,316.7,276.0,256.1,3469.8,3461.3,524.2,376.3,418.4,830.2,642.4,411.4,6.0,-3.0,0.0,9490.0,-10449.0,-4491.0,7003.0,12.0,-2.0,-12.0,-5.0,-2.0,6.0,8481.0,-12588.0,-2665.0,5563.0,16.0,-6.0,-9.0,1.0
2022-05-08 16:17:21.741649-07:00,642.4,751.3,1079.9,946.6,373.9,295.1,877.2,709.3,3464.9,3469.8,1144.5,711.8,529.8,3471.0,1091.2,791.9,3447.9,3446.7,356.8,312.8,321.3,317.4,276.7,257.6,3469.8,3461.3,524.2,373.2,417.6,831.9,650.5,415.3,9.0,-7.0,0.0,9493.0,-10446.0,-4491.0,7002.0,-6.0,3.0,13.0,-5.0,-4.0,0.0,8483.0,-12587.0,-2664.0,5564.0,-11.0,1.0,4.0,1.0
2022-05-08 16:17:21.802111-07:00,642.4,751.3,1079.9,946.6,373.9,295.1,883.1,709.3,3464.9,3469.8,1144.5,711.8,534.6,3478.3,1083.4,784.4,3449.1,3449.1,358.4,320.5,321.3,317.4,276.7,257.6,3463.7,3468.6,521.8,379.4,417.6,831.9,650.5,415.3,5.0,5.0,0.0,9489.0,-10451.0,-4487.0,7004.0,-10.0,-13.0,7.0,-8.0,2.0,8.0,8478.0,-12590.0,-2666.0,5563.0,-9.0,-1.0,2.0,1.0
2022-05-08 16:17:21.861858-07:00,640.0,751.3,1079.9,945.8,373.9,295.1,883.1,709.3,3478.3,3473.4,1143.6,712.6,534.6,3478.3,1083.4,784.4,3449.1,3449.1,358.4,320.5,317.4,315.9,273.7,261.4,3463.7,3468.6,521.8,379.4,417.6,832.7,644.0,410.6,9.0,0.0,1.0,9489.0,-10449.0,-4487.0,7005.0,4.0,4.0,-6.0,-5.0,-1.0,3.0,8479.0,-12589.0,-2665.0,5563.0,5.0,1.0,-7.0,1.0
2022-05-08 16:17:21.891787-07:00,640.0,751.3,1079.9,945.8,370.0,292.1,880.6,705.2,3478.3,3473.4,1143.6,712.6,533.0,3473.4,1084.2,789.4,3449.1,3449.1,354.5,315.9,317.4,315.9,273.7,261.4,3456.4,3462.5,520.3,377.0,417.6,832.7,644.0,410.6,6.0,3.0,-2.0,9490.0,-10450.0,-4486.0,7004.0,-1.0,-4.0,3.0,-5.0,1.0,7.0,8479.0,-12589.0,-2665.0,5563.0,-5.0,0.0,-1.0,1.0
2022-05-08 16:17:21.952214-07:00,647.3,760.4,1085.1,953.4,370.0,292.1,880.6,705.2,3478.3,3474.6,1147.1,712.6,533.0,3473.4,1084.2,789.4,3449.1,3449.1,354.5,315.9,323.6,315.1,276.7,260.7,3456.4,3462.5,520.3,377.0,418.4,821.9,648.9,420.0,11.0,-6.0,1.0,9490.0,-10449.0,-4487.0,7005.0,-11.0,-2.0,3.0,-5.0,-7.0,2.0,8477.0,-12590.0,-2666.0,5563.0,-9.0,1.0,1.0,1.0
2022-05-08 16:17:22.011643-07:00,647.3,760.4,1085.1,953.4,370.0,293.6,877.2,706.0,3478.3,3474.6,1147.1,712.6,532.2,3457.6,1087.7,789.4,3437.0,3447.9,362.3,321.3,323.6,315.1,276.7,260.7,3467.4,3467.4,525.0,373.2,418.4,821.9,648.9,420.0,5.0,5.0,0.0,9491.0,-10450.0,-4485.0,7003.0,3.0,2.0,-8.0,-5.0,0.0,8.0,8477.0,-12590.0,-2666.0,5563.0,8.0,-6.0,0.0,1.0
2022-05-08 16:17:22.041610-07:00,644.9,753.8,1075.6,950.9,370.0,293.6,877.2,703.6,3467.4,3480.7,1141.0,711.8,532.2,3457.6,1087.7,789.4,3451.6,3447.9,362.3,321.3,324.4,311.3,274.4,258.4,3466.1,3467.4,525.0,373.2,417.6,824.4,648.9,409.0,10.0,-5.0,-1.0,9491.0,-10448.0,-4487.0,7005.0,2.0,-10.0,3.0,-6.0,-3.0,0.0,8477.0,-12590.0,-2666.0,5563.0,5.0,-5.0,-2.0,1.0
2022-05-08 16:17:22.101500-07:00,648.1,753.8,1075.6,950.9,370.8,295.1,878.0,703.6,3475.9,3480.7,1141.0,711.8,529.0,3472.2,1088.6,789.4,3451.6,3450.4,359.2,317.4,324.4,311.3,274.4,257.6,3466.1,3468.6,520.3,377.0,417.6,824.4,648.9,407.5,4.0,4.0,0.0,9491.0,-10448.0,-4487.0,7005.0,-5.0,1.0,4.0,-5.0,-4.0,11.0,8476.0,-12591.0,-2667.0,5563.0,-8.0,-5.0,1.0,1.0
2022-05-08 16:17:22.161659-07:00,648.1,754.6,1081.6,950.0,370.8,295.1,878.0,710.1,3475.9,3468.6,1145.4,715.1,529.0,3472.2,1088.6,791.0,3450.4,3450.4,359.2,317.4,323.6,319.0,269.1,257.6,3469.8,3468.6,520.3,377.0,416.8,827.7,651.4,407.5,9.0,-4.0,4.0,9491.0,-10448.0,-4488.0,7004.0,-4.0,-12.0,-14.0,-6.0,-7.0,9.0,8476.0,-12591.0,-2667.0,5563.0,4.0,-5.0,-7.0,1.0
2022-05-08 16:17:22.191663-07:00,647.3,754.6,1081.6,950.0,371.6,294.4,878.9,710.1,3468.6,3468.6,1145.4,715.1,532.2,3472.2,1091.2,791.0,3450.4,3441.9,354.5,319.7,323.6,319.0,269.1,259.9,3469.8,3468.6,519.5,377.8,416.8,827.7,651.4,409.8,6.0,0.0,-4.0,9491.0,-10447.0,-4490.0,7005.0,-4.0,6.0,9.0,-3.0,-2.0,6.0,8476.0,-12591.0,-2667.0,5563.0,-9.0,1.0,3.0,1.0
2022-05-08 16:17:22.251448-07:00,647.3,751.3,1080.8,950.0,371.6,294.4,878.9,707.7,3468.6,3472.2,1142.7,713.4,532.2,3472.2,1091.2,791.0,3443.1,3441.9,354.5,319.7,327.5,311.3,273.7,259.9,3467.4,3468.6,519.5,377.8,419.2,827.7,647.3,409.8,5.0,9.0,-4.0,9492.0,-10446.0,-4487.0,7006.0,0.0,-4.0,-4.0,-6.0,0.0,6.0,8475.0,-12592.0,-2667.0,5562.0,-2.0,-1.0,0.0,1.0
2022-05-08 16:17:22.311545-07:00,644.9,751.3,1080.8,950.0,384.8,293.6,878.9,707.7,3468.6,3472.2,1142.7,713.4,537.8,3483.2,1089.5,791.0,3443.1,3438.2,356.1,318.2,327.5,311.3,273.7,259.9,3467.4,3466.1,520.3,378.6,419.2,827.7,647.3,411.4,12.0,-1.0,3.0,9493.0,-10446.0,-4490.0,7004.0,10.0,-6.0,-6.0,-3.0,-3.0,6.0,8476.0,-12591.0,-2666.0,5563.0,6.0,-7.0,-3.0,1.0
2022-05-08 16:17:22.341618-07:00,644.9,749.6,1076.4,946.6,384.8,293.6,878.9,704.4,3468.6,3467.4,1136.6,719.2,537.8,3483.2,1089.5,792.7,3449.1,3438.2,356.1,318.2,320.5,314.4,269.9,259.9,3468.6,3466.1,520.3,378.6,419.2,828.5,647.3,411.4,7.0,7.0,1.0,9492.0,-10447.0,-4489.0,7004.0,-10.0,7.0,14.0,-7.0,-3.0,9.0,8472.0,-12595.0,-2667.0,5559.0,-20.0,13.0,4.0,1.0
2022-05-08 16:17:22.401487-07:00,644.9,753.8,1076.4,946.6,373.9,293.6,877.2,704.4,3464.9,3475.9,1136.6,719.2,538.6,3478.3,1083.4,792.7,3449.1,3446.7,356.8,314.4,320.5,314.4,275.2,256.1,3468.6,3464.9,521.8,373.2,419.2,828.5,652.2,404.3,13.0,-1.0,0.0,9484.0,-10454.0,-4493.0,7002.0,-52.0,-1.0,6.0,0.0,11.0,1.0,8455.0,-12614.0,-2667.0,5543.0,-108.0,62.0,-3.0,1.0
2022-05-08 16:17:22.461567-07:00,644.9,753.8,1085.1,947.5,373.9,293.6,876.4,705.2,3464.9,3475.9,1141.0,711.8,538.6,3478.3,1100.8,792.7,3449.1,3449.1,356.8,314.4,323.6,315.1,275.2,256.1,3463.7,3457.6,521.8,373.2,416.8,828.5,652.2,404.3,-6.0,11.0,18.0,9470.0,-10483.0,-4488.0,6981.0,-92.0,100.0,15.0,-8.0,-24.0,23.0,8403.0,-12667.0,-2676.0,5496.0,-198.0,107.0,-14.0,1.0
2022-05-08 16:17:22.492223-07:00,640.0,764.5,1085.1,947.5,373.2,286.7,876.4,705.2,3464.9,3472.2,1141.0,711.8,529.0,3472.2,1100.8,792.7,3449.1,3449.1,363.1,311.3,323.6,315.1,274.4,255.3,3463.7,3457.6,520.3,377.8,416.8,828.5,644.0,409.0,5.0,1.0,-12.0,9473.0,-10494.0,-4493.0,6957.0,-3.0,5.0,-70.0,-5.0,0.0,6.0,8380.0,-12694.0,-2686.0,5465.0,-83.0,40.0,-35.0,1.0
2022-05-08 16:17:22.551475-07:00,640.0,764.5,1134.9,948.3,373.2,286.7,871.3,730.7,3464.9,3472.2,1138.4,711.8,529.0,3472.2,1087.7,787.7,3445.5,3443.1,363.1,311.3,320.5,319.0,274.4,255.3,3457.6,3462.5,520.3,377.8,420.8,825.2,644.0,409.0,9.0,-13.0,-13.0,9475.0,-10488.0,-4517.0,6947.0,-42.0,-18.0,-14.0,-11.0,-7.0,-12.0,8351.0,-12721.0,-2700.0,5438.0,-137.0,49.0,-14.0,1.0
2022-05-08 16:17:22.641646-07:00,649.7,758.7,1134.9,948.3,374.7,289.8,871.3,730.7,3468.6,3466.1,1138.4,711.8,538.6,3478.3,1087.7,787.7,3445.5,3443.1,357.6,316.7,320.5,319.0,276.0,261.4,3457.6,3462.5,522.6,374.7,420.8,825.2,642.4,415.3,2.0,0.0,-1.0,9451.0,-10507.0,-4525.0,6946.0,-25.0,-11.0,46.0,-6.0,-11.0,11.0,8326.0,-12742.0,-2705.0,5424.0,21.0,-12.0,-4.0,1.0
2022-05-08 16:17:22.643520-07:00,649.7,758.7,1150.6,951.7,374.7,289.8,876.4,719.2,3468.6,3466.1,1137.5,713.4,538.6,3478.3,1079.0,784.4,3443.1,3451.6,357.6,316.7,323.6,315.9,276.0,261.4,3460.1,3467.4,522.6,374.7,418.4,820.2,642.4,415.3,4.0,2.0,-2.0,9449.0,-10491.0,-4525.0,6972.0,-15.0,-76.0,10.0,-1.0,1.0,9.0,8329.0,-12740.0,-2708.0,5425.0,-80.0,39.0,-24.0,1.0
2022-05-08 16:17:22.701457-07:00,644.0,762.0,1150.6,951.7,370.8,296.7,876.4,719.2,3466.1,3472.2,1137.5,713.4,538.6,3479.5,1079.0,784.4,3443.1,3451.6,358.4,316.7,323.6,315.9,272.1,261.4,3460.1,3467.4,518.7,377.8,418.4,820.2,640.8,404.3,15.0,0.0,6.0,9426.0,-10493.0,-4542.0,6990.0,-37.0,-26.0,48.0,-1.0,0.0,-2.0,8304.0,-12765.0,-2718.0,5399.0,-122.0,49.0,-13.0,1.0
2022-05-08 16:17:22.761485-07:00,644.0,762.0,1123.5,942.4,370.8,289.8,874.7,711.0,3466.1,3472.2,1147.1,711.0,538.6,3466.1,1086.0,791.9,3454.0,3447.9,357.6,316.7,325.9,319.7,272.1,261.4,3467.4,3478.3,517.9,377.8,420.0,827.7,640.8,404.3,3.0,8.0,7.0,9397.0,-10517.0,-4548.0,6989.0,-81.0,-9.0,24.0,-3.0,0.0,16.0,8261.0,-12806.0,-2729.0,5362.0,-145.0,78.0,-18.0,1.0
2022-05-08 16:17:22.792103-07:00,647.3,763.7,1084.2,942.4,373.9,289.8,874.7,711.0,3472.2,3469.8,1142.7,711.0,534.6,3466.1,1086.0,791.9,3454.0,3447.9,357.6,316.7,325.9,310.5,272.9,261.4,3467.4,3478.3,517.9,376.3,420.0,824.4,647.3,403.5,7.0,-2.0,-10.0,9367.0,-10531.0,-4563.0,6998.0,-79.0,-53.0,29.0,-6.0,-6.0,-9.0,8214.0,-12855.0,-2739.0,5312.0,-218.0,109.0,-24.0,1.0
2022-05-08 16:17:22.911461-07:00,647.3,763.7,1084.2,943.2,373.9,289.8,862.9,715.1,3472.2,3469.8,1142.7,720.8,534.6,3471.0,1085.1,787.7,3447.9,3447.9,356.8,316.7,325.9,310.5,272.9,261.4,3472.2,3443.1,514.7,376.3,417.6,824.4,647.3,403.5,-2.0,16.0,-21.0,9323.0,-10547.0,-4589.0,7016.0,-107.0,-119.0,31.0,-1.0,3.0,10.0,8144.0,-12921.0,-2758.0,5249.0,-258.0,117.0,-40.0,1.0
2022-05-08 16:17:22.941547-07:00,643.2,782.7,1029.7,943.2,371.6,289.8,862.9,715.1,3467.4,3475.9,1139.2,720.8,530.6,3471.0,1085.1,787.7,3447.9,3447.9,356.8,315.1,325.9,318.2,271.4,260.7,3472.2,3443.1,514.7,377.8,417.6,822.7,638.4,403.5,10.0,-17.0,-8.0,9247.0,-10550.0,-4669.0,7060.0,-177.0,-260.0,29.0,-11.0,-5.0,-18.0,8066.0,-12991.0,-2789.0,5180.0,-285.0,98.0,-60.0,1.0
2022-05-08 16:17:22.943415-07:00,643.2,782.7,1029.7,935.6,371.6,290.5,864.6,714.2,3467.4,3475.9,1139.2,715.9,530.6,3468.6,1094.7,791.9,3449.1,3446.7,353.0,315.1,322.8,318.2,271.4,260.7,3462.5,3461.3,517.9,377.8,418.4,822.7,638.4,403.5,19.0,-4.0,8.0,9159.0,-10562.0,-4731.0,7114.0,-178.0,-162.0,92.0,-2.0,-7.0,-7.0,7984.0,-13061.0,-2825.0,5112.0,-289.0,103.0,-51.0,1.0
2022-05-08 16:17:23.002118-07:00,643.2,795.2,1000.5,935.6,373.9,290.5,864.6,714.2,3478.3,3466.1,1131.4,715.9,537.8,3468.6,1094.7,791.9,3449.1,3446.7,353.0,315.1,322.8,312.8,276.7,256.1,3462.5,3461.3,517.9,378.6,418.4,823.5,644.0,398.1,12.0,12.0,16.0,9073.0,-10592.0,-4783.0,7144.0,-210.0,-131.0,40.0,7.0,-4.0,14.0,7890.0,-13139.0,-2867.0,5032.0,-357.0,135.0,-76.0,1.0
2022-05-08 16:17:23.121351-07:00,643.2,795.2,1000.5,934.7,369.3,289.8,868.8,711.8,3478.3,3466.1,1131.4,714.2,540.2,3467.4,1094.7,790.2,3454.0,3454.0,359.2,311.3,322.1,312.8,276.7,256.1,3469.8,3463.7,518.7,376.3,420.8,823.5,644.0,398.1,3.0,1.0,11.0,8999.0,-10625.0,-4855.0,7141.0,-299.0,-79.0,-44.0,-4.0,-13.0,12.0,7775.0,-13234.0,-2920.0,4932.0,-473.0,172.0,-98.0,1.0
2022-05-08 16:17:23.125113-07:00,651.4,819.4,977.3,932.2,369.3,289.8,868.8,711.8,3478.3,3468.6,1112.1,715.9,540.2,3467.4,1094.7,790.2,3454.0,3454.0,359.2,311.3,325.9,319.7,272.1,259.2,3469.8,3463.7,518.7,376.3,416.8,826.0,637.6,405.9,4.0,-7.0,-1.0,8942.0,-10644.0,-4932.0,7132.0,-128.0,-96.0,-46.0,-10.0,-3.0,0.0,7661.0,-13327.0,-2971.0,4828.0,-319.0,137.0,-92.0,1.0
2022-05-08 16:17:23.151476-07:00,651.4,819.4,977.3,932.2,371.6,291.3,866.3,700.3,3478.3,3468.6,1112.1,715.9,537.8,3466.1,1089.5,791.9,3447.9,3440.7,353.0,315.1,325.9,319.7,272.1,259.2,3457.6,3461.3,518.7,377.8,416.8,826.0,637.6,405.9,3.0,-9.0,0.0,8911.0,-10648.0,-4983.0,7128.0,-91.0,-68.0,-36.0,-9.0,2.0,-12.0,7585.0,-13389.0,-3010.0,4751.0,-237.0,97.0,-69.0,1.0
2022-05-08 16:17:23.181391-07:00,659.5,837.7,922.0,933.9,371.6,291.3,866.3,700.3,3473.4,3478.3,1090.3,714.2,537.8,3466.1,1089.5,791.9,3447.9,3440.7,353.0,315.1,324.4,316.7,277.5,258.4,3457.6,3461.3,518.7,377.8,420.0,825.2,633.5,401.2,3.0,-1.0,-5.0,8904.0,-10637.0,-5011.0,7134.0,8.0,-73.0,-37.0,-5.0,-4.0,-9.0,7544.0,-13423.0,-3035.0,4706.0,-85.0,33.0,-51.0,1.0
2022-05-08 16:17:23.242103-07:00,659.5,837.7,922.0,933.9,368.5,292.1,863.7,706.0,3473.4,3478.3,1090.3,714.2,535.4,3472.2,1086.8,789.4,3447.9,3446.7,357.6,310.5,324.4,316.7,277.5,258.4,3478.3,3457.6,519.5,380.9,420.0,825.2,633.5,401.2,0.0,1.0,4.0,8924.0,-10614.0,-5035.0,7127.0,51.0,-12.0,-96.0,-5.0,-2.0,15.0,7525.0,-13436.0,-3056.0,4685.0,-52.0,17.0,-40.0,1.0
2022-05-08 16:17:23.301460-07:00,665.2,852.8,889.0,932.2,368.5,292.1,863.7,706.0,3467.4,3457.6,1069.5,717.5,535.4,3472.2,1086.8,789.4,3447.9,3446.7,357.6,310.5,323.6,315.9,277.5,259.2,3478.3,3457.6,519.5,380.9,420.8,825.2,627.8,404.3,-5.0,-11.0,-3.0,8954.0,-10587.0,-5055.0,7116.0,30.0,-28.0,-76.0,-5.0,-10.0,6.0,7528.0,-13434.0,-3069.0,4678.0,-11.0,3.0,-31.0,1.0
2022-05-08 16:17:23.361535-07:00,665.2,852.8,889.0,932.2,373.9,299.7,858.7,703.6,3467.4,3457.6,1069.5,717.5,537.8,3473.4,1092.1,792.7,3447.9,3457.6,353.0,314.4,323.6,315.9,277.5,259.2,3457.6,3467.4,519.5,381.7,420.8,825.2,627.8,404.3,-3.0,-6.0,10.0,8967.0,-10571.0,-5074.0,7108.0,37.0,16.0,-57.0,-4.0,-5.0,8.0,7524.0,-13435.0,-3078.0,4674.0,-13.0,-10.0,-9.0,1.0
2022-05-08 16:17:23.391725-07:00,661.9,853.7,872.1,925.4,373.9,299.7,858.7,700.3,3466.1,3473.4,1070.3,713.4,537.8,3473.4,1092.1,789.4,3450.4,3457.6,353.0,314.4,325.9,315.9,276.0,259.2,3462.5,3467.4,519.5,381.7,416.1,809.4,625.4,404.3,-3.0,-6.0,-5.0,8990.0,-10554.0,-5078.0,7103.0,16.0,-5.0,-47.0,-5.0,-12.0,-3.0,7533.0,-13429.0,-3076.0,4678.0,11.0,-12.0,-4.0,1.0
2022-05-08 16:17:23.451380-07:00,661.9,853.7,872.1,925.4,370.8,286.7,850.3,700.3,3467.4,3473.4,1070.3,713.4,535.4,3483.2,1089.5,789.4,3450.4,3452.8,357.6,312.0,325.9,315.9,276.0,263.0,3462.5,3473.4,526.6,380.2,416.1,809.4,625.4,400.4,6.0,-4.0,-1.0,9002.0,-10539.0,-5086.0,7103.0,37.0,-13.0,-20.0,-5.0,1.0,-2.0,7539.0,-13423.0,-3076.0,4685.0,37.0,-16.0,-5.0,1.0
2022-05-08 16:17:23.481420-07:00,661.9,844.4,863.7,933.0,370.8,286.7,850.3,697.9,3467.4,3467.4,1066.0,715.9,535.4,3483.2,1089.5,791.0,3441.9,3452.8,357.6,312.0,324.4,315.1,280.6,263.0,3457.6,3473.4,526.6,380.2,418.4,825.2,622.2,400.4,5.0,1.0,2.0,9008.0,-10535.0,-5086.0,7102.0,24.0,7.0,-9.0,-2.0,-8.0,7.0,7546.0,-13417.0,-3075.0,4693.0,32.0,-17.0,10.0,1.0
2022-05-08 16:17:23.542147-07:00,662.7,844.4,863.7,933.0,370.8,292.1,853.7,697.9,3468.6,3467.4,1066.0,715.9,538.6,3472.2,1082.5,791.0,3441.9,3450.4,354.5,312.8,324.4,315.1,280.6,256.9,3457.6,3456.4,525.0,373.2,418.4,825.2,622.2,400.4,6.0,-3.0,3.0,9016.0,-10528.0,-5087.0,7101.0,17.0,-2.0,-31.0,-3.0,-1.0,1.0,7554.0,-13409.0,-3075.0,4702.0,13.0,-16.0,0.0,1.0
2022-05-08 16:17:23.601481-07:00,662.7,845.3,859.5,918.6,370.8,292.1,853.7,698.7,3468.6,3478.3,1071.2,711.0,538.6,3472.2,1082.5,787.7,3455.2,3450.4,354.5,312.8,324.4,315.9,274.4,256.9,3463.7,3456.4,525.0,373.2,406.7,819.4,618.1,400.4,0.0,-7.0,-4.0,9020.0,-10526.0,-5084.0,7102.0,-8.0,5.0,13.0,-4.0,-6.0,0.0,7557.0,-13408.0,-3074.0,4702.0,4.0,-1.0,7.0,1.0
2022-05-08 16:17:23.631499-07:00,659.5,845.3,859.5,918.6,375.5,292.1,851.1,698.7,3473.4,3478.3,1071.2,711.0,532.2,3467.4,1097.3,787.7,3455.2,3458.9,354.5,312.8,324.4,315.9,274.4,259.9,3463.7,3464.9,518.7,378.6,406.7,819.4,618.1,403.5,8.0,10.0,-1.0,9021.0,-10521.0,-5084.0,7108.0,25.0,-25.0,-12.0,-3.0,3.0,-1.0,7563.0,-13403.0,-3070.0,4708.0,34.0,-21.0,0.0,1.0
2022-05-08 16:17:23.691666-07:00,659.5,837.7,854.5,929.6,375.5,292.1,851.1,694.6,3473.4,3473.4,1063.4,714.2,532.2,3467.4,1081.6,790.2,3438.2,3447.9,354.5,312.8,322.8,318.2,278.3,259.9,3468.6,3461.3,518.7,378.6,420.8,826.9,619.7,403.5,10.0,3.0,-2.0,9034.0,-10506.0,-5089.0,7110.0,55.0,-9.0,-10.0,-3.0,8.0,-2.0,7573.0,-13394.0,-3070.0,4718.0,52.0,-20.0,-7.0,1.0
2022-05-08 16:17:23.782053-07:00,663.6,837.7,854.5,929.6,371.6,291.3,851.1,694.6,3483.2,3474.6,1063.4,714.2,537.8,3467.4,1081.6,790.2,3438.2,3447.9,357.6,308.2,322.8,318.2,277.5,264.5,3468.6,3461.3,521.0,377.0,420.8,826.9,623.0,408.2,2.0,-1.0,8.0,9030.0,-10512.0,-5084.0,7110.0,-6.0,23.0,33.0,-5.0,-8.0,16.0,7572.0,-13394.0,-3071.0,4719.0,-7.0,-2.0,15.0,1.0
2022-05-08 16:17:23.784075-07:00,663.6,837.7,846.1,925.4,371.6,291.3,850.3,697.0,3483.2,3474.6,1057.3,715.1,537.8,3467.4,1086.0,790.2,3443.1,3447.9,357.6,308.2,327.5,316.7,277.5,264.5,3466.1,3462.5,521.0,377.0,416.8,816.0,623.0,408.2,5.0,11.0,5.0,9033.0,-10510.0,-5082.0,7110.0,-5.0,0.0,-39.0,-3.0,1.0,8.0,7576.0,-13391.0,-3066.0,4723.0,10.0,-8.0,1.0,1.0
2022-05-08 16:17:23.841500-07:00,663.6,831.1,846.1,925.4,366.9,290.5,850.3,697.0,3467.4,3478.3,1057.3,715.1,534.6,3467.4,1086.0,790.2,3443.1,3447.9,356.8,311.3,327.5,316.7,276.7,259.2,3466.1,3462.5,518.7,380.2,416.8,816.0,624.6,407.5,4.0,-6.0,-8.0,9045.0,-10501.0,-5087.0,7105.0,-6.0,5.0,-2.0,-7.0,8.0,-12.0,7586.0,-13384.0,-3064.0,4729.0,11.0,-5.0,-6.0,1.0
2022-05-08 16:17:23.901513-07:00,663.6,831.1,842.8,932.2,366.9,290.5,854.5,706.0,3467.4,3478.3,1055.6,715.9,534.6,3467.4,1086.0,786.1,3447.9,3447.9,356.8,311.3,329.0,316.7,276.7,259.2,3462.5,3468.6,518.7,380.2,414.5,825.2,624.6,407.5,4.0,5.0,1.0,9042.0,-10504.0,-5080.0,7109.0,33.0,-9.0,16.0,0.0,0.0,11.0,7585.0,-13384.0,-3063.0,4732.0,49.0,-18.0,12.0,1.0
2022-05-08 16:17:24.021461-07:00,659.5,831.1,842.8,932.2,373.9,294.4,854.5,706.0,3473.4,3472.2,1055.6,715.9,533.0,3479.5,1086.0,786.1,3447.9,3447.9,359.2,315.9,329.0,316.7,278.3,260.7,3462.5,3468.6,513.1,377.0,414.5,825.2,623.0,402.0,0.0,-7.0,6.0,9044.0,-10500.0,-5088.0,7106.0,-8.0,-22.0,-34.0,-6.0,-7.0,2.0,7589.0,-13380.0,-3062.0,4737.0,4.0,-9.0,-5.0,1.0
2022-05-08 16:17:24.023278-07:00,659.5,831.1,845.3,922.8,373.9,294.4,852.8,696.2,3473.4,3472.2,1059.9,715.9,533.0,3479.5,1085.1,790.2,3446.7,3454.0,359.2,315.9,325.1,318.2,278.3,260.7,3463.7,3464.9,513.1,377.0,416.1,822.7,623.0,402.0,2.0,-7.0,-2.0,9045.0,-10497.0,-5089.0,7109.0,-24.0,5.0,12.0,-7.0,-12.0,0.0,7596.0,-13375.0,-3061.0,4740.0,-19.0,-1.0,4.0,1.0
2022-05-08 16:17:24.081393-07:00,660.3,829.4,833.6,922.8,363.8,290.5,852.8,696.2,3468.6,3478.3,1055.6,715.9,535.4,3473.4,1085.1,790.2,3446.7,3454.0,358.4,312.0,325.1,316.7,276.7,261.4,3463.7,3464.9,511.5,377.0,416.1,826.0,617.3,402.8,4.0,7.0,1.0,9045.0,-10500.0,-5085.0,7108.0,30.0,17.0,2.0,-2.0,4.0,8.0,7593.0,-13376.0,-3061.0,4742.0,41.0,-12.0,7.0,1.0
2022-05-08 16:17:24.084529-07:00,660.3,829.4,833.6,927.9,363.8,292.8,846.1,691.3,3468.6,3478.3,1055.6,709.3,535.4,3462.5,1074.7,784.4,3454.0,3456.4,354.5,312.0,323.6,316.7,276.7,261.4,3462.5,3462.5,511.5,377.0,418.4,826.0,617.3,402.8,8.0,0.0,0.0,9048.0,-10498.0,-5090.0,7102.0,9.0,5.0,-18.0,-4.0,3.0,0.0,7598.0,-13373.0,-3060.0,4744.0,19.0,0.0,-3.0,1.0
2022-05-08 16:17:24.141592-07:00,661.1,823.5,834.4,927.9,370.8,292.8,846.1,691.3,3467.4,3479.5,1048.7,709.3,535.4,3462.5,1074.7,784.4,3454.0,3456.4,354.5,315.9,323.6,315.9,270.6,256.1,3462.5,3462.5,511.5,377.0,418.4,821.0,618.9,402.8,4.0,-2.0,6.0,9047.0,-10501.0,-5092.0,7099.0,-16.0,10.0,-13.0,-6.0,0.0,6.0,7600.0,-13372.0,-3060.0,4745.0,31.0,-22.0,9.0,1.0
2022-05-08 16:17:24.201431-07:00,661.1,823.5,834.4,924.5,370.8,295.1,848.6,697.0,3467.4,3479.5,1048.7,719.2,535.4,3483.2,1080.8,791.0,3457.6,3449.1,357.6,315.9,323.6,315.9,270.6,256.1,3457.6,3464.9,517.9,377.0,420.0,821.0,618.9,402.8,-1.0,5.0,-3.0,9053.0,-10502.0,-5087.0,7094.0,-32.0,15.0,3.0,-8.0,-10.0,2.0,7606.0,-13367.0,-3059.0,4749.0,-45.0,18.0,-5.0,1.0
2022-05-08 16:17:24.231487-07:00,660.3,818.5,839.4,924.5,370.8,295.1,848.6,697.0,3467.4,3472.2,1052.2,719.2,537.8,3483.2,1080.8,791.0,3457.6,3449.1,357.6,312.0,323.6,311.3,274.4,261.4,3457.6,3464.9,517.9,376.3,420.0,828.5,615.7,402.8,6.0,6.0,3.0,9049.0,-10510.0,-5087.0,7086.0,10.0,14.0,-2.0,0.0,0.0,9.0,7602.0,-13370.0,-3059.0,4747.0,29.0,-13.0,7.0,1.0
2022-05-08 16:17:24.321559-07:00,660.3,818.5,839.4,924.5,370.8,290.5,857.9,699.5,3467.4,3472.2,1052.2,710.1,537.8,3462.5,1074.7,784.4,3447.9,3444.3,358.4,312.0,322.1,311.3,274.4,261.4,3457.6,3463.7,517.1,376.3,416.8,828.5,615.7,402.8,5.0,0.0,-4.0,9050.0,-10511.0,-5092.0,7079.0,-35.0,9.0,-12.0,-10.0,-13.0,0.0,7605.0,-13368.0,-3059.0,4749.0,-25.0,8.0,-6.0,1.0
2022-05-08 16:17:24.351477-07:00,653.0,817.7,835.2,922.8,372.4,290.5,857.9,699.5,3467.4,3471.0,1052.2,711.8,530.6,3462.5,1074.7,784.4,3447.9,3444.3,358.4,312.0,322.1,313.6,276.7,263.0,3457.6,3463.7,517.1,377.0,420.8,817.7,621.4,402.8,4.0,4.0,-2.0,9045.0,-10515.0,-5091.0,7081.0,13.0,7.0,15.0,-1.0,0.0,6.0,7604.0,-13368.0,-3057.0,4750.0,28.0,-11.0,11.0,1.0
2022-05-08 16:17:24.381443-07:00,653.0,817.7,835.2,922.8,371.6,288.2,845.3,696.2,3467.4,3471.0,1052.2,711.8,533.8,3467.4,1081.6,791.0,3444.3,3440.7,357.6,307.4,322.1,313.6,276.7,263.0,3462.5,3467.4,514.7,377.0,420.8,817.7,621.4,402.8,6.0,0.0,6.0,9045.0,-10511.0,-5099.0,7080.0,-2.0,-8.0,-36.0,-8.0,-6.0,0.0,7608.0,-13365.0,-3057.0,4753.0,9.0,-11.0,-8.0,1.0
2022-05-08 16:17:24.471495-07:00,657.0,821.0,831.9,926.2,371.6,288.2,845.3,696.2,3475.9,3468.6,1054.8,711.8,533.8,3467.4,1081.6,791.0,3444.3,3440.7,357.6,307.4,325.1,314.4,271.4,257.6,3462.5,3467.4,514.7,377.0,416.8,829.4,612.5,402.8,0.0,-15.0,3.0,9051.0,-10511.0,-5095.0,7076.0,-17.0,20.0,14.0,-9.0,-9.0,3.0,7610.0,-13363.0,-3056.0,4755.0,-17.0,5.0,9.0,1.0
2022-05-08 16:17:24.501522-07:00,657.0,821.0,831.9,926.2,370.0,296.7,842.8,693.8,3475.9,3468.6,1054.8,711.8,535.4,3478.3,1078.2,791.9,3443.1,3449.1,351.4,315.9,325.1,314.4,271.4,257.6,3468.6,3464.9,513.9,374.7,416.8,829.4,612.5,402.8,5.0,13.0,-1.0,9048.0,-10517.0,-5090.0,7075.0,-14.0,0.0,12.0,-3.0,5.0,1.0,7609.0,-13364.0,-3055.0,4756.0,-6.0,6.0,3.0,1.0
2022-05-08 16:17:24.531530-07:00,655.4,818.5,845.3,922.0,370.0,296.7,842.8,693.8,3467.4,3478.3,1046.1,715.1,535.4,3478.3,1078.2,791.9,3443.1,3449.1,351.4,315.9,322.1,315.1,275.2,260.7,3468.6,3464.9,513.9,374.7,415.3,816.9,621.4,404.3,-3.0,-6.0,0.0,9045.0,-10523.0,-5090.0,7069.0,9.0,8.0,-6.0,-6.0,-4.0,4.0,7606.0,-13366.0,-3056.0,4754.0,20.0,-9.0,8.0,1.0
2022-05-08 16:17:24.592161-07:00,655.4,818.5,845.3,922.0,370.8,292.8,844.4,699.5,3467.4,3478.3,1046.1,715.1,533.0,3473.4,1078.2,790.2,3445.5,3446.7,353.0,315.1,322.1,315.1,275.2,260.7,3466.1,3462.5,502.8,374.7,415.3,816.9,621.4,404.3,-4.0,-3.0,-4.0,9044.0,-10523.0,-5092.0,7069.0,-17.0,-10.0,-8.0,-11.0,-11.0,0.0,7608.0,-13364.0,-3055.0,4755.0,-8.0,2.0,-3.0,1.0
2022-05-08 16:17:24.651533-07:00,660.3,813.5,827.7,925.4,370.8,292.8,844.4,699.5,3474.6,3473.4,1048.7,714.2,533.0,3473.4,1078.2,790.2,3445.5,3446.7,353.0,315.1,323.6,319.7,275.2,255.3,3466.1,3462.5,502.8,374.7,420.8,821.9,614.1,405.1,6.0,3.0,-2.0,9047.0,-10520.0,-5092.0,7070.0,-2.0,-8.0,1.0,-5.0,-3.0,1.0,7612.0,-13361.0,-3055.0,4759.0,2.0,-7.0,-3.0,1.0
2022-05-08 16:17:24.711652-07:00,657.9,813.5,827.7,925.4,366.9,288.2,843.6,689.7,3472.2,3473.4,1048.7,714.2,533.8,3473.4,1080.8,784.4,3443.1,3447.9,356.1,310.5,323.6,319.7,275.2,256.1,3457.6,3457.6,515.5,383.3,420.8,821.9,614.1,405.9,1.0,-1.0,11.0,9044.0,-10522.0,-5094.0,7070.0,6.0,7.0,9.0,-5.0,3.0,7.0,7614.0,-13360.0,-3054.0,4759.0,23.0,-6.0,8.0,1.0
2022-05-08 16:17:24.741703-07:00,657.9,811.0,827.7,927.9,366.9,288.2,843.6,695.4,3472.2,3464.9,1053.9,711.0,533.8,3473.4,1080.8,790.2,3452.8,3447.9,356.1,310.5,324.4,314.4,274.4,256.1,3463.7,3457.6,515.5,383.3,418.4,816.9,618.1,405.9,6.0,-1.0,0.0,9040.0,-10524.0,-5096.0,7069.0,-18.0,-6.0,-5.0,-3.0,-6.0,4.0,7614.0,-13360.0,-3054.0,4759.0,-15.0,6.0,-2.0,1.0
2022-05-08 16:17:24.801285-07:00,658.7,811.0,827.7,927.9,368.5,282.9,841.1,695.4,3473.4,3464.9,1053.9,711.0,539.4,3462.5,1086.0,790.2,3452.8,3443.1,357.6,311.3,324.4,314.4,274.4,256.1,3463.7,3460.1,511.5,373.2,418.4,816.9,618.1,406.7,2.0,0.0,0.0,9039.0,-10527.0,-5094.0,7069.0,-7.0,13.0,10.0,-9.0,0.0,0.0,7613.0,-13361.0,-3055.0,4759.0,-2.0,0.0,5.0,1.0
2022-05-08 16:17:24.862108-07:00,658.7,806.0,823.5,922.0,368.5,282.9,841.1,690.5,3473.4,3483.2,1053.9,705.2,539.4,3462.5,1086.0,796.0,3445.5,3443.1,357.6,311.3,316.7,318.2,271.4,256.1,3467.4,3460.1,511.5,373.2,419.2,824.4,619.7,406.7,9.0,0.0,2.0,9038.0,-10528.0,-5094.0,7068.0,0.0,-1.0,1.0,-3.0,-1.0,1.0,7613.0,-13361.0,-3055.0,4759.0,1.0,-1.0,0.0,1.0
2022-05-08 16:17:24.891611-07:00,652.2,806.0,823.5,922.0,366.9,289.0,847.0,690.5,3469.8,3483.2,1053.9,705.2,528.2,3473.4,1079.0,796.0,3445.5,3440.7,356.8,314.4,316.7,318.2,271.4,259.9,3467.4,3467.4,513.1,380.9,419.2,824.4,619.7,403.5,3.0,0.0,3.0,9038.0,-10528.0,-5094.0,7068.0,3.0,8.0,4.0,-5.0,0.0,5.0,7613.0,-13361.0,-3055.0,4759.0,2.0,-1.0,1.0,1.0
2022-05-08 16:17:24.951483-07:00,652.2,809.4,826.9,922.8,366.9,289.0,847.0,697.9,3469.8,3467.4,1056.5,712.6,528.2,3473.4,1079.0,786.1,3446.7,3440.7,356.8,314.4,324.4,314.4,271.4,259.9,3460.1,3467.4,513.1,380.9,412.9,821.9,617.3,403.5,6.0,3.0,-2.0,9040.0,-10527.0,-5093.0,7068.0,-6.0,4.0,3.0,-6.0,2.0,2.0,7617.0,-13358.0,-3053.0,4760.0,-1.0,-3.0,1.0,1.0
2022-05-08 16:17:24.981472-07:00,653.8,808.5,826.9,922.8,372.4,286.7,839.4,697.9,3478.3,3467.4,1056.5,712.6,534.6,3479.5,1082.5,786.1,3446.7,3443.1,359.2,315.9,324.4,314.4,276.0,260.7,3460.1,3464.9,514.7,384.0,412.9,821.9,620.5,404.3,0.0,2.0,2.0,9038.0,-10528.0,-5094.0,7068.0,4.0,-5.0,3.0,-7.0,-3.0,10.0,7618.0,-13357.0,-3053.0,4760.0,16.0,-7.0,4.0,1.0
2022-05-08 16:17:25.071457-07:00,653.8,808.5,829.4,922.0,372.4,286.7,841.1,696.2,3478.3,3467.4,1052.2,711.8,534.6,3479.5,1085.1,791.0,3447.9,3443.1,359.2,315.9,322.1,317.4,276.0,260.7,3468.6,3463.7,514.7,384.0,420.8,821.0,620.5,404.3,6.0,1.0,0.0,9040.0,-10526.0,-5099.0,7066.0,-2.0,-1.0,-20.0,-3.0,-1.0,6.0,7620.0,-13356.0,-3052.0,4761.0,5.0,-7.0,-3.0,1.0
2022-05-08 16:17:25.101487-07:00,653.0,809.4,829.4,922.0,370.8,285.9,841.1,696.2,3467.4,3472.2,1052.2,711.8,536.2,3473.4,1085.1,791.0,3447.9,3443.1,356.8,312.0,322.1,317.4,271.4,258.4,3468.6,3463.7,513.1,377.8,420.8,821.0,614.1,401.2,2.0,-8.0,-11.0,9044.0,-10524.0,-5097.0,7064.0,2.0,6.0,14.0,-4.0,-5.0,6.0,7621.0,-13355.0,-3052.0,4762.0,8.0,1.0,5.0,1.0
2022-05-08 16:17:25.191535-07:00,653.0,809.4,825.2,924.5,370.8,285.9,846.1,695.4,3467.4,3472.2,1057.3,712.6,536.2,3473.4,1082.5,791.9,3454.0,3451.6,356.8,312.0,320.5,317.4,271.4,258.4,3457.6,3462.5,513.1,377.8,417.6,825.2,614.1,401.2,4.0,10.0,3.0,9043.0,-10525.0,-5096.0,7065.0,-5.0,-5.0,-5.0,-5.0,1.0,6.0,7622.0,-13355.0,-3052.0,4762.0,-1.0,-2.0,-1.0,1.0
2022-05-08 16:17:25.252163-07:00,652.2,806.0,825.2,924.5,367.7,292.1,846.1,695.4,3472.2,3474.6,1057.3,712.6,533.8,3468.6,1082.5,791.9,3454.0,3451.6,354.5,314.4,320.5,317.4,278.3,259.9,3457.6,3462.5,509.9,378.6,417.6,825.2,616.5,405.9,1.0,-1.0,4.0,9046.0,-10523.0,-5100.0,7061.0,-3.0,8.0,-13.0,-9.0,-4.0,6.0,7622.0,-13355.0,-3052.0,4762.0,7.0,-5.0,2.0,1.0
2022-05-08 16:17:25.253741-07:00,652.2,806.0,821.0,926.2,367.7,292.1,836.1,693.8,3472.2,3474.6,1055.6,711.0,533.8,3468.6,1081.6,791.9,3444.3,3449.1,354.5,314.4,323.6,321.3,278.3,259.9,3460.1,3471.0,509.9,378.6,417.6,817.7,616.5,405.9,6.0,2.0,-1.0,9046.0,-10523.0,-5100.0,7061.0,6.0,-7.0,4.0,-6.0,3.0,1.0,7624.0,-13353.0,-3051.0,4763.0,18.0,-7.0,5.0,1.0
2022-05-08 16:17:25.281728-07:00,644.9,801.0,821.0,926.2,369.3,289.8,836.1,693.8,3472.2,3474.6,1055.6,711.0,534.6,3477.1,1081.6,791.9,3444.3,3449.1,356.8,315.1,323.6,321.3,271.4,259.2,3460.1,3471.0,505.1,378.6,417.6,817.7,618.9,402.0,5.0,-5.0,9.0,9051.0,-10519.0,-5097.0,7063.0,48.0,9.0,-10.0,-6.0,-9.0,3.0,7632.0,-13347.0,-3050.0,4768.0,64.0,-32.0,16.0,1.0
2022-05-08 16:17:25.341650-07:00,644.9,801.0,816.0,919.4,369.3,286.7,842.8,692.1,3472.2,3474.6,1047.8,710.1,534.6,3467.4,1079.9,786.1,3446.7,3440.7,353.7,315.1,323.6,312.8,271.4,259.2,3461.3,3462.5,518.7,378.6,417.6,820.2,618.9,402.0,-5.0,-34.0,30.0,9103.0,-10484.0,-5066.0,7071.0,255.0,40.0,-22.0,-3.0,-28.0,19.0,7671.0,-13314.0,-3034.0,4810.0,351.0,-134.0,68.0,1.0
2022-05-08 16:17:25.401610-07:00,653.8,808.5,939.0,919.4,371.6,286.7,842.8,692.1,3461.3,3477.1,1071.2,710.1,533.0,3467.4,1079.9,786.1,3446.7,3440.7,353.7,314.4,323.6,318.2,272.1,259.9,3461.3,3462.5,518.7,374.7,417.6,826.0,618.1,403.5,11.0,-21.0,-2.0,9196.0,-10421.0,-4982.0,7102.0,252.0,108.0,76.0,-9.0,0.0,-5.0,7792.0,-13215.0,-2985.0,4916.0,377.0,-152.0,100.0,1.0
2022-05-08 16:17:25.431518-07:00,653.8,808.5,939.0,933.0,371.6,291.3,878.9,720.8,3461.3,3477.1,1071.2,705.2,533.0,3467.4,1082.5,788.6,3445.5,3441.9,355.3,314.4,322.8,318.2,272.1,259.9,3471.0,3468.6,524.2,374.7,412.9,826.0,618.1,403.5,-12.0,-39.0,22.0,9242.0,-10429.0,-4868.0,7111.0,230.0,218.0,170.0,-18.0,-27.0,9.0,7897.0,-13124.0,-2922.0,5030.0,543.0,-221.0,178.0,1.0
2022-05-08 16:17:25.491685-07:00,650.5,806.9,1164.7,933.0,370.0,291.3,878.9,720.8,3475.9,3468.6,1091.2,705.2,535.4,3467.4,1082.5,788.6,3445.5,3441.9,355.3,311.3,322.8,316.7,269.9,256.9,3471.0,3468.6,524.2,378.6,412.9,823.5,617.3,405.9,5.0,47.0,-31.0,9344.0,-10388.0,-4715.0,7140.0,304.0,130.0,94.0,0.0,18.0,7.0,8096.0,-12951.0,-2828.0,5213.0,655.0,-263.0,122.0,1.0
2022-05-08 16:17:25.581222-07:00,650.5,806.9,1164.7,946.6,370.0,292.1,950.0,738.9,3475.9,3468.6,1091.2,711.0,535.4,3474.6,1087.7,789.4,3456.4,3445.5,354.5,311.3,327.5,316.7,269.9,256.9,3463.7,3468.6,523.4,378.6,418.4,823.5,617.3,405.9,11.0,-3.0,0.0,9366.0,-10386.0,-4670.0,7145.0,14.0,104.0,19.0,-10.0,-14.0,-8.0,8238.0,-12820.0,-2770.0,5341.0,404.0,-172.0,83.0,1.0
2022-05-08 16:17:25.582694-07:00,652.2,797.7,1192.0,946.6,365.4,292.1,950.0,738.9,3458.9,3468.6,1106.9,711.0,527.4,3474.6,1087.7,789.4,3456.4,3445.5,354.5,315.1,327.5,316.7,274.4,260.7,3463.7,3468.6,523.4,371.6,418.4,827.7,633.5,399.6,8.0,57.0,-15.0,9399.0,-10392.0,-4626.0,7120.0,-36.0,59.0,-25.0,2.0,11.0,10.0,8359.0,-12709.0,-2728.0,5441.0,285.0,-108.0,38.0,1.0
2022-05-08 16:17:25.641587-07:00,652.2,797.7,1192.0,952.6,370.0,293.6,937.3,745.5,3458.9,3468.6,1106.9,709.3,532.2,3475.9,1086.8,788.6,3438.2,3454.0,353.7,318.2,320.5,316.7,274.4,260.7,3461.3,3463.7,533.0,380.2,416.8,827.7,633.5,399.6,14.0,-6.0,9.0,9391.0,-10404.0,-4644.0,7102.0,31.0,-24.0,-8.0,0.0,-4.0,6.0,8389.0,-12680.0,-2718.0,5467.0,112.0,-43.0,10.0,1.0
2022-05-08 16:17:25.702176-07:00,651.4,784.4,1156.8,955.1,370.0,293.6,937.3,745.5,3472.2,3466.1,1107.8,715.1,532.2,3475.9,1086.8,788.6,3438.2,3454.0,353.7,318.2,323.6,318.2,274.4,261.4,3461.3,3463.7,533.0,380.2,417.6,822.7,633.5,404.3,6.0,23.0,-19.0,9413.0,-10379.0,-4637.0,7115.0,35.0,-56.0,-31.0,-4.0,13.0,3.0,8437.0,-12635.0,-2706.0,5503.0,123.0,-57.0,8.0,1.0
2022-05-08 16:17:25.731500-07:00,651.4,784.4,1156.8,955.1,365.4,292.1,927.9,728.2,3472.2,3466.1,1107.8,715.1,534.6,3472.2,1080.8,795.2,3455.2,3439.5,356.8,319.0,323.6,318.2,274.4,261.4,3468.6,3466.1,518.7,374.7,417.6,822.7,633.5,404.3,9.0,-12.0,10.0,9418.0,-10363.0,-4648.0,7122.0,63.0,-2.0,11.0,-5.0,-3.0,5.0,8457.0,-12615.0,-2705.0,5520.0,78.0,-34.0,-3.0,1.0
2022-05-08 16:17:25.792382-07:00,652.2,775.3,1130.5,955.1,365.4,292.1,927.9,728.2,3474.6,3471.0,1113.9,713.4,534.6,3472.2,1080.8,795.2,3455.2,3439.5,356.8,319.0,322.1,316.7,273.7,261.4,3468.6,3466.1,518.7,374.7,420.8,821.9,638.4,408.2,5.0,11.0,2.0,9429.0,-10351.0,-4641.0,7130.0,29.0,-15.0,-17.0,-5.0,5.0,13.0,8471.0,-12600.0,-2703.0,5532.0,41.0,-25.0,-2.0,1.0
2022-05-08 16:17:25.851842-07:00,652.2,775.3,1130.5,955.1,366.9,289.8,921.1,734.8,3474.6,3471.0,1113.9,713.4,530.6,3464.9,1076.4,790.2,3452.8,3443.1,353.0,319.0,322.1,316.7,273.7,261.4,3468.6,3460.1,516.3,378.6,420.8,821.9,638.4,408.2,10.0,3.0,2.0,9441.0,-10338.0,-4642.0,7133.0,-11.0,14.0,-10.0,-8.0,-2.0,2.0,8482.0,-12589.0,-2702.0,5541.0,3.0,-6.0,-5.0,1.0
2022-05-08 16:17:25.881651-07:00,648.1,776.1,1124.4,950.9,366.9,289.8,921.1,734.8,3469.8,3477.1,1120.9,711.8,530.6,3464.9,1076.4,790.2,3452.8,3443.1,353.0,319.0,319.7,314.4,274.4,257.6,3468.6,3460.1,516.3,378.6,416.8,831.1,636.7,407.5,5.0,5.0,-1.0,9442.0,-10341.0,-4638.0,7130.0,21.0,2.0,5.0,-5.0,0.0,6.0,8480.0,-12591.0,-2702.0,5541.0,15.0,-2.0,9.0,1.0
2022-05-08 16:17:25.971436-07:00,648.1,776.1,1124.4,950.9,368.5,291.3,911.8,725.8,3469.8,3477.1,1120.9,711.8,534.6,3468.6,1086.0,790.2,3441.9,3446.7,354.5,315.1,319.7,314.4,274.4,257.6,3462.5,3468.6,520.3,375.5,416.8,831.1,636.7,407.5,5.0,1.0,-1.0,9452.0,-10332.0,-4637.0,7131.0,43.0,-13.0,-22.0,-5.0,6.0,3.0,8492.0,-12580.0,-2701.0,5548.0,53.0,-23.0,-9.0,1.0
2022-05-08 16:17:25.973824-07:00,646.5,771.1,1118.2,950.0,368.5,291.3,911.8,720.8,3472.2,3480.7,1108.6,711.0,534.6,3468.6,1086.0,790.2,3452.8,3446.7,354.5,315.1,320.5,315.1,275.2,256.1,3469.8,3468.6,520.3,375.5,416.8,828.5,635.1,417.6,2.0,-14.0,0.0,9454.0,-10329.0,-4638.0,7131.0,-14.0,-1.0,23.0,-7.0,-4.0,5.0,8491.0,-12580.0,-2702.0,5549.0,-31.0,7.0,5.0,1.0
2022-05-08 16:17:26.091608-07:00,644.9,771.1,1118.2,950.0,371.6,290.5,912.7,720.8,3480.7,3480.7,1108.6,711.0,533.0,3471.0,1083.4,790.2,3452.8,3451.6,357.6,318.2,320.5,315.1,275.2,256.1,3469.8,3466.1,523.4,373.9,416.8,828.5,635.1,409.0,4.0,13.0,0.0,9452.0,-10331.0,-4632.0,7136.0,7.0,1.0,-10.0,-5.0,-2.0,8.0,8490.0,-12580.0,-2702.0,5550.0,2.0,-8.0,2.0,1.0
2022-05-08 16:17:26.093592-07:00,644.9,767.8,1114.7,943.2,371.6,290.5,912.7,720.8,3480.7,3474.6,1098.2,712.6,533.0,3471.0,1083.4,787.7,3450.4,3451.6,357.6,318.2,320.5,315.9,271.4,256.1,3478.3,3466.1,523.4,373.9,416.8,825.2,637.6,409.0,6.0,1.0,-1.0,9462.0,-10320.0,-4635.0,7137.0,15.0,-7.0,-15.0,-5.0,6.0,2.0,8501.0,-12570.0,-2702.0,5556.0,37.0,-16.0,-10.0,1.0
2022-05-08 16:17:26.151574-07:00,648.9,767.8,1114.7,943.2,369.3,296.7,916.9,720.8,3472.2,3474.6,1098.2,712.6,533.8,3474.6,1082.5,787.7,3450.4,3458.9,360.0,318.2,320.5,315.9,271.4,260.7,3478.3,3467.4,520.3,380.9,416.8,825.2,637.6,412.9,6.0,-2.0,1.0,9461.0,-10321.0,-4635.0,7136.0,0.0,10.0,19.0,-6.0,-4.0,4.0,8500.0,-12571.0,-2704.0,5555.0,-11.0,2.0,8.0,1.0
2022-05-08 16:17:26.211562-07:00,648.9,765.3,1106.0,947.5,369.3,296.7,916.9,720.8,3472.2,3466.1,1108.6,711.0,533.8,3474.6,1082.5,786.9,3445.5,3458.9,360.0,318.2,324.4,321.3,272.9,260.7,3469.8,3467.4,520.3,380.9,411.4,825.2,628.6,412.9,-1.0,3.0,-1.0,9461.0,-10324.0,-4632.0,7134.0,15.0,-6.0,-16.0,-7.0,-3.0,12.0,8498.0,-12572.0,-2705.0,5555.0,2.0,0.0,-5.0,1.0
2022-05-08 16:17:26.242467-07:00,644.9,765.3,1106.0,947.5,360.7,290.5,915.2,720.8,3478.3,3466.1,1108.6,711.0,534.6,3480.7,1085.1,786.9,3445.5,3446.7,358.4,318.2,324.4,321.3,272.9,259.9,3469.8,3473.4,518.7,373.2,411.4,825.2,628.6,405.9,4.0,-2.0,0.0,9466.0,-10320.0,-4635.0,7130.0,-5.0,5.0,-6.0,-7.0,0.0,4.0,8502.0,-12570.0,-2705.0,5554.0,2.0,2.0,-7.0,1.0
2022-05-08 16:17:26.271565-07:00,644.9,765.3,1105.1,941.5,360.7,290.5,910.1,719.2,3478.3,3466.1,1120.0,711.0,534.6,3480.7,1088.6,789.4,3450.4,3446.7,358.4,318.2,325.1,315.9,271.4,259.9,3473.4,3467.4,518.7,373.2,414.5,830.2,627.0,405.9,3.0,0.0,2.0,9465.0,-10321.0,-4634.0,7131.0,-6.0,-3.0,20.0,-7.0,0.0,7.0,8501.0,-12570.0,-2705.0,5554.0,-9.0,6.0,9.0,1.0
2022-05-08 16:17:26.331564-07:00,647.3,765.3,1105.1,941.5,360.7,292.1,910.1,719.2,3474.6,3471.0,1120.0,711.0,533.8,3473.4,1088.6,789.4,3450.4,3446.7,358.4,311.3,325.1,315.9,270.6,257.6,3473.4,3467.4,518.7,374.7,414.5,830.2,632.7,409.0,6.0,6.0,2.0,9463.0,-10320.0,-4633.0,7135.0,19.0,5.0,-7.0,-7.0,0.0,4.0,8503.0,-12568.0,-2705.0,5555.0,23.0,-11.0,-7.0,1.0
2022-05-08 16:17:26.392333-07:00,647.3,765.3,1099.0,942.4,360.7,292.1,910.1,718.4,3474.6,3471.0,1097.3,712.6,533.8,3473.4,1080.8,787.7,3443.1,3444.3,358.4,311.3,319.7,316.7,270.6,257.6,3464.9,3463.7,518.7,374.7,417.6,824.4,632.7,409.0,3.0,-7.0,1.0,9468.0,-10317.0,-4633.0,7134.0,1.0,-4.0,-1.0,-7.0,-3.0,6.0,8506.0,-12566.0,-2704.0,5556.0,-5.0,-5.0,-4.0,1.0
2022-05-08 16:17:26.481559-07:00,644.0,765.3,1099.0,942.4,367.7,289.8,910.1,718.4,3477.1,3468.6,1097.3,712.6,534.6,3477.1,1080.8,787.7,3443.1,3444.3,354.5,324.4,319.7,316.7,274.4,256.1,3464.9,3463.7,520.3,377.0,417.6,824.4,635.1,409.8,6.0,-1.0,8.0,9467.0,-10318.0,-4630.0,7135.0,-2.0,17.0,11.0,-5.0,-6.0,4.0,8502.0,-12569.0,-2706.0,5555.0,-15.0,8.0,5.0,1.0
2022-05-08 16:17:26.483399-07:00,644.0,765.3,1092.1,947.5,367.7,289.8,896.6,724.1,3477.1,3468.6,1103.4,716.7,534.6,3477.1,1079.9,786.9,3438.2,3440.7,354.5,324.4,317.4,318.2,274.4,256.1,3461.3,3460.1,520.3,377.0,418.4,827.7,635.1,409.8,4.0,7.0,-7.0,9468.0,-10320.0,-4627.0,7132.0,-4.0,4.0,-10.0,-7.0,3.0,3.0,8502.0,-12569.0,-2706.0,5555.0,2.0,0.0,-3.0,1.0
2022-05-08 16:17:26.541538-07:00,649.7,759.6,1092.1,947.5,369.3,305.1,896.6,724.1,3480.7,3478.3,1103.4,716.7,535.4,3467.4,1079.9,786.9,3438.2,3440.7,353.7,317.4,317.4,318.2,274.4,257.6,3461.3,3460.1,515.5,378.6,418.4,827.7,631.9,408.2,5.0,0.0,-1.0,9471.0,-10319.0,-4626.0,7131.0,0.0,3.0,6.0,-5.0,4.0,4.0,8505.0,-12567.0,-2705.0,5555.0,12.0,-4.0,-1.0,1.0
2022-05-08 16:17:26.571998-07:00,649.7,759.6,1092.9,956.8,369.3,292.1,910.1,714.2,3480.7,3478.3,1103.4,716.7,535.4,3467.4,1087.7,786.1,3454.0,3449.1,354.5,317.4,324.4,319.0,274.4,257.6,3461.3,3462.5,513.9,378.6,415.3,830.2,631.9,408.2,10.0,8.0,-6.0,9469.0,-10321.0,-4626.0,7132.0,-6.0,-7.0,3.0,-4.0,7.0,1.0,8505.0,-12567.0,-2704.0,5555.0,-8.0,-3.0,0.0,1.0
2022-05-08 16:17:26.631999-07:00,643.2,761.2,1094.7,956.8,364.6,292.1,910.1,714.2,3477.1,3478.3,1113.9,716.7,537.8,3467.4,1087.7,786.1,3454.0,3449.1,354.5,313.6,324.4,315.1,268.3,260.7,3461.3,3462.5,513.9,380.9,415.3,827.7,633.5,404.3,5.0,-3.0,8.0,9469.0,-10319.0,-4628.0,7131.0,9.0,12.0,-13.0,-10.0,-4.0,3.0,8505.0,-12567.0,-2706.0,5554.0,11.0,-7.0,-11.0,1.0
2022-05-08 16:17:26.691568-07:00,643.2,761.2,1094.7,946.6,364.6,285.9,909.3,716.7,3477.1,3478.3,1113.9,711.8,537.8,3464.9,1080.8,788.6,3444.3,3449.1,354.5,313.6,321.3,315.1,268.3,260.7,3463.7,3457.6,518.7,380.9,418.4,827.7,633.5,404.3,3.0,0.0,4.0,9471.0,-10320.0,-4627.0,7130.0,-10.0,-2.0,8.0,-5.0,-2.0,7.0,8507.0,-12566.0,-2707.0,5553.0,-3.0,4.0,6.0,1.0
2022-05-08 16:17:26.721541-07:00,643.2,758.7,1092.1,946.6,369.3,285.9,909.3,716.7,3475.9,3461.3,1101.7,711.8,535.4,3464.9,1080.8,788.6,3444.3,3449.1,354.5,315.1,321.3,318.2,268.3,259.9,3463.7,3457.6,518.7,375.5,418.4,828.5,638.4,406.7,6.0,1.0,-3.0,9468.0,-10323.0,-4627.0,7130.0,1.0,8.0,2.0,-6.0,0.0,0.0,8504.0,-12568.0,-2707.0,5553.0,-3.0,-1.0,1.0,1.0
2022-05-08 16:17:26.781495-07:00,643.2,758.7,1092.1,943.2,369.3,295.1,904.2,718.4,3475.9,3461.3,1101.7,713.4,535.4,3469.8,1084.2,791.9,3447.9,3449.1,358.4,315.1,326.7,318.2,268.3,259.9,3474.6,3468.6,517.1,375.5,416.8,828.5,638.4,406.7,5.0,-2.0,-1.0,9468.0,-10322.0,-4629.0,7128.0,-12.0,-4.0,-12.0,-7.0,0.0,2.0,8503.0,-12568.0,-2708.0,5553.0,-17.0,3.0,-5.0,1.0
2022-05-08 16:17:26.841588-07:00,643.2,762.0,1085.1,943.2,363.8,295.1,904.2,718.4,3474.6,3467.4,1098.2,713.4,534.6,3469.8,1084.2,791.9,3447.9,3449.1,358.4,315.9,326.7,315.1,268.3,259.2,3474.6,3468.6,517.1,375.5,416.8,827.7,629.5,412.1,7.0,-3.0,7.0,9468.0,-10321.0,-4632.0,7129.0,15.0,-8.0,-1.0,-5.0,0.0,4.0,8500.0,-12570.0,-2709.0,5553.0,7.0,-8.0,-1.0,1.0
2022-05-08 16:17:26.871560-07:00,643.2,762.0,1085.1,945.8,363.8,288.2,912.7,722.5,3474.6,3467.4,1098.2,713.4,534.6,3471.0,1077.3,795.2,3444.3,3440.7,358.4,315.9,321.3,315.1,268.3,259.2,3466.1,3467.4,514.7,375.5,418.4,827.7,629.5,412.1,2.0,1.0,0.0,9469.0,-10320.0,-4631.0,7129.0,-3.0,-4.0,-10.0,-9.0,-3.0,8.0,8500.0,-12570.0,-2709.0,5553.0,-9.0,0.0,-7.0,1.0
2022-05-08 16:17:26.932019-07:00,641.6,760.4,1087.7,945.8,365.4,288.2,912.7,722.5,3464.9,3479.5,1099.0,706.9,541.0,3471.0,1077.3,795.2,3444.3,3440.7,358.4,318.2,322.8,314.4,272.9,258.4,3466.1,3467.4,514.7,373.2,416.1,828.5,635.9,407.5,3.0,2.0,7.0,9473.0,-10320.0,-4630.0,7125.0,3.0,23.0,-16.0,-7.0,2.0,7.0,8502.0,-12569.0,-2708.0,5553.0,11.0,-3.0,-8.0,1.0
2022-05-08 16:17:26.991601-07:00,641.6,760.4,1087.7,945.8,365.4,290.5,904.2,719.2,3464.9,3479.5,1099.0,706.9,534.6,3466.1,1078.2,784.4,3449.1,3447.9,353.7,317.4,322.8,314.4,272.9,258.4,3468.6,3463.7,525.0,372.4,416.1,828.5,635.9,407.5,6.0,-11.0,1.0,9473.0,-10323.0,-4631.0,7119.0,-1.0,-9.0,1.0,-9.0,-10.0,6.0,8498.0,-12573.0,-2709.0,5550.0,-21.0,11.0,4.0,1.0
2022-05-08 16:17:27.021903-07:00,640.0,759.6,1092.9,949.2,365.4,290.5,904.2,719.2,3467.4,3473.4,1095.6,714.2,534.6,3466.1,1078.2,784.4,3449.1,3447.9,353.7,317.4,324.4,319.0,276.0,258.4,3468.6,3463.7,525.0,372.4,418.4,831.1,632.7,411.4,5.0,6.0,-6.0,9473.0,-10323.0,-4630.0,7120.0,-16.0,1.0,1.0,-7.0,-3.0,6.0,8499.0,-12572.0,-2708.0,5551.0,4.0,-5.0,4.0,1.0
2022-05-08 16:17:27.081375-07:00,640.0,759.6,1092.9,949.2,367.7,292.1,905.0,714.2,3467.4,3473.4,1095.6,714.2,536.2,3469.8,1081.6,788.6,3450.4,3455.2,361.5,319.7,324.4,319.0,276.0,258.4,3468.6,3468.6,516.3,380.9,418.4,831.1,632.7,411.4,4.0,5.0,-1.0,9475.0,-10321.0,-4629.0,7121.0,9.0,1.0,-8.0,-6.0,-1.0,9.0,8502.0,-12570.0,-2707.0,5551.0,17.0,-7.0,-7.0,1.0
2022-05-08 16:17:27.141768-07:00,643.2,753.8,1079.9,944.9,367.7,292.1,905.0,714.2,3483.2,3478.3,1098.2,712.6,536.2,3469.8,1081.6,788.6,3450.4,3455.2,361.5,319.7,322.1,317.4,270.6,257.6,3468.6,3468.6,516.3,380.9,417.6,824.4,633.5,407.5,9.0,-3.0,8.0,9476.0,-10321.0,-4630.0,7120.0,-11.0,-1.0,-1.0,-6.0,-5.0,5.0,8501.0,-12570.0,-2707.0,5551.0,-13.0,2.0,-1.0,1.0
2022-05-08 16:17:27.172062-07:00,643.2,753.8,1079.9,944.9,366.2,286.7,905.9,718.4,3483.2,3478.3,1098.2,712.6,533.8,3474.6,1077.3,798.5,3452.8,3449.1,354.5,314.4,322.1,317.4,270.6,257.6,3466.1,3478.3,515.5,372.4,417.6,824.4,633.5,407.5,3.0,-3.0,2.0,9471.0,-10327.0,-4632.0,7116.0,-12.0,7.0,3.0,-8.0,-11.0,8.0,8495.0,-12577.0,-2708.0,5546.0,-14.0,12.0,4.0,1.0
2022-05-08 16:17:27.291699-07:00,644.9,752.1,1077.3,940.7,366.2,286.7,905.9,724.1,3474.6,3467.4,1092.9,710.1,533.8,3474.6,1077.3,791.9,3452.8,3449.1,354.5,314.4,322.8,319.7,274.4,261.4,3468.6,3478.3,515.5,372.4,416.1,818.5,623.0,406.7,5.0,-3.0,0.0,9471.0,-10327.0,-4632.0,7116.0,-2.0,-4.0,-8.0,-6.0,-2.0,3.0,8495.0,-12577.0,-2708.0,5546.0,-7.0,2.0,-1.0,1.0
2022-05-08 16:17:27.294213-07:00,647.3,752.1,1077.3,940.7,363.8,293.6,907.6,724.1,3473.4,3467.4,1092.9,710.1,532.2,3475.9,1082.5,791.9,3452.8,3435.8,360.0,312.8,322.8,319.7,274.4,259.9,3468.6,3458.9,514.7,377.8,416.1,818.5,623.0,411.4,0.0,3.0,-4.0,9475.0,-10324.0,-4629.0,7117.0,-7.0,10.0,-2.0,-6.0,0.0,2.0,8498.0,-12575.0,-2707.0,5547.0,0.0,-3.0,-3.0,1.0
2022-05-08 16:17:27.321597-07:00,647.3,752.1,1085.1,939.8,363.8,293.6,907.6,716.7,3473.4,3464.9,1096.4,707.7,532.2,3475.9,1082.5,791.9,3443.1,3435.8,360.0,312.8,325.1,311.3,270.6,259.9,3463.7,3458.9,514.7,377.8,419.2,822.7,632.7,411.4,2.0,0.0,1.0,9473.0,-10325.0,-4631.0,7117.0,3.0,-18.0,3.0,-7.0,0.0,8.0,8497.0,-12576.0,-2707.0,5546.0,6.0,-3.0,0.0,1.0
2022-05-08 16:17:27.412394-07:00,641.6,752.1,1085.1,939.8,364.6,286.7,905.0,716.7,3475.9,3464.9,1096.4,707.7,533.8,3467.4,1083.4,791.9,3443.1,3447.9,357.6,319.0,325.1,311.3,270.6,259.9,3463.7,3471.0,511.5,384.8,419.2,822.7,632.7,405.1,5.0,-2.0,5.0,9472.0,-10324.0,-4632.0,7118.0,-2.0,10.0,-3.0,-5.0,-4.0,3.0,8497.0,-12576.0,-2707.0,5546.0,-4.0,1.0,-4.0,1.0
2022-05-08 16:17:27.471472-07:00,641.6,751.3,1086.0,945.8,364.6,286.7,905.0,711.8,3475.9,3468.6,1101.7,713.4,533.8,3467.4,1083.4,787.7,3452.8,3447.9,357.6,319.0,323.6,315.1,275.2,259.9,3462.5,3471.0,511.5,384.8,416.1,826.0,630.3,405.1,1.0,-3.0,3.0,9470.0,-10327.0,-4634.0,7117.0,-9.0,-3.0,1.0,-12.0,-3.0,8.0,8493.0,-12578.0,-2709.0,5545.0,3.0,-1.0,3.0,1.0
2022-05-08 16:17:27.473315-07:00,643.2,751.3,1086.0,945.8,363.8,291.3,898.3,711.8,3475.9,3468.6,1101.7,713.4,534.6,3473.4,1079.0,787.7,3452.8,3441.9,356.1,311.3,323.6,315.1,275.2,263.0,3462.5,3462.5,515.5,375.5,416.1,826.0,630.3,411.4,6.0,4.0,-1.0,9471.0,-10326.0,-4633.0,7117.0,-13.0,-6.0,-1.0,-5.0,3.0,7.0,8493.0,-12578.0,-2709.0,5545.0,-22.0,5.0,2.0,1.0
2022-05-08 16:17:27.532074-07:00,643.2,744.7,1077.3,951.7,363.8,291.3,898.3,710.1,3475.9,3474.6,1096.4,703.6,534.6,3473.4,1079.0,790.2,3455.2,3441.9,356.1,311.3,319.7,314.4,274.4,263.0,3466.1,3462.5,515.5,375.5,410.6,826.9,633.5,411.4,2.0,1.0,0.0,9469.0,-10328.0,-4634.0,7116.0,-1.0,-2.0,4.0,-8.0,-2.0,7.0,8490.0,-12580.0,-2710.0,5545.0,-2.0,-4.0,2.0,1.0
2022-05-08 16:17:27.621355-07:00,639.2,755.4,1077.3,951.7,362.3,291.3,898.3,710.1,3467.4,3464.9,1096.4,703.6,536.2,3469.8,1084.2,790.2,3455.2,3454.0,355.3,318.2,319.7,314.4,276.0,261.4,3466.1,3466.1,511.5,375.5,410.6,826.9,631.9,407.5,5.0,-1.0,4.0,9468.0,-10326.0,-4636.0,7118.0,1.0,-1.0,-7.0,-6.0,-5.0,5.0,8490.0,-12580.0,-2710.0,5545.0,6.0,-4.0,-6.0,1.0
2022-05-08 16:17:27.623351-07:00,639.2,755.4,1079.0,946.6,362.3,291.3,909.3,717.5,3467.4,3464.9,1098.2,713.4,536.2,3469.8,1076.4,790.2,3440.7,3446.7,355.3,318.2,323.6,320.5,276.0,261.4,3455.2,3464.9,511.5,375.5,416.1,823.5,631.9,407.5,4.0,-1.0,3.0,9467.0,-10327.0,-4635.0,7119.0,2.0,7.0,13.0,-6.0,-7.0,6.0,8490.0,-12580.0,-2710.0,5545.0,-4.0,3.0,5.0,1.0
2022-05-08 16:17:27.681499-07:00,639.2,748.8,1079.0,946.6,364.6,289.0,909.3,717.5,3473.4,3474.6,1098.2,713.4,533.8,3467.4,1076.4,790.2,3440.7,3446.7,360.0,319.0,323.6,320.5,269.1,261.4,3455.2,3464.9,518.7,375.5,416.1,823.5,627.0,411.4,5.0,2.0,-1.0,9466.0,-10328.0,-4634.0,7120.0,6.0,-5.0,-6.0,-6.0,0.0,4.0,8490.0,-12580.0,-2710.0,5545.0,9.0,2.0,-5.0,1.0
2022-05-08 16:17:27.741568-07:00,639.2,748.8,1077.3,942.4,364.6,289.0,898.3,711.0,3473.4,3474.6,1095.6,716.7,533.8,3467.4,1076.4,793.5,3438.2,3438.2,360.0,319.0,322.8,313.6,269.1,261.4,3458.9,3464.9,518.7,375.5,416.8,821.9,627.0,411.4,3.0,-5.0,-2.0,9466.0,-10327.0,-4635.0,7119.0,3.0,0.0,0.0,-8.0,-3.0,3.0,8492.0,-12579.0,-2709.0,5545.0,8.0,-7.0,-2.0,1.0
2022-05-08 16:17:27.801728-07:00,641.6,747.2,1077.3,942.4,364.6,290.5,898.3,711.0,3472.2,3469.8,1095.6,716.7,537.8,3478.3,1076.4,793.5,3438.2,3438.2,360.0,318.2,322.8,313.6,271.4,259.9,3458.9,3464.9,510.7,380.2,416.8,821.9,632.7,411.4,6.0,1.0,0.0,9465.0,-10329.0,-4636.0,7119.0,-11.0,-3.0,5.0,-7.0,-4.0,4.0,8491.0,-12580.0,-2710.0,5545.0,1.0,-1.0,1.0,1.0
2022-05-08 16:17:27.831511-07:00,641.6,747.2,1062.5,945.8,364.6,290.5,897.4,712.6,3472.2,3469.8,1095.6,711.0,537.8,3478.3,1077.3,786.9,3449.1,3445.5,360.0,318.2,315.9,314.4,271.4,259.9,3457.6,3456.4,510.7,380.2,415.3,824.4,632.7,411.4,3.0,-1.0,2.0,9465.0,-10329.0,-4636.0,7119.0,-9.0,1.0,1.0,-7.0,-3.0,6.0,8490.0,-12580.0,-2710.0,5545.0,-11.0,1.0,1.0,1.0
2022-05-08 16:17:27.891793-07:00,643.2,749.6,1070.3,945.8,363.8,289.8,897.4,712.6,3478.3,3474.6,1101.7,711.0,534.6,3480.7,1077.3,786.9,3449.1,3445.5,357.6,318.2,315.9,315.1,269.1,257.6,3457.6,3456.4,515.5,372.4,415.3,826.9,625.4,410.6,3.0,5.0,-2.0,9466.0,-10327.0,-4635.0,7119.0,-1.0,2.0,-2.0,-8.0,-2.0,5.0,8489.0,-12581.0,-2711.0,5545.0,-12.0,6.0,-1.0,1.0
2022-05-08 16:17:27.921658-07:00,643.2,749.6,1070.3,946.6,363.8,290.5,898.3,720.8,3478.3,3474.6,1101.7,708.5,534.6,3478.3,1084.2,793.5,3449.1,3441.9,354.5,318.2,319.0,315.1,269.1,257.6,3464.9,3473.4,513.1,372.4,416.8,826.9,625.4,410.6,7.0,0.0,2.0,9466.0,-10327.0,-4635.0,7119.0,18.0,9.0,4.0,-4.0,-2.0,6.0,8489.0,-12581.0,-2711.0,5544.0,7.0,5.0,0.0,1.0
2022-05-08 16:17:27.981487-07:00,643.2,750.5,1066.0,946.6,362.3,290.5,898.3,720.8,3468.6,3474.6,1093.8,708.5,535.4,3478.3,1084.2,793.5,3449.1,3441.9,354.5,314.4,319.0,315.1,269.1,263.0,3464.9,3473.4,513.1,377.0,416.8,828.5,633.5,407.5,6.0,0.0,2.0,9465.0,-10328.0,-4635.0,7119.0,0.0,-2.0,7.0,-7.0,0.0,9.0,8487.0,-12582.0,-2712.0,5544.0,-2.0,0.0,1.0,1.0
2022-05-08 16:17:28.042004-07:00,643.2,750.5,1066.0,939.0,362.3,285.2,906.7,716.7,3468.6,3474.6,1093.8,713.4,535.4,3467.4,1077.3,795.2,3452.8,3450.4,361.5,314.4,319.0,315.1,269.1,263.0,3460.1,3462.5,515.5,377.0,415.3,828.5,633.5,407.5,4.0,2.0,-2.0,9467.0,-10325.0,-4637.0,7120.0,-5.0,-12.0,-12.0,-9.0,0.0,6.0,8488.0,-12582.0,-2711.0,5544.0,-11.0,1.0,-5.0,1.0
2022-05-08 16:17:28.071604-07:00,636.7,750.5,1070.3,939.0,367.7,285.2,906.7,716.7,3471.0,3477.1,1093.8,713.4,535.4,3467.4,1077.3,795.2,3452.8,3450.4,361.5,318.2,319.0,318.2,276.7,256.9,3460.1,3462.5,515.5,378.6,415.3,824.4,629.5,411.4,6.0,2.0,5.0,9470.0,-10323.0,-4635.0,7120.0,19.0,14.0,6.0,-7.0,-4.0,4.0,8490.0,-12581.0,-2710.0,5545.0,15.0,-7.0,0.0,1.0
2022-05-08 16:17:28.131582-07:00,636.7,750.5,1070.3,945.8,367.7,290.5,899.1,722.5,3471.0,3477.1,1093.8,715.9,535.4,3473.4,1069.5,791.9,3447.9,3439.5,355.3,318.2,322.8,318.2,276.7,256.9,3463.7,3447.9,509.9,378.6,416.8,824.4,629.5,411.4,5.0,-3.0,0.0,9468.0,-10325.0,-4637.0,7119.0,-14.0,-12.0,3.0,-7.0,-3.0,7.0,8488.0,-12582.0,-2711.0,5544.0,-9.0,1.0,3.0,1.0
2022-05-08 16:17:28.161840-07:00,645.7,744.7,1072.9,943.2,363.8,290.5,899.1,722.5,3474.6,3462.5,1101.7,706.9,537.8,3473.4,1069.5,791.9,3447.9,3439.5,355.3,318.2,322.8,318.2,272.1,263.0,3463.7,3447.9,509.9,377.0,416.8,828.5,628.6,409.8,2.0,-2.0,2.0,9468.0,-10323.0,-4638.0,7121.0,3.0,6.0,1.0,-10.0,-4.0,3.0,8489.0,-12581.0,-2711.0,5544.0,1.0,-6.0,-3.0,1.0
2022-05-08 16:17:28.221649-07:00,645.7,744.7,1072.9,943.2,365.4,293.6,900.0,715.9,3474.6,3462.5,1101.7,706.9,533.0,3480.7,1092.9,784.4,3447.9,3458.9,354.5,317.4,322.8,318.2,272.1,263.0,3460.1,3457.6,513.1,378.6,416.8,828.5,628.6,409.8,5.0,5.0,-1.0,9468.0,-10323.0,-4638.0,7121.0,-3.0,-7.0,3.0,-6.0,3.0,7.0,8489.0,-12581.0,-2711.0,5545.0,-2.0,-2.0,-1.0,1.0
2022-05-08 16:17:28.281502-07:00,639.2,751.3,1066.0,933.9,365.4,293.6,900.0,715.9,3464.9,3471.0,1095.6,708.5,533.0,3480.7,1092.9,784.4,3447.9,3458.9,354.5,317.4,316.7,318.2,270.6,258.4,3460.1,3457.6,513.1,378.6,419.2,828.5,635.9,405.9,3.0,-1.0,2.0,9466.0,-10322.0,-4641.0,7123.0,11.0,-3.0,4.0,-6.0,-5.0,6.0,8488.0,-12582.0,-2711.0,5544.0,12.0,-7.0,-2.0,1.0
2022-05-08 16:17:28.341892-07:00,639.2,751.3,1066.0,933.9,365.4,291.3,898.3,724.1,3464.9,3471.0,1095.6,708.5,537.8,3469.8,1078.2,791.9,3443.1,3449.1,355.3,316.7,316.7,318.2,270.6,258.4,3473.4,3467.4,512.3,380.2,419.2,828.5,635.9,405.9,3.0,1.0,4.0,9467.0,-10322.0,-4640.0,7124.0,1.0,2.0,-4.0,-9.0,2.0,11.0,8489.0,-12581.0,-2711.0,5544.0,0.0,-1.0,-3.0,1.0
2022-05-08 16:17:28.371466-07:00,642.4,744.7,1055.6,941.5,365.4,291.3,898.3,724.1,3464.9,3471.0,1088.6,703.6,537.8,3469.8,1078.2,791.9,3443.1,3449.1,355.3,316.7,320.5,315.1,272.1,256.1,3473.4,3467.4,512.3,380.2,420.0,826.9,627.8,408.2,8.0,-4.0,0.0,9468.0,-10321.0,-4640.0,7124.0,-8.0,-4.0,4.0,-4.0,0.0,9.0,8490.0,-12580.0,-2710.0,5545.0,-9.0,6.0,2.0,1.0
2022-05-08 16:17:28.431527-07:00,642.4,744.7,1055.6,941.5,357.6,287.5,897.4,717.5,3464.9,3471.0,1088.6,703.6,530.6,3466.1,1080.8,790.2,3450.4,3450.4,359.2,315.1,320.5,315.1,272.1,256.1,3458.9,3460.1,517.9,377.0,420.0,826.9,627.8,408.2,4.0,2.0,0.0,9463.0,-10324.0,-4641.0,7124.0,-1.0,-10.0,7.0,-7.0,-8.0,10.0,8485.0,-12584.0,-2712.0,5544.0,-6.0,-3.0,1.0,1.0
2022-05-08 16:17:28.491644-07:00,633.5,741.4,1060.8,947.5,357.6,287.5,897.4,717.5,3473.4,3467.4,1086.8,715.9,530.6,3466.1,1080.8,790.2,3450.4,3450.4,359.2,315.1,319.0,312.8,272.1,256.1,3458.9,3460.1,517.9,377.0,414.5,823.5,630.3,403.5,3.0,3.0,3.0,9466.0,-10321.0,-4639.0,7126.0,21.0,-6.0,-8.0,-5.0,3.0,10.0,8489.0,-12579.0,-2712.0,5547.0,18.0,-10.0,-5.0,1.0
2022-05-08 16:17:28.521888-07:00,645.7,741.4,1060.8,947.5,367.7,290.5,899.1,712.6,3480.7,3467.4,1086.8,715.9,535.4,3471.0,1081.6,787.7,3446.7,3447.9,358.4,316.7,319.0,312.8,272.1,263.7,3457.6,3463.7,509.1,373.2,414.5,823.5,630.3,408.2,5.0,-4.0,5.0,9462.0,-10323.0,-4644.0,7126.0,-16.0,-5.0,3.0,-5.0,-3.0,8.0,8483.0,-12584.0,-2714.0,5545.0,-24.0,9.0,1.0,1.0
2022-05-08 16:17:28.581450-07:00,645.7,746.3,1058.2,948.3,367.7,290.5,899.1,715.9,3480.7,3463.7,1098.2,709.3,535.4,3471.0,1081.6,789.4,3451.6,3447.9,358.4,316.7,322.8,318.2,275.2,263.7,3463.7,3463.7,509.1,373.2,418.4,821.0,629.5,408.2,4.0,0.0,-2.0,9459.0,-10325.0,-4645.0,7125.0,-22.0,-3.0,3.0,-3.0,5.0,9.0,8476.0,-12591.0,-2715.0,5540.0,-49.0,29.0,3.0,1.0
2022-05-08 16:17:28.762475-07:00,639.2,746.3,1058.2,948.3,362.3,286.7,900.0,715.9,3462.5,3463.7,1098.2,709.3,527.4,3469.8,1079.9,789.4,3451.6,3443.1,354.5,317.4,322.8,318.2,275.2,256.1,3463.7,3468.6,505.1,378.6,418.4,821.0,629.5,404.3,4.0,14.0,-10.0,9443.0,-10339.0,-4647.0,7126.0,-69.0,-6.0,48.0,-2.0,10.0,7.0,8449.0,-12618.0,-2719.0,5516.0,-143.0,77.0,-12.0,1.0
2022-05-08 16:17:28.764806-07:00,639.2,744.7,1088.6,943.2,362.3,286.7,900.0,711.8,3462.5,3472.2,1098.2,710.1,527.4,3469.8,1079.9,788.6,3445.5,3443.1,354.5,317.4,319.7,316.7,269.1,256.1,3461.3,3468.6,505.1,378.6,414.5,820.2,634.3,404.3,10.0,0.0,18.0,9396.0,-10379.0,-4667.0,7116.0,-157.0,3.0,15.0,-5.0,-12.0,2.0,8363.0,-12707.0,-2743.0,5431.0,-362.0,172.0,-57.0,1.0
2022-05-08 16:17:28.766333-07:00,643.2,744.7,1088.6,943.2,364.6,290.5,895.7,711.8,3471.0,3472.2,1098.2,710.1,535.4,3469.8,1081.6,788.6,3445.5,3446.7,358.4,318.2,319.7,316.7,269.1,262.2,3461.3,3469.8,512.3,378.6,414.5,820.2,634.3,411.4,-1.0,33.0,-11.0,9355.0,-10395.0,-4711.0,7118.0,-144.0,-104.0,-51.0,-6.0,0.0,1.0,8298.0,-12773.0,-2768.0,5364.0,-359.0,155.0,-65.0,1.0
2022-05-08 16:17:28.767590-07:00,643.2,758.7,1160.3,935.6,364.6,290.5,895.7,718.4,3471.0,3478.3,1090.3,714.2,535.4,3469.8,1081.6,792.7,3454.0,3446.7,358.4,318.2,321.3,319.0,272.9,262.2,3460.1,3469.8,512.3,378.6,417.6,820.2,627.0,411.4,8.0,7.0,-1.0,9332.0,-10386.0,-4782.0,7115.0,-61.0,-110.0,-96.0,-3.0,1.0,2.0,8212.0,-12855.0,-2808.0,5279.0,-270.0,121.0,-87.0,1.0
2022-05-08 16:17:28.821580-07:00,647.3,763.7,1160.3,935.6,364.6,288.2,886.5,718.4,3466.1,3473.4,1090.3,714.2,533.8,3462.5,1081.6,792.7,3454.0,3446.7,356.8,312.0,321.3,319.0,273.7,256.1,3460.1,3455.2,513.1,349.1,417.6,820.2,621.4,409.8,3.0,-23.0,-4.0,9292.0,-10387.0,-4861.0,7111.0,-170.0,-134.0,-44.0,-11.0,0.0,0.0,8125.0,-12935.0,-2851.0,5194.0,-340.0,127.0,-64.0,1.0
2022-05-08 16:17:28.881777-07:00,647.3,763.7,1068.6,934.7,364.6,288.2,883.9,721.6,3466.1,3473.4,1096.4,712.6,533.8,3462.5,1079.9,784.4,3444.3,3449.1,356.8,312.0,322.8,315.9,273.7,256.1,3460.1,3464.9,513.1,349.1,420.8,819.4,621.4,409.8,6.0,-9.0,8.0,9250.0,-10390.0,-4896.0,7138.0,-48.0,-84.0,41.0,-5.0,-1.0,0.0,8056.0,-12996.0,-2879.0,5133.0,-165.0,67.0,-32.0,1.0
2022-05-08 16:17:28.911689-07:00,636.7,771.1,1068.6,934.7,364.6,289.8,883.9,721.6,3468.6,3468.6,1096.4,712.6,537.8,3473.4,1079.9,784.4,3444.3,3449.1,356.1,311.3,322.8,315.9,269.9,254.6,3460.1,3464.9,512.3,373.2,420.8,819.4,620.5,402.8,7.0,31.0,2.0,9216.0,-10399.0,-4941.0,7138.0,-161.0,-89.0,-69.0,-3.0,7.0,14.0,7991.0,-13052.0,-2908.0,5076.0,-328.0,124.0,-76.0,1.0
2022-05-08 16:17:28.971927-07:00,636.7,771.1,1003.0,934.7,364.6,289.8,879.7,706.9,3468.6,3468.6,1084.2,710.1,537.8,3473.4,1098.2,787.7,3441.9,3458.9,356.1,311.3,324.4,319.7,269.9,254.6,3461.3,3462.5,512.3,373.2,416.1,821.9,620.5,402.8,4.0,-19.0,15.0,9175.0,-10418.0,-5007.0,7117.0,-139.0,-15.0,-54.0,-6.0,-11.0,11.0,7894.0,-13132.0,-2951.0,4995.0,-284.0,109.0,-59.0,1.0
2022-05-08 16:17:29.031608-07:00,636.7,794.4,1003.0,934.7,363.8,290.5,879.7,706.9,3467.4,3469.8,1084.2,710.1,532.2,3469.8,1098.2,787.7,3441.9,3458.9,357.6,314.4,324.4,319.7,275.2,256.9,3461.3,3462.5,513.1,373.2,416.1,821.9,616.5,398.1,-3.0,6.0,-12.0,9120.0,-10457.0,-5076.0,7082.0,-275.0,-72.0,-95.0,-6.0,-11.0,0.0,7796.0,-13212.0,-2991.0,4916.0,-393.0,124.0,-70.0,1.0
2022-05-08 16:17:29.061657-07:00,636.7,794.4,955.1,929.6,363.8,290.5,879.7,709.3,3467.4,3469.8,1072.1,711.0,532.2,3469.8,1079.0,784.4,3449.1,3447.9,357.6,314.4,318.2,315.1,275.2,256.9,3460.1,3464.9,513.1,373.2,414.5,815.2,616.5,398.1,11.0,-24.0,11.0,9066.0,-10482.0,-5159.0,7053.0,-168.0,-51.0,-64.0,-21.0,-11.0,-2.0,7686.0,-13295.0,-3043.0,4831.0,-270.0,95.0,-77.0,1.0
2022-05-08 16:17:29.151695-07:00,653.8,803.5,955.1,929.6,366.9,293.6,879.7,709.3,3467.4,3458.9,1072.1,711.0,530.6,3462.5,1079.0,784.4,3449.1,3447.9,355.3,312.8,318.2,315.1,274.4,253.8,3460.1,3464.9,514.7,378.6,414.5,815.2,618.1,410.6,0.0,-17.0,3.0,9029.0,-10508.0,-5185.0,7043.0,-108.0,1.0,45.0,-13.0,-11.0,0.0,7618.0,-13347.0,-3077.0,4774.0,-145.0,58.0,-35.0,1.0
2022-05-08 16:17:29.181462-07:00,653.8,803.5,910.1,931.3,366.9,293.6,875.5,708.5,3467.4,3458.9,1059.1,712.6,530.6,3474.6,1077.3,791.0,3444.3,3444.3,358.4,312.8,322.8,315.9,274.4,253.8,3457.6,3466.1,520.3,378.6,417.6,816.9,618.1,410.6,11.0,12.0,7.0,8999.0,-10535.0,-5194.0,7035.0,-63.0,-7.0,-2.0,-4.0,-5.0,10.0,7576.0,-13380.0,-3095.0,4738.0,-113.0,41.0,-33.0,1.0
2022-05-08 16:17:29.241795-07:00,651.4,812.7,887.3,931.3,368.5,293.6,875.5,708.5,3475.9,3467.4,1048.7,712.6,530.6,3474.6,1077.3,791.0,3444.3,3444.3,358.4,315.9,322.8,319.0,278.3,259.2,3457.6,3466.1,520.3,377.8,417.6,819.4,614.1,405.9,6.0,-10.0,5.0,8999.0,-10540.0,-5201.0,7022.0,-9.0,23.0,-22.0,-5.0,-2.0,-2.0,7551.0,-13400.0,-3108.0,4712.0,-69.0,31.0,-21.0,1.0
2022-05-08 16:17:29.271721-07:00,651.4,812.7,887.3,939.0,368.5,286.7,869.6,706.9,3475.9,3467.4,1048.7,719.2,530.6,3473.4,1078.2,785.2,3440.7,3455.2,356.1,315.9,325.1,319.0,278.3,259.2,3468.6,3463.7,521.8,377.8,414.5,819.4,614.1,405.9,0.0,-7.0,2.0,8996.0,-10552.0,-5193.0,7014.0,-19.0,24.0,13.0,-2.0,0.0,9.0,7529.0,-13418.0,-3112.0,4691.0,-67.0,36.0,-5.0,1.0
2022-05-08 16:17:29.331539-07:00,654.6,820.2,873.0,939.0,367.7,286.7,869.6,706.9,3471.0,3464.9,1054.8,719.2,530.6,3473.4,1078.2,785.2,3440.7,3455.2,356.1,312.8,325.1,320.5,273.7,253.1,3468.6,3463.7,521.8,380.2,414.5,817.7,613.3,406.7,-1.0,19.0,1.0,9005.0,-10548.0,-5194.0,7007.0,11.0,16.0,-49.0,-4.0,-1.0,12.0,7520.0,-13426.0,-3115.0,4684.0,-32.0,15.0,-13.0,1.0
2022-05-08 16:17:29.361799-07:00,654.6,820.2,873.0,930.5,367.7,287.5,862.1,706.0,3471.0,3464.9,1054.8,715.9,530.6,3471.0,1072.1,790.2,3454.0,3454.0,355.3,312.8,322.1,320.5,273.7,253.1,3466.1,3458.9,525.0,380.2,419.2,817.7,613.3,406.7,3.0,-3.0,0.0,9022.0,-10536.0,-5199.0,7000.0,1.0,23.0,-18.0,-9.0,-10.0,4.0,7519.0,-13426.0,-3122.0,4679.0,-21.0,7.0,-14.0,1.0
2022-05-08 16:17:29.421571-07:00,651.4,822.7,860.4,930.5,365.4,287.5,862.1,706.0,3466.1,3472.2,1047.8,715.9,535.4,3471.0,1072.1,790.2,3454.0,3454.0,355.3,314.4,322.1,313.6,274.4,261.4,3466.1,3458.9,525.0,374.7,419.2,821.0,614.9,405.9,0.0,13.0,-3.0,9025.0,-10531.0,-5193.0,7008.0,19.0,-28.0,7.0,-2.0,7.0,2.0,7521.0,-13425.0,-3120.0,4682.0,30.0,-11.0,4.0,1.0
2022-05-08 16:17:29.481440-07:00,651.4,822.7,860.4,928.8,374.7,289.8,860.4,707.7,3466.1,3472.2,1047.8,717.5,541.0,3477.1,1080.8,791.9,3450.4,3449.1,358.4,310.5,325.9,313.6,274.4,261.4,3468.6,3466.1,517.9,379.4,416.8,821.0,614.9,405.9,5.0,-4.0,8.0,9033.0,-10519.0,-5206.0,7005.0,45.0,-3.0,-52.0,-8.0,0.0,4.0,7524.0,-13421.0,-3122.0,4684.0,22.0,-13.0,-13.0,1.0
2022-05-08 16:17:29.511756-07:00,657.0,817.7,849.5,919.4,374.7,289.8,860.4,707.7,3469.8,3471.0,1041.8,713.4,541.0,3477.1,1080.8,791.9,3450.4,3449.1,358.4,310.5,323.6,316.7,274.4,256.1,3468.6,3466.1,517.9,379.4,417.6,817.7,614.9,405.1,-5.0,-31.0,6.0,9039.0,-10520.0,-5202.0,7001.0,-19.0,15.0,26.0,-8.0,-16.0,-1.0,7526.0,-13420.0,-3121.0,4686.0,-22.0,10.0,16.0,1.0
2022-05-08 16:17:29.571608-07:00,657.0,817.7,849.5,919.4,365.4,290.5,862.1,716.7,3469.8,3471.0,1041.8,713.4,532.2,3471.0,1080.8,791.0,3435.8,3447.9,354.5,312.0,323.6,316.7,274.4,256.1,3452.8,3467.4,513.1,375.5,417.6,817.7,614.9,405.1,6.0,20.0,-1.0,9039.0,-10527.0,-5184.0,7003.0,-6.0,13.0,10.0,1.0,6.0,6.0,7532.0,-13417.0,-3110.0,4692.0,21.0,-2.0,17.0,1.0
2022-05-08 16:17:29.662325-07:00,655.4,825.2,847.8,933.0,365.4,290.5,862.1,716.7,3478.3,3471.0,1043.5,712.6,532.2,3471.0,1080.8,791.0,3435.8,3447.9,354.5,312.0,323.6,314.4,274.4,262.2,3452.8,3467.4,513.1,375.5,416.8,820.2,614.9,405.1,1.0,-3.0,-4.0,9045.0,-10523.0,-5188.0,6998.0,27.0,-10.0,-24.0,-8.0,2.0,-4.0,7533.0,-13416.0,-3110.0,4694.0,23.0,-12.0,1.0,1.0
2022-05-08 16:17:29.664016-07:00,655.4,825.2,847.8,933.0,362.3,290.5,857.0,704.4,3478.3,3471.0,1043.5,712.6,535.4,3471.0,1074.7,784.4,3444.3,3444.3,348.3,309.7,323.6,314.4,274.4,262.2,3468.6,3468.6,506.7,379.4,416.8,820.2,614.9,405.1,7.0,-8.0,3.0,9045.0,-10520.0,-5191.0,7000.0,3.0,-4.0,18.0,0.0,-3.0,5.0,7540.0,-13411.0,-3108.0,4698.0,13.0,-5.0,5.0,1.0
2022-05-08 16:17:29.722089-07:00,652.2,817.7,835.2,917.7,362.3,290.5,857.0,704.4,3478.3,3474.6,1041.8,709.3,535.4,3471.0,1074.7,784.4,3444.3,3444.3,348.3,309.7,322.1,311.3,276.7,256.1,3468.6,3468.6,506.7,379.4,416.1,824.4,609.2,400.4,2.0,10.0,4.0,9047.0,-10519.0,-5184.0,7006.0,8.0,0.0,7.0,-3.0,0.0,6.0,7546.0,-13406.0,-3106.0,4704.0,12.0,-8.0,7.0,1.0
2022-05-08 16:17:29.811661-07:00,652.2,817.7,835.2,917.7,367.7,289.0,862.1,702.8,3477.1,3474.6,1041.8,709.3,531.4,3467.4,1076.4,786.9,3444.3,3451.6,359.2,313.6,322.1,311.3,276.7,259.9,3466.1,3460.1,509.1,375.5,416.1,824.4,609.2,408.2,3.0,5.0,1.0,9047.0,-10517.0,-5183.0,7007.0,3.0,-8.0,0.0,-4.0,6.0,6.0,7552.0,-13403.0,-3104.0,4706.0,11.0,2.0,-1.0,1.0
2022-05-08 16:17:29.813662-07:00,652.2,811.0,839.4,924.5,367.7,289.0,862.1,699.5,3477.1,3478.3,1038.3,719.2,531.4,3467.4,1076.4,789.4,3443.1,3451.6,359.2,313.6,324.4,317.4,276.0,259.9,3461.3,3460.1,509.1,375.5,416.1,817.7,615.7,408.2,8.0,-9.0,1.0,9044.0,-10519.0,-5182.0,7010.0,4.0,12.0,13.0,-3.0,-3.0,0.0,7551.0,-13403.0,-3103.0,4706.0,6.0,-4.0,7.0,1.0
2022-05-08 16:17:29.871495-07:00,648.9,811.0,839.4,924.5,373.2,289.8,854.5,699.5,3464.9,3478.3,1038.3,719.2,530.6,3471.0,1074.7,789.4,3443.1,3443.1,361.5,309.7,324.4,317.4,276.0,262.2,3461.3,3463.7,512.3,381.7,416.1,817.7,615.7,405.1,3.0,2.0,3.0,9046.0,-10521.0,-5180.0,7005.0,-4.0,13.0,-17.0,-6.0,-3.0,7.0,7551.0,-13403.0,-3103.0,4706.0,-8.0,-3.0,-4.0,1.0
2022-05-08 16:17:29.931573-07:00,648.9,813.5,836.9,922.0,373.2,289.8,854.5,698.7,3464.9,3468.6,1029.7,712.6,530.6,3471.0,1074.7,791.9,3450.4,3443.1,361.5,309.7,323.6,315.1,271.4,262.2,3469.8,3463.7,512.3,381.7,412.1,815.2,608.4,405.1,-3.0,-4.0,0.0,9048.0,-10523.0,-5178.0,7002.0,-2.0,-3.0,-4.0,-8.0,-4.0,5.0,7553.0,-13402.0,-3103.0,4706.0,5.0,-1.0,-1.0,1.0
2022-05-08 16:17:29.961760-07:00,654.6,813.5,836.9,922.0,369.3,288.2,854.5,698.7,3471.0,3468.6,1029.7,712.6,532.2,3463.7,1069.5,791.9,3450.4,3449.1,356.8,315.1,323.6,315.1,271.4,259.2,3469.8,3462.5,512.3,372.4,412.1,815.2,608.4,403.5,3.0,0.0,0.0,9047.0,-10522.0,-5180.0,7003.0,2.0,-11.0,-3.0,-5.0,2.0,5.0,7553.0,-13402.0,-3103.0,4706.0,6.0,-4.0,3.0,1.0
2022-05-08 16:17:30.021553-07:00,654.6,802.7,836.9,927.9,369.3,288.2,854.5,700.3,3471.0,3467.4,1038.3,711.8,532.2,3463.7,1069.5,789.4,3450.4,3449.1,356.8,315.1,327.5,319.0,276.0,259.2,3458.9,3462.5,512.3,372.4,411.4,815.2,611.7,403.5,0.0,4.0,3.0,9050.0,-10519.0,-5179.0,7005.0,-1.0,-2.0,-7.0,-8.0,-3.0,6.0,7557.0,-13399.0,-3102.0,4708.0,3.0,-2.0,0.0,1.0
2022-05-08 16:17:30.081558-07:00,649.7,802.7,836.9,927.9,363.1,291.3,849.5,700.3,3467.4,3467.4,1038.3,711.8,530.6,3471.0,1074.7,789.4,3450.4,3447.9,353.0,312.0,327.5,319.0,276.0,256.9,3458.9,3468.6,508.3,377.8,411.4,815.2,611.7,405.1,3.0,-8.0,3.0,9050.0,-10519.0,-5181.0,7003.0,-6.0,-5.0,4.0,-5.0,-7.0,4.0,7556.0,-13400.0,-3102.0,4708.0,-3.0,0.0,3.0,1.0
2022-05-08 16:17:30.112056-07:00,649.7,802.7,829.4,933.0,363.1,291.3,852.8,699.5,3467.4,3478.3,1039.2,711.8,530.6,3471.0,1076.4,788.6,3447.9,3444.3,353.0,312.0,325.1,319.7,273.7,256.9,3462.5,3466.1,508.3,377.8,416.8,811.0,609.2,405.1,2.0,5.0,0.0,9051.0,-10520.0,-5179.0,7001.0,7.0,10.0,-7.0,-8.0,-2.0,10.0,7557.0,-13399.0,-3102.0,4708.0,7.0,-1.0,3.0,1.0
2022-05-08 16:17:30.171602-07:00,650.5,802.7,829.4,933.0,361.5,286.7,852.8,699.5,3474.6,3469.8,1039.2,711.8,530.6,3467.4,1076.4,788.6,3447.9,3444.3,361.5,313.6,325.1,319.7,273.7,259.9,3462.5,3466.1,510.7,380.2,416.8,811.0,614.1,402.0,6.0,-1.0,-6.0,9053.0,-10519.0,-5184.0,6996.0,-4.0,-5.0,-15.0,-7.0,-1.0,-1.0,7558.0,-13399.0,-3102.0,4708.0,0.0,0.0,-6.0,1.0
2022-05-08 16:17:30.231588-07:00,650.5,802.7,831.9,922.0,361.5,286.7,853.7,699.5,3474.6,3469.8,1038.3,715.9,530.6,3467.4,1072.9,789.4,3449.1,3443.1,361.5,313.6,321.3,318.2,273.7,259.9,3462.5,3464.9,510.7,380.2,419.2,818.5,614.1,402.0,12.0,-3.0,3.0,9055.0,-10518.0,-5184.0,6996.0,12.0,10.0,-4.0,-4.0,-10.0,0.0,7558.0,-13399.0,-3102.0,4708.0,10.0,-9.0,3.0,1.0
2022-05-08 16:17:30.261857-07:00,655.4,800.2,831.9,922.0,360.7,293.6,853.7,699.5,3460.1,3471.0,1038.3,715.9,533.0,3467.4,1072.9,789.4,3449.1,3443.1,355.3,311.3,321.3,318.2,278.3,252.3,3462.5,3464.9,509.1,380.2,419.2,818.5,601.2,395.7,4.0,-4.0,2.0,9062.0,-10515.0,-5182.0,6993.0,8.0,16.0,-13.0,-9.0,-4.0,7.0,7563.0,-13394.0,-3101.0,4713.0,9.0,-5.0,-3.0,1.0
2022-05-08 16:17:30.321691-07:00,655.4,800.2,828.5,923.7,360.7,293.6,858.7,700.3,3460.1,3471.0,1034.0,715.9,533.0,3467.4,1074.7,790.2,3443.1,3438.2,355.3,311.3,324.4,318.2,278.3,252.3,3471.0,3462.5,509.1,380.2,421.5,816.9,601.2,395.7,8.0,10.0,-3.0,9064.0,-10517.0,-5184.0,6986.0,-18.0,1.0,-9.0,-1.0,10.0,11.0,7565.0,-13393.0,-3100.0,4713.0,-12.0,2.0,0.0,1.0
2022-05-08 16:17:30.381506-07:00,648.1,802.7,828.5,923.7,370.0,283.6,858.7,700.3,3473.4,3473.4,1034.0,715.9,533.0,3466.1,1074.7,790.2,3443.1,3438.2,358.4,314.4,324.4,318.2,276.0,259.2,3471.0,3462.5,516.3,377.0,421.5,816.9,608.4,406.7,2.0,2.0,0.0,9064.0,-10517.0,-5182.0,6987.0,-9.0,-1.0,11.0,-10.0,-8.0,2.0,7563.0,-13394.0,-3101.0,4712.0,-6.0,1.0,6.0,1.0
2022-05-08 16:17:30.412122-07:00,648.1,802.7,826.0,925.4,370.0,286.7,845.3,697.9,3473.4,3473.4,1035.7,715.9,533.0,3464.9,1077.3,788.6,3451.6,3446.7,360.0,314.4,322.1,315.1,276.0,259.2,3452.8,3464.9,512.3,377.0,413.7,816.0,608.4,406.7,11.0,4.0,2.0,9066.0,-10515.0,-5180.0,6988.0,20.0,14.0,-9.0,-4.0,-5.0,5.0,7565.0,-13393.0,-3101.0,4714.0,16.0,-5.0,-7.0,1.0
2022-05-08 16:17:30.471573-07:00,651.4,797.7,826.9,925.4,363.8,286.7,845.3,697.9,3467.4,3474.6,1039.2,715.9,530.6,3464.9,1077.3,788.6,3451.6,3446.7,360.0,317.4,322.1,318.2,271.4,256.1,3452.8,3464.9,512.3,377.0,413.7,821.0,607.6,398.1,8.0,0.0,2.0,9070.0,-10514.0,-5180.0,6985.0,-9.0,21.0,6.0,-5.0,-1.0,-1.0,7567.0,-13392.0,-3100.0,4714.0,2.0,-5.0,0.0,1.0
2022-05-08 16:17:30.531549-07:00,651.4,797.7,826.9,919.4,363.8,289.0,855.3,701.1,3467.4,3474.6,1039.2,715.9,530.6,3471.0,1072.1,784.4,3452.8,3449.1,356.1,317.4,327.5,318.2,271.4,256.1,3460.1,3460.1,504.4,377.0,416.8,821.0,607.6,398.1,8.0,3.0,1.0,9071.0,-10514.0,-5178.0,6985.0,-5.0,-15.0,-4.0,-4.0,-4.0,4.0,7567.0,-13392.0,-3099.0,4715.0,2.0,-6.0,4.0,1.0
2022-05-08 16:17:30.592059-07:00,648.9,796.9,824.4,919.4,367.7,289.0,855.3,701.1,3469.8,3456.4,1033.2,715.9,533.8,3471.0,1072.1,784.4,3452.8,3449.1,356.1,315.1,327.5,316.7,276.7,260.7,3460.1,3460.1,504.4,377.0,416.8,818.5,601.2,400.4,2.0,2.0,-1.0,9074.0,-10511.0,-5183.0,6984.0,17.0,-5.0,-22.0,-9.0,0.0,7.0,7571.0,-13388.0,-3099.0,4719.0,19.0,-12.0,-5.0,1.0
2022-05-08 16:17:30.621563-07:00,648.9,796.9,824.4,923.7,367.7,289.0,850.3,697.0,3469.8,3456.4,1033.2,705.2,533.8,3478.3,1080.8,790.2,3441.9,3456.4,353.0,315.1,323.6,316.7,276.7,260.7,3464.9,3469.8,509.1,377.0,417.6,818.5,601.2,400.4,6.0,-12.0,-4.0,9074.0,-10511.0,-5187.0,6980.0,-10.0,8.0,5.0,-8.0,-10.0,0.0,7573.0,-13386.0,-3099.0,4721.0,2.0,-6.0,6.0,1.0
2022-05-08 16:17:30.681524-07:00,650.5,800.2,819.4,923.7,363.8,289.0,850.3,697.0,3462.5,3466.1,1032.3,705.2,536.2,3478.3,1080.8,790.2,3441.9,3456.4,353.0,312.0,323.6,315.9,271.4,259.2,3464.9,3469.8,509.1,373.2,417.6,819.4,610.0,401.2,10.0,13.0,0.0,9077.0,-10507.0,-5186.0,6982.0,16.0,-21.0,-19.0,-3.0,2.0,10.0,7580.0,-13381.0,-3098.0,4726.0,12.0,-9.0,-4.0,1.0
2022-05-08 16:17:30.711809-07:00,650.5,800.2,819.4,926.2,360.7,286.7,845.3,692.1,3462.5,3466.1,1032.3,711.0,535.4,3473.4,1080.8,790.2,3449.1,3449.1,352.2,313.6,323.6,315.9,271.4,259.2,3464.9,3457.6,512.3,377.8,416.8,819.4,610.0,401.2,4.0,-4.0,4.0,9085.0,-10498.0,-5190.0,6981.0,10.0,2.0,-20.0,-9.0,-3.0,6.0,7583.0,-13378.0,-3099.0,4729.0,12.0,-12.0,0.0,1.0
2022-05-08 16:17:30.831500-07:00,647.3,790.2,815.2,918.6,360.7,286.7,845.3,692.1,3468.6,3464.9,1033.2,711.8,535.4,3473.4,1080.8,790.2,3449.1,3449.1,352.2,313.6,325.1,315.9,276.7,259.2,3464.9,3457.6,512.3,377.8,417.6,818.5,604.4,402.8,9.0,7.0,-3.0,9089.0,-10495.0,-5191.0,6982.0,19.0,-8.0,3.0,-7.0,1.0,0.0,7588.0,-13375.0,-3097.0,4731.0,25.0,-9.0,1.0,1.0
2022-05-08 16:17:30.833482-07:00,647.3,790.2,815.2,918.6,363.8,286.7,844.4,692.1,3468.6,3464.9,1033.2,711.8,533.0,3472.2,1075.6,791.0,3441.9,3449.1,356.1,315.1,325.1,315.9,276.7,259.2,3462.5,3469.8,507.5,377.8,417.6,818.5,604.4,402.8,5.0,5.0,1.0,9091.0,-10492.0,-5193.0,6982.0,5.0,-8.0,-14.0,-10.0,1.0,8.0,7593.0,-13371.0,-3096.0,4734.0,17.0,-7.0,-2.0,1.0
2022-05-08 16:17:30.862524-07:00,644.9,791.0,815.2,922.0,363.8,286.7,844.4,692.1,3471.0,3466.1,1039.2,711.0,533.0,3472.2,1075.6,791.0,3441.9,3449.1,356.1,315.1,323.6,312.0,274.4,259.9,3462.5,3469.8,507.5,377.8,420.8,815.2,608.4,399.6,5.0,-6.0,1.0,9093.0,-10489.0,-5199.0,6980.0,10.0,-16.0,-8.0,-7.0,-3.0,8.0,7595.0,-13370.0,-3096.0,4735.0,19.0,-8.0,-1.0,1.0
2022-05-08 16:17:30.921607-07:00,644.9,791.0,815.2,922.0,366.2,285.2,848.6,695.4,3471.0,3466.1,1039.2,711.0,533.0,3469.8,1072.9,787.7,3441.9,3447.9,355.3,312.8,323.6,312.0,274.4,259.9,3471.0,3468.6,508.3,375.5,420.8,815.2,608.4,399.6,6.0,-1.0,2.0,9093.0,-10486.0,-5198.0,6984.0,-6.0,1.0,8.0,-6.0,-6.0,5.0,7599.0,-13367.0,-3095.0,4737.0,2.0,-2.0,5.0,1.0
2022-05-08 16:17:30.981729-07:00,647.3,796.0,816.0,927.1,366.2,285.2,848.6,695.4,3471.0,3478.3,1039.2,714.2,533.0,3469.8,1072.9,787.7,3441.9,3447.9,355.3,312.8,320.5,316.7,276.7,257.6,3471.0,3468.6,508.3,375.5,417.6,824.4,606.8,400.4,6.0,3.0,6.0,9095.0,-10489.0,-5193.0,6982.0,7.0,24.0,-5.0,-3.0,-3.0,15.0,7603.0,-13365.0,-3093.0,4738.0,11.0,-4.0,3.0,1.0
2022-05-08 16:17:31.012372-07:00,647.3,796.0,816.0,927.1,363.8,290.5,847.0,695.4,3471.0,3478.3,1039.2,714.2,533.0,3463.7,1074.7,790.2,3437.0,3438.2,355.3,312.0,320.5,316.7,276.7,257.6,3463.7,3469.8,503.6,377.0,417.6,824.4,606.8,400.4,6.0,-3.0,0.0,9094.0,-10493.0,-5192.0,6976.0,-15.0,1.0,1.0,-10.0,0.0,7.0,7603.0,-13365.0,-3093.0,4738.0,-5.0,2.0,5.0,1.0
2022-05-08 16:17:31.071522-07:00,646.5,793.5,819.4,927.9,363.8,290.5,847.0,699.5,3474.6,3483.2,1034.9,715.9,533.0,3463.7,1074.7,793.5,3443.1,3438.2,355.3,312.0,325.1,315.1,276.7,253.1,3460.1,3469.8,503.6,377.0,412.1,830.2,606.8,402.8,7.0,1.0,-2.0,9095.0,-10494.0,-5190.0,6976.0,17.0,12.0,-3.0,-8.0,-1.0,2.0,7606.0,-13362.0,-3093.0,4740.0,22.0,-12.0,4.0,1.0
2022-05-08 16:17:31.191998-07:00,649.7,793.5,819.4,927.9,365.4,288.2,843.6,699.5,3477.1,3483.2,1034.9,715.9,534.6,3464.9,1072.1,793.5,3443.1,3445.5,356.8,305.1,325.1,315.1,276.7,263.0,3460.1,3464.9,512.3,374.7,412.1,830.2,606.8,405.1,3.0,-8.0,2.0,9097.0,-10491.0,-5192.0,6975.0,13.0,-16.0,-13.0,-10.0,-5.0,8.0,7607.0,-13361.0,-3093.0,4741.0,16.0,-11.0,-2.0,1.0
2022-05-08 16:17:31.221575-07:00,649.7,791.0,822.7,928.8,365.4,288.2,843.6,696.2,3477.1,3464.9,1039.2,708.5,534.6,3464.9,1072.1,788.6,3451.6,3445.5,356.8,305.1,322.1,314.4,271.4,263.0,3467.4,3464.9,512.3,374.7,413.7,821.0,603.6,405.1,6.0,2.0,2.0,9101.0,-10487.0,-5192.0,6978.0,-4.0,-8.0,1.0,-8.0,-2.0,10.0,7612.0,-13357.0,-3093.0,4746.0,0.0,-4.0,-2.0,1.0
2022-05-08 16:17:31.252383-07:00,648.1,791.0,822.7,928.8,359.2,290.5,845.3,696.2,3477.1,3464.9,1039.2,708.5,534.6,3467.4,1078.2,788.6,3451.6,3444.3,356.1,313.6,322.1,314.4,271.4,250.0,3467.4,3467.4,510.7,377.0,413.7,821.0,603.6,403.5,3.0,-4.0,6.0,9100.0,-10488.0,-5193.0,6977.0,-6.0,5.0,9.0,-9.0,-4.0,10.0,7612.0,-13357.0,-3093.0,4746.0,-1.0,3.0,3.0,1.0
2022-05-08 16:17:31.254011-07:00,648.1,791.9,822.7,921.1,359.2,290.5,845.3,701.1,3477.1,3474.6,1047.8,714.2,534.6,3467.4,1078.2,793.5,3451.6,3444.3,356.1,313.6,320.5,311.3,276.7,250.0,3466.1,3467.4,510.7,377.0,426.2,819.4,610.8,403.5,5.0,5.0,1.0,9100.0,-10488.0,-5193.0,6977.0,0.0,5.0,4.0,-9.0,0.0,9.0,7612.0,-13357.0,-3093.0,4746.0,-2.0,-5.0,2.0,1.0
2022-05-08 16:17:31.311799-07:00,653.8,791.9,822.7,921.1,364.6,293.6,845.3,701.1,3469.8,3474.6,1047.8,714.2,529.0,3472.2,1072.1,793.5,3451.6,3447.9,358.4,315.1,320.5,311.3,276.7,260.7,3466.1,3457.6,509.9,378.6,426.2,819.4,610.8,399.6,6.0,-3.0,0.0,9100.0,-10488.0,-5193.0,6977.0,0.0,-7.0,0.0,-9.0,-4.0,4.0,7612.0,-13357.0,-3093.0,4746.0,3.0,-4.0,1.0,1.0
2022-05-08 16:17:31.371530-07:00,653.8,790.2,812.7,918.6,364.6,293.6,845.3,697.9,3469.8,3466.1,1034.0,711.0,529.0,3472.2,1072.1,786.9,3450.4,3447.9,358.4,315.1,325.1,310.5,270.6,260.7,3467.4,3457.6,509.9,378.6,406.7,814.4,618.9,399.6,9.0,3.0,1.0,9099.0,-10487.0,-5193.0,6978.0,-1.0,-10.0,-3.0,-7.0,-1.0,3.0,7612.0,-13356.0,-3093.0,4747.0,0.0,-5.0,-3.0,1.0
2022-05-08 16:17:31.401617-07:00,648.9,788.6,812.7,918.6,364.6,286.7,840.3,697.9,3467.4,3466.1,1034.0,711.0,535.4,3469.8,1075.6,786.9,3450.4,3449.1,354.5,309.7,325.1,310.5,274.4,256.1,3467.4,3463.7,509.1,380.2,406.7,814.4,601.2,402.0,5.0,-5.0,4.0,9100.0,-10486.0,-5193.0,6979.0,8.0,9.0,7.0,-8.0,-5.0,7.0,7612.0,-13356.0,-3093.0,4747.0,7.0,-8.0,1.0,1.0
2022-05-08 16:17:31.492547-07:00,648.9,788.6,815.2,919.4,364.6,286.7,847.0,690.5,3467.4,3466.1,1037.5,711.0,535.4,3469.8,1080.8,781.9,3445.5,3439.5,354.5,309.7,321.3,315.9,274.4,256.1,3468.6,3468.6,509.1,380.2,416.1,817.7,601.2,402.0,4.0,4.0,2.0,9100.0,-10486.0,-5193.0,6979.0,3.0,-3.0,-6.0,-8.0,1.0,9.0,7612.0,-13356.0,-3093.0,4747.0,5.0,-2.0,-1.0,1.0
2022-05-08 16:17:31.521616-07:00,661.1,779.4,815.2,919.4,365.4,290.5,847.0,690.5,3463.7,3474.6,1037.5,711.0,529.8,3468.6,1080.8,781.9,3445.5,3439.5,354.5,310.5,321.3,315.9,271.4,257.6,3468.6,3468.6,508.3,381.7,416.1,817.7,606.0,395.0,6.0,-12.0,0.0,9098.0,-10487.0,-5194.0,6978.0,0.0,2.0,0.0,-8.0,-10.0,5.0,7611.0,-13357.0,-3094.0,4746.0,1.0,-7.0,2.0,1.0
2022-05-08 16:17:31.551651-07:00,661.1,779.4,816.0,919.4,365.4,290.5,837.7,701.1,3463.7,3474.6,1035.7,719.2,529.8,3468.6,1073.8,789.4,3451.6,3455.2,354.5,310.5,325.1,315.9,271.4,257.6,3462.5,3466.1,508.3,381.7,416.8,825.2,606.0,395.0,3.0,10.0,0.0,9101.0,-10485.0,-5192.0,6980.0,1.0,-2.0,-8.0,-11.0,2.0,8.0,7615.0,-13354.0,-3093.0,4748.0,4.0,-3.0,-1.0,1.0
2022-05-08 16:17:31.701549-07:00,648.9,785.2,816.0,919.4,364.6,285.2,837.7,701.1,3462.5,3480.7,1035.7,719.2,537.8,3464.9,1073.8,789.4,3451.6,3455.2,361.5,315.1,325.1,315.9,274.4,263.0,3462.5,3466.1,511.5,381.7,416.8,825.2,602.8,398.1,5.0,-9.0,4.0,9102.0,-10483.0,-5195.0,6980.0,12.0,-1.0,3.0,-9.0,-6.0,4.0,7615.0,-13354.0,-3093.0,4748.0,13.0,-7.0,-1.0,1.0
2022-05-08 16:17:31.731567-07:00,648.9,785.2,820.2,919.4,364.6,285.2,846.1,696.2,3462.5,3480.7,1038.3,715.9,537.8,3464.9,1072.9,784.4,3443.1,3455.2,361.5,315.1,322.1,311.3,274.4,263.0,3466.1,3468.6,511.5,381.7,418.4,819.4,602.8,398.1,5.0,8.0,4.0,9103.0,-10483.0,-5194.0,6979.0,0.0,4.0,-1.0,-6.0,2.0,14.0,7617.0,-13353.0,-3092.0,4749.0,6.0,-6.0,3.0,1.0
2022-05-08 16:17:31.733402-07:00,653.0,781.9,819.4,919.4,363.8,285.9,846.1,696.2,3463.7,3467.4,1032.3,715.9,533.8,3469.8,1072.9,784.4,3443.1,3455.2,355.3,315.9,322.1,319.0,275.2,263.0,3466.1,3468.6,504.4,373.2,418.4,816.0,608.4,400.4,3.0,-8.0,11.0,9104.0,-10484.0,-5192.0,6977.0,-9.0,26.0,-3.0,-13.0,-6.0,8.0,7620.0,-13351.0,-3090.0,4750.0,18.0,-5.0,10.0,1.0
2022-05-08 16:17:31.762271-07:00,653.0,781.9,819.4,917.7,363.8,286.7,846.1,694.6,3463.7,3467.4,1032.3,713.4,533.8,3467.4,1069.5,786.9,3445.5,3444.3,355.3,315.9,322.8,319.0,275.2,263.0,3466.1,3466.1,513.9,373.2,420.8,816.0,608.4,400.4,-16.0,-71.0,22.0,9118.0,-10489.0,-5165.0,6972.0,280.0,17.0,96.0,-14.0,-51.0,27.0,7660.0,-13319.0,-3060.0,4796.0,321.0,-117.0,120.0,1.0
2022-05-08 16:17:31.822095-07:00,653.8,783.6,1010.8,917.7,366.2,286.7,846.1,694.6,3464.9,3457.6,1047.8,713.4,530.6,3467.4,1069.5,786.9,3445.5,3444.3,355.3,312.8,322.8,315.9,271.4,256.1,3466.1,3466.1,513.9,371.6,420.8,819.4,618.1,403.5,-3.0,-12.0,-20.0,9185.0,-10434.0,-5029.0,7064.0,122.0,79.0,263.0,-18.0,-12.0,-13.0,7825.0,-13185.0,-2978.0,4949.0,444.0,-190.0,155.0,1.0
2022-05-08 16:17:31.851526-07:00,653.8,783.6,1010.8,935.6,366.2,292.1,870.5,706.9,3464.9,3457.6,1047.8,705.2,530.6,3471.0,1078.2,785.2,3452.8,3445.5,353.0,312.8,322.8,315.9,271.4,256.1,3466.1,3461.3,517.9,371.6,414.5,819.4,618.1,403.5,8.0,-4.0,-1.0,9212.0,-10447.0,-4879.0,7116.0,431.0,203.0,305.0,-9.0,-3.0,18.0,7961.0,-13064.0,-2896.0,5100.0,730.0,-279.0,179.0,1.0
2022-05-08 16:17:31.911706-07:00,644.0,786.9,1210.6,935.6,364.6,292.1,870.5,706.9,3473.4,3474.6,1079.9,705.2,537.8,3471.0,1078.2,785.2,3452.8,3445.5,353.0,310.5,322.8,311.3,273.7,259.9,3466.1,3461.3,517.9,377.0,414.5,827.7,635.9,402.0,14.0,30.0,12.0,9249.0,-10447.0,-4729.0,7169.0,47.0,78.0,191.0,1.0,-3.0,8.0,8132.0,-12913.0,-2808.0,5261.0,434.0,-191.0,139.0,1.0
2022-05-08 16:17:31.971390-07:00,644.0,786.9,1210.6,945.8,364.6,292.8,911.8,723.3,3473.4,3474.6,1079.9,710.1,537.8,3472.2,1086.0,787.7,3456.4,3447.9,356.8,310.5,322.1,311.3,273.7,259.9,3466.1,3455.2,522.6,377.0,415.3,827.7,635.9,402.0,11.0,40.0,19.0,9267.0,-10473.0,-4642.0,7164.0,163.0,215.0,75.0,-9.0,7.0,11.0,8266.0,-12790.0,-2746.0,5384.0,534.0,-192.0,80.0,1.0
2022-05-08 16:17:32.001881-07:00,640.0,785.2,1182.3,945.8,364.6,292.8,911.8,723.3,3468.6,3461.3,1092.1,710.1,537.0,3472.2,1086.0,787.7,3456.4,3447.9,356.8,318.2,322.1,316.7,272.9,263.0,3466.1,3455.2,522.6,378.6,415.3,828.5,655.4,398.1,12.0,32.0,-4.0,9283.0,-10483.0,-4585.0,7165.0,3.0,-38.0,41.0,-6.0,2.0,6.0,8349.0,-12716.0,-2701.0,5453.0,171.0,-69.0,49.0,1.0
2022-05-08 16:17:32.061553-07:00,640.0,785.2,1182.3,959.4,368.5,289.8,906.7,729.0,3468.6,3461.3,1092.1,719.2,533.0,3478.3,1088.6,790.2,3445.5,3446.7,355.3,319.0,321.3,316.7,272.9,263.0,3466.1,3467.4,524.2,379.4,416.1,828.5,655.4,398.1,0.0,31.0,-16.0,9298.0,-10470.0,-4583.0,7166.0,92.0,23.0,-46.0,-5.0,17.0,9.0,8394.0,-12674.0,-2687.0,5489.0,140.0,-50.0,-17.0,1.0
2022-05-08 16:17:32.121179-07:00,647.3,768.7,1148.9,960.2,368.5,289.8,906.7,729.0,3472.2,3467.4,1099.9,711.0,533.0,3478.3,1088.6,790.2,3445.5,3446.7,355.3,319.0,322.1,314.4,272.1,255.3,3466.1,3467.4,524.2,379.4,416.8,830.2,658.7,405.1,12.0,-18.0,7.0,9311.0,-10454.0,-4593.0,7167.0,38.0,-27.0,2.0,-8.0,-8.0,1.0,8413.0,-12655.0,-2689.0,5502.0,46.0,-34.0,0.0,1.0
2022-05-08 16:17:32.151226-07:00,647.3,768.7,1148.9,960.2,361.5,286.7,897.4,715.9,3472.2,3467.4,1099.9,711.0,538.6,3466.1,1089.5,790.2,3446.7,3451.6,353.7,313.6,322.1,314.4,272.1,255.3,3464.9,3467.4,516.3,376.3,416.8,830.2,658.7,405.1,7.0,6.0,13.0,9319.0,-10444.0,-4584.0,7177.0,49.0,-12.0,1.0,-6.0,-9.0,20.0,8430.0,-12638.0,-2687.0,5517.0,77.0,-34.0,0.0,1.0
2022-05-08 16:17:32.241374-07:00,652.2,765.3,1131.4,953.4,361.5,286.7,897.4,715.9,3469.8,3466.1,1098.2,709.3,538.6,3466.1,1089.5,790.2,3446.7,3451.6,353.7,313.6,322.8,316.7,275.2,260.7,3464.9,3467.4,516.3,376.3,416.1,824.4,657.0,402.0,1.0,-6.0,4.0,9339.0,-10426.0,-4576.0,7182.0,28.0,0.0,-19.0,-10.0,-5.0,12.0,8455.0,-12615.0,-2680.0,5534.0,45.0,-14.0,-1.0,1.0
2022-05-08 16:17:32.271173-07:00,652.2,765.3,1131.4,953.4,360.7,289.8,894.9,711.8,3469.8,3466.1,1098.2,709.3,533.0,3480.7,1082.5,795.2,3450.4,3450.4,355.3,315.9,322.8,316.7,275.2,260.7,3457.6,3461.3,517.1,378.6,416.1,824.4,657.0,402.0,7.0,10.0,-9.0,9347.0,-10423.0,-4571.0,7179.0,14.0,14.0,1.0,-6.0,2.0,6.0,8462.0,-12610.0,-2676.0,5536.0,8.0,5.0,5.0,1.0
2022-05-08 16:17:32.301114-07:00,643.2,757.9,1126.1,953.4,360.7,289.8,894.9,711.8,3466.1,3467.4,1092.1,715.9,533.0,3480.7,1082.5,795.2,3450.4,3450.4,355.3,315.9,322.1,314.4,275.2,255.3,3457.6,3461.3,517.1,378.6,420.8,832.7,653.0,404.3,8.0,0.0,0.0,9347.0,-10426.0,-4571.0,7175.0,2.0,9.0,-6.0,-7.0,-4.0,7.0,8458.0,-12613.0,-2676.0,5535.0,4.0,0.0,-4.0,1.0
2022-05-08 16:17:32.361053-07:00,644.0,757.9,1126.1,953.4,367.7,291.3,889.0,707.7,3467.4,3467.4,1092.1,715.9,533.8,3469.8,1085.1,789.4,3445.5,3443.1,360.0,314.4,322.1,314.4,275.2,257.6,3460.1,3467.4,514.7,377.8,420.8,832.7,653.0,405.1,4.0,1.0,-2.0,9353.0,-10421.0,-4567.0,7177.0,23.0,0.0,-2.0,-9.0,-1.0,12.0,8467.0,-12604.0,-2675.0,5543.0,26.0,-13.0,-3.0,1.0
2022-05-08 16:17:32.451766-07:00,644.0,756.3,1116.5,951.7,367.7,291.3,889.0,704.4,3467.4,3473.4,1087.7,711.8,533.8,3469.8,1085.1,791.0,3449.1,3443.1,360.0,314.4,319.7,316.7,275.2,257.6,3468.6,3467.4,514.7,377.8,417.6,829.4,653.0,405.1,5.0,4.0,5.0,9355.0,-10419.0,-4567.0,7177.0,-11.0,3.0,5.0,-7.0,1.0,10.0,8467.0,-12603.0,-2675.0,5545.0,-23.0,9.0,6.0,1.0
2022-05-08 16:17:32.453408-07:00,644.0,756.3,1116.5,951.7,367.7,292.1,883.9,704.4,3473.4,3473.4,1087.7,711.8,533.0,3471.0,1074.7,791.0,3449.1,3455.2,356.1,314.4,319.7,316.7,275.2,259.2,3468.6,3469.8,517.9,377.0,417.6,829.4,653.0,402.0,9.0,-1.0,4.0,9356.0,-10418.0,-4567.0,7177.0,21.0,0.0,-9.0,-7.0,-2.0,0.0,8470.0,-12601.0,-2673.0,5547.0,28.0,-8.0,-5.0,1.0
2022-05-08 16:17:32.570993-07:00,644.0,756.3,1114.7,945.8,367.7,292.1,883.9,715.1,3473.4,3479.5,1090.3,709.3,533.0,3471.0,1074.7,789.4,3454.0,3455.2,356.1,314.4,323.6,313.6,268.3,259.2,3463.7,3469.8,517.9,377.0,417.6,827.7,652.2,402.0,5.0,-4.0,1.0,9361.0,-10419.0,-4561.0,7173.0,-16.0,20.0,-1.0,-9.0,2.0,5.0,8474.0,-12598.0,-2671.0,5548.0,-24.0,12.0,3.0,1.0
2022-05-08 16:17:32.601655-07:00,640.8,756.3,1114.7,945.8,366.2,284.4,878.0,715.1,3469.8,3479.5,1090.3,709.3,530.6,3471.0,1082.5,789.4,3454.0,3451.6,355.3,310.5,323.6,313.6,268.3,258.4,3463.7,3463.7,509.9,382.5,417.6,827.7,652.2,410.6,7.0,4.0,-1.0,9360.0,-10426.0,-4559.0,7165.0,-8.0,13.0,5.0,-6.0,-7.0,7.0,8468.0,-12604.0,-2671.0,5545.0,-13.0,5.0,4.0,1.0
2022-05-08 16:17:32.603384-07:00,640.8,753.8,1106.9,949.2,366.2,284.4,878.0,704.4,3469.8,3468.6,1086.8,711.0,530.6,3471.0,1082.5,787.7,3443.1,3451.6,355.3,310.5,320.5,314.4,271.4,258.4,3460.1,3463.7,509.9,382.5,415.3,824.4,648.9,410.6,7.0,-3.0,1.0,9364.0,-10423.0,-4559.0,7165.0,25.0,2.0,-11.0,-8.0,-3.0,3.0,8472.0,-12600.0,-2670.0,5548.0,34.0,-13.0,-3.0,1.0
2022-05-08 16:17:32.661710-07:00,641.6,753.8,1106.9,949.2,365.4,290.5,871.3,704.4,3467.4,3468.6,1086.8,711.0,538.6,3469.8,1084.2,787.7,3443.1,3449.1,358.4,309.7,320.5,314.4,271.4,261.4,3460.1,3466.1,514.7,384.0,415.3,824.4,648.9,405.9,7.0,-8.0,-3.0,9365.0,-10421.0,-4560.0,7164.0,-19.0,-3.0,1.0,-4.0,1.0,6.0,8477.0,-12595.0,-2668.0,5552.0,-16.0,9.0,0.0,1.0
2022-05-08 16:17:32.750879-07:00,641.6,744.7,1099.9,954.3,365.4,290.5,879.7,703.6,3467.4,3483.2,1089.5,707.7,538.6,3469.8,1082.5,789.4,3443.1,3443.1,358.4,309.7,321.3,315.9,266.8,261.4,3466.1,3466.1,514.7,384.0,429.4,831.9,647.3,405.9,6.0,11.0,-3.0,9367.0,-10420.0,-4558.0,7166.0,22.0,4.0,4.0,-5.0,7.0,5.0,8477.0,-12594.0,-2668.0,5554.0,7.0,-5.0,-1.0,1.0
2022-05-08 16:17:32.752643-07:00,640.0,744.7,1099.9,954.3,364.6,285.9,879.7,703.6,3478.3,3468.6,1089.5,707.7,535.4,3466.1,1082.5,789.4,3443.1,3443.1,356.1,311.3,321.3,315.9,268.3,256.1,3466.1,3466.1,515.5,373.9,429.4,831.9,650.5,400.4,2.0,-5.0,3.0,9367.0,-10420.0,-4559.0,7165.0,8.0,5.0,-3.0,-8.0,-3.0,13.0,8475.0,-12595.0,-2668.0,5554.0,0.0,2.0,-3.0,1.0
2022-05-08 16:17:32.811122-07:00,640.0,744.7,1106.0,948.3,364.6,285.9,880.6,698.7,3478.3,3468.6,1087.7,714.2,535.4,3466.1,1076.4,784.4,3447.9,3443.1,356.1,311.3,317.4,315.9,268.3,256.1,3462.5,3471.0,515.5,373.9,416.1,827.7,650.5,400.4,6.0,2.0,0.0,9369.0,-10419.0,-4558.0,7165.0,-6.0,0.0,3.0,-4.0,0.0,9.0,8479.0,-12592.0,-2666.0,5556.0,-2.0,6.0,4.0,1.0
2022-05-08 16:17:32.871439-07:00,640.8,749.6,1106.0,948.3,365.4,286.7,880.6,698.7,3462.5,3480.7,1087.7,714.2,536.2,3472.2,1076.4,784.4,3447.9,3443.1,356.1,310.5,317.4,315.9,274.4,259.2,3462.5,3471.0,509.9,381.7,416.1,827.7,648.1,416.1,6.0,1.0,2.0,9369.0,-10419.0,-4559.0,7165.0,9.0,0.0,-8.0,-5.0,-5.0,6.0,8478.0,-12593.0,-2666.0,5557.0,1.0,-2.0,1.0,1.0
2022-05-08 16:17:32.901441-07:00,640.8,749.6,1102.5,944.9,365.4,286.7,878.0,706.0,3462.5,3480.7,1086.8,710.1,536.2,3472.2,1083.4,791.9,3450.4,3447.9,356.1,310.5,320.5,313.6,274.4,259.2,3463.7,3468.6,509.9,381.7,416.8,828.5,648.1,416.1,9.0,-1.0,0.0,9371.0,-10417.0,-4558.0,7164.0,-2.0,0.0,-7.0,-4.0,4.0,5.0,8480.0,-12591.0,-2665.0,5558.0,3.0,-4.0,-2.0,1.0
2022-05-08 16:17:32.960936-07:00,643.2,748.8,1102.5,944.9,365.4,286.7,878.0,706.0,3462.5,3474.6,1086.8,710.1,529.0,3477.1,1083.4,791.9,3450.4,3447.9,353.0,311.3,320.5,313.6,275.2,254.6,3463.7,3468.6,515.5,377.0,416.8,828.5,647.3,396.5,7.0,7.0,0.0,9372.0,-10414.0,-4559.0,7167.0,16.0,-11.0,2.0,-3.0,5.0,0.0,8483.0,-12588.0,-2664.0,5560.0,25.0,-7.0,1.0,1.0
2022-05-08 16:17:33.020761-07:00,643.2,748.8,1095.6,954.3,365.4,291.3,880.6,706.9,3462.5,3474.6,1087.7,712.6,529.0,3473.4,1086.8,780.3,3434.6,3450.4,356.8,311.3,320.5,313.6,275.2,254.6,3463.7,3468.6,509.1,377.0,419.2,824.4,647.3,396.5,3.0,0.0,3.0,9374.0,-10414.0,-4558.0,7166.0,2.0,16.0,-5.0,-6.0,-3.0,8.0,8484.0,-12587.0,-2663.0,5561.0,-6.0,1.0,-3.0,1.0
2022-05-08 16:17:33.050637-07:00,642.4,746.3,1106.0,954.3,368.5,291.3,880.6,706.9,3461.3,3473.4,1086.0,712.6,537.8,3473.4,1086.8,780.3,3434.6,3450.4,356.8,315.9,320.5,311.3,269.1,259.2,3463.7,3468.6,509.1,376.3,419.2,824.4,646.5,405.1,4.0,-2.0,-2.0,9374.0,-10415.0,-4557.0,7164.0,-9.0,-5.0,4.0,-10.0,-8.0,7.0,8482.0,-12589.0,-2662.0,5559.0,-18.0,11.0,5.0,1.0
2022-05-08 16:17:33.110800-07:00,642.4,746.3,1106.0,948.3,368.5,286.7,878.9,711.0,3461.3,3473.4,1086.0,712.6,537.8,3468.6,1086.0,786.1,3449.1,3439.5,356.1,315.9,322.8,311.3,269.1,259.2,3466.1,3462.5,513.9,376.3,423.9,824.4,646.5,405.1,6.0,0.0,1.0,9376.0,-10413.0,-4557.0,7166.0,5.0,-14.0,-6.0,-8.0,-2.0,4.0,8484.0,-12588.0,-2662.0,5560.0,2.0,-3.0,-1.0,1.0
2022-05-08 16:17:33.170671-07:00,635.9,749.6,1099.0,948.3,368.5,286.7,878.9,711.0,3469.8,3463.7,1098.2,712.6,535.4,3468.6,1086.0,786.1,3449.1,3439.5,356.1,315.1,322.8,311.3,267.6,256.9,3466.1,3462.5,513.9,377.8,423.9,828.5,645.7,403.5,8.0,-4.0,3.0,9378.0,-10411.0,-4555.0,7166.0,6.0,-1.0,0.0,-7.0,0.0,2.0,8486.0,-12587.0,-2661.0,5560.0,15.0,-6.0,-9.0,1.0
2022-05-08 16:17:33.200624-07:00,635.9,749.6,1099.0,949.2,368.5,290.5,867.9,705.2,3469.8,3463.7,1098.2,708.5,535.4,3479.5,1081.6,790.2,3447.9,3443.1,359.2,315.1,322.1,311.3,267.6,256.9,3462.5,3457.6,509.9,377.8,416.8,828.5,645.7,403.5,10.0,0.0,6.0,9374.0,-10413.0,-4555.0,7168.0,-1.0,-10.0,13.0,-6.0,-11.0,10.0,8483.0,-12589.0,-2661.0,5559.0,-6.0,1.0,10.0,1.0
2022-05-08 16:17:33.260720-07:00,644.0,743.0,1087.7,949.2,365.4,290.5,867.9,705.2,3473.4,3468.6,1090.3,708.5,533.0,3479.5,1081.6,790.2,3447.9,3443.1,359.2,316.7,322.1,315.9,272.9,256.1,3462.5,3457.6,509.9,381.7,416.8,826.9,638.4,401.2,4.0,0.0,-2.0,9375.0,-10412.0,-4556.0,7167.0,7.0,4.0,-15.0,-9.0,3.0,6.0,8484.0,-12589.0,-2661.0,5559.0,6.0,-2.0,-8.0,1.0
2022-05-08 16:17:33.320624-07:00,644.0,743.0,1087.7,944.9,365.4,289.0,889.8,703.6,3473.4,3468.6,1090.3,711.0,533.0,3469.8,1085.1,790.2,3444.3,3445.5,358.4,316.7,320.5,315.9,272.9,256.1,3467.4,3469.8,509.9,381.7,416.8,826.9,638.4,401.2,3.0,-10.0,3.0,9376.0,-10414.0,-4554.0,7166.0,1.0,-7.0,12.0,-7.0,-5.0,1.0,8484.0,-12589.0,-2661.0,5559.0,8.0,-4.0,8.0,1.0
2022-05-08 16:17:33.350929-07:00,640.0,743.9,1086.0,957.7,364.6,289.0,889.8,703.6,3471.0,3467.4,1082.5,708.5,535.4,3469.8,1085.1,790.2,3444.3,3445.5,358.4,313.6,322.8,315.1,274.4,258.4,3467.4,3469.8,509.9,379.4,414.5,822.7,654.6,411.4,9.0,7.0,0.0,9374.0,-10412.0,-4556.0,7169.0,2.0,-9.0,-10.0,-4.0,-1.0,4.0,8484.0,-12588.0,-2661.0,5560.0,-3.0,-4.0,-4.0,1.0
2022-05-08 16:17:33.410595-07:00,640.0,743.9,1086.0,957.7,361.5,286.7,876.4,705.2,3471.0,3467.4,1082.5,708.5,534.6,3472.2,1079.0,787.7,3446.7,3438.2,354.5,319.0,322.8,315.1,274.4,258.4,3464.9,3457.6,505.1,373.2,414.5,822.7,654.6,411.4,2.0,-5.0,0.0,9378.0,-10409.0,-4555.0,7169.0,3.0,-3.0,2.0,-9.0,-1.0,8.0,8486.0,-12587.0,-2660.0,5561.0,6.0,-4.0,-3.0,1.0
2022-05-08 16:17:33.470398-07:00,638.4,742.2,1079.0,946.6,361.5,286.7,876.4,705.2,3456.4,3468.6,1084.2,711.0,534.6,3472.2,1079.0,787.7,3446.7,3438.2,354.5,319.0,319.7,315.1,271.4,259.9,3464.9,3457.6,505.1,373.2,410.6,822.7,645.7,398.1,8.0,4.0,5.0,9375.0,-10411.0,-4554.0,7171.0,-6.0,-6.0,7.0,-5.0,-1.0,8.0,8485.0,-12587.0,-2661.0,5561.0,-10.0,-1.0,5.0,1.0
2022-05-08 16:17:33.500496-07:00,638.4,742.2,1079.0,946.6,361.5,290.5,868.8,706.0,3456.4,3468.6,1084.2,711.0,531.4,3469.8,1084.2,791.9,3438.2,3446.7,355.3,318.2,319.7,315.1,271.4,259.9,3458.9,3463.7,514.7,377.0,410.6,822.7,645.7,398.1,4.0,0.0,3.0,9375.0,-10411.0,-4554.0,7171.0,9.0,-3.0,-6.0,-8.0,-2.0,5.0,8485.0,-12587.0,-2661.0,5561.0,9.0,-8.0,-2.0,1.0
2022-05-08 16:17:33.561054-07:00,636.7,738.1,1098.2,945.8,361.5,290.5,868.8,706.0,3457.6,3472.2,1092.1,711.0,531.4,3469.8,1084.2,791.9,3438.2,3446.7,355.3,318.2,321.3,310.5,270.6,259.9,3458.9,3463.7,514.7,377.0,418.4,835.2,641.6,405.9,5.0,-4.0,-2.0,9375.0,-10411.0,-4554.0,7171.0,-3.0,-8.0,3.0,-8.0,-6.0,6.0,8485.0,-12587.0,-2661.0,5561.0,-1.0,-1.0,3.0,1.0
2022-05-08 16:17:33.590477-07:00,636.7,738.1,1098.2,945.8,366.9,290.5,873.8,703.6,3457.6,3472.2,1092.1,711.0,533.8,3464.9,1084.2,789.4,3438.2,3451.6,351.4,315.9,321.3,310.5,270.6,259.9,3460.1,3468.6,513.9,371.6,418.4,835.2,641.6,405.9,6.0,3.0,2.0,9375.0,-10409.0,-4555.0,7173.0,13.0,-8.0,1.0,-8.0,-2.0,7.0,8486.0,-12587.0,-2660.0,5561.0,14.0,-5.0,-4.0,1.0
2022-05-08 16:17:33.650937-07:00,643.2,744.7,1079.0,947.5,366.9,290.5,873.8,703.6,3462.5,3478.3,1081.6,705.2,533.8,3464.9,1084.2,789.4,3438.2,3451.6,351.4,315.9,324.4,311.3,274.4,263.0,3460.1,3468.6,513.9,371.6,417.6,817.7,648.1,402.8,8.0,0.0,6.0,9378.0,-10406.0,-4553.0,7174.0,5.0,13.0,-1.0,-5.0,-1.0,7.0,8488.0,-12585.0,-2659.0,5561.0,-4.0,1.0,-4.0,1.0
2022-05-08 16:17:33.740473-07:00,643.2,744.7,1079.0,947.5,368.5,286.7,880.6,697.9,3471.0,3478.3,1081.6,705.2,533.8,3481.9,1085.1,789.4,3441.9,3452.8,358.4,313.6,324.4,311.3,274.4,266.0,3462.5,3463.7,505.1,377.0,417.6,817.7,648.1,407.5,6.0,3.0,5.0,9377.0,-10408.0,-4553.0,7173.0,-13.0,-6.0,5.0,-6.0,0.0,7.0,8487.0,-12586.0,-2660.0,5561.0,-8.0,6.0,6.0,1.0
2022-05-08 16:17:33.742452-07:00,643.2,747.2,1089.5,946.6,368.5,286.7,880.6,703.6,3471.0,3466.1,1088.6,709.3,533.8,3481.9,1085.1,791.9,3447.9,3452.8,358.4,313.6,319.0,314.4,273.7,266.0,3464.9,3463.7,505.1,377.0,416.1,831.9,644.9,407.5,1.0,1.0,0.0,9379.0,-10407.0,-4552.0,7173.0,15.0,-1.0,-6.0,-6.0,3.0,8.0,8489.0,-12585.0,-2659.0,5561.0,12.0,-9.0,-3.0,1.0
2022-05-08 16:17:33.830145-07:00,640.8,747.2,1089.5,946.6,373.2,292.8,873.0,703.6,3468.6,3466.1,1088.6,709.3,533.8,3478.3,1085.1,791.9,3447.9,3447.9,356.8,318.2,319.0,314.4,273.7,263.0,3464.9,3478.3,513.9,386.4,416.1,831.9,644.9,405.1,2.0,-1.0,-2.0,9379.0,-10407.0,-4552.0,7173.0,-4.0,-2.0,9.0,-8.0,2.0,9.0,8489.0,-12585.0,-2659.0,5561.0,-9.0,2.0,6.0,1.0
2022-05-08 16:17:33.890482-07:00,640.8,744.7,1081.6,950.0,373.2,292.8,873.0,701.9,3468.6,3488.0,1088.6,711.8,533.8,3478.3,1085.1,788.6,3447.9,3447.9,356.8,318.2,320.5,311.3,273.7,263.0,3462.5,3478.3,513.9,386.4,420.8,822.7,647.3,405.1,4.0,0.0,0.0,9378.0,-10404.0,-4555.0,7177.0,11.0,-14.0,-4.0,-8.0,-8.0,7.0,8490.0,-12584.0,-2658.0,5562.0,21.0,-14.0,-9.0,1.0
2022-05-08 16:17:33.892480-07:00,635.1,744.7,1081.6,950.0,360.7,286.7,873.0,701.9,3468.6,3488.0,1088.6,711.8,557.8,3471.0,1079.0,788.6,3447.9,3440.7,354.5,311.3,320.5,311.3,273.7,262.2,3462.5,3468.6,508.3,373.2,420.8,822.7,647.3,405.1,3.0,-5.0,5.0,9380.0,-10402.0,-4555.0,7178.0,4.0,8.0,4.0,-6.0,-2.0,7.0,8492.0,-12582.0,-2658.0,5564.0,-10.0,8.0,0.0,1.0
2022-05-08 16:17:33.950181-07:00,635.1,739.7,1084.2,945.8,360.7,286.7,873.0,702.8,3468.6,3472.2,1088.6,711.0,557.8,3471.0,1079.0,788.6,3454.0,3440.7,354.5,311.3,319.0,318.2,271.4,262.2,3462.5,3468.6,508.3,373.2,414.5,828.5,644.0,405.1,11.0,0.0,-2.0,9378.0,-10403.0,-4553.0,7179.0,-3.0,2.0,4.0,-7.0,-3.0,8.0,8490.0,-12583.0,-2659.0,5563.0,6.0,-3.0,2.0,1.0
2022-05-08 16:17:34.040827-07:00,640.8,743.0,1084.2,945.8,363.8,292.8,871.3,702.8,3468.6,3461.3,1088.6,711.0,530.6,3471.0,1088.6,788.6,3454.0,3440.7,361.5,310.5,319.0,318.2,272.9,259.9,3462.5,3462.5,509.1,377.8,414.5,828.5,643.2,403.5,5.0,6.0,0.0,9380.0,-10402.0,-4555.0,7178.0,0.0,-4.0,-11.0,-9.0,-2.0,2.0,8492.0,-12582.0,-2658.0,5564.0,-4.0,-2.0,-5.0,1.0
2022-05-08 16:17:34.042656-07:00,640.8,743.0,1082.5,950.0,363.8,292.8,872.1,701.9,3468.6,3461.3,1079.9,709.3,530.6,3471.0,1082.5,790.2,3446.7,3450.4,361.5,310.5,321.3,315.9,272.9,259.9,3464.9,3455.2,509.1,377.8,416.8,826.0,643.2,403.5,6.0,-8.0,6.0,9378.0,-10402.0,-4553.0,7179.0,-4.0,-7.0,15.0,-6.0,-8.0,6.0,8489.0,-12584.0,-2660.0,5563.0,-2.0,0.0,5.0,1.0
2022-05-08 16:17:34.100059-07:00,644.9,737.3,1082.5,950.0,362.3,292.1,872.1,701.9,3473.4,3478.3,1079.9,709.3,533.0,3473.4,1082.5,790.2,3446.7,3450.4,356.1,315.9,321.3,315.9,269.1,259.9,3464.9,3455.2,505.1,381.7,416.8,826.0,642.4,402.8,8.0,13.0,2.0,9380.0,-10400.0,-4551.0,7181.0,11.0,-7.0,-11.0,-3.0,4.0,5.0,8492.0,-12581.0,-2659.0,5565.0,18.0,-8.0,-6.0,1.0
2022-05-08 16:17:34.160722-07:00,644.9,737.3,1076.4,944.1,362.3,292.1,867.1,703.6,3473.4,3478.3,1084.2,713.4,533.0,3473.4,1083.4,786.9,3437.0,3440.7,356.1,315.9,320.5,317.4,269.1,259.9,3469.8,3462.5,505.1,381.7,416.1,825.2,642.4,402.8,6.0,-9.0,2.0,9382.0,-10400.0,-4553.0,7179.0,-9.0,-6.0,5.0,-6.0,-6.0,5.0,8492.0,-12581.0,-2660.0,5565.0,-12.0,4.0,2.0,1.0
2022-05-08 16:17:34.190057-07:00,653.8,740.6,1076.4,944.1,364.6,287.5,867.1,703.6,3462.5,3478.3,1084.2,713.4,536.2,3468.6,1083.4,786.9,3437.0,3440.7,358.4,316.7,320.5,317.4,272.9,256.1,3469.8,3462.5,509.1,377.8,416.1,825.2,641.6,405.9,5.0,12.0,0.0,9377.0,-10403.0,-4553.0,7179.0,-25.0,-3.0,2.0,0.0,12.0,7.0,8487.0,-12585.0,-2661.0,5562.0,-23.0,18.0,-3.0,1.0
2022-05-08 16:17:34.249892-07:00,653.8,740.6,1082.5,952.6,364.6,287.5,875.5,698.7,3462.5,3478.3,1083.4,711.0,536.2,3468.6,1079.9,795.2,3445.5,3443.1,358.4,316.7,327.5,319.0,272.9,256.1,3469.8,3471.0,509.1,377.8,425.5,829.4,641.6,405.9,27.0,1.0,15.0,9340.0,-10445.0,-4568.0,7157.0,-207.0,83.0,44.0,4.0,6.0,-9.0,8445.0,-12631.0,-2670.0,5518.0,-282.0,146.0,-31.0,1.0
2022-05-08 16:17:34.310081-07:00,645.7,738.1,1134.0,952.6,363.8,292.1,875.5,698.7,3473.4,3463.7,1084.2,711.0,537.0,3468.6,1079.9,795.2,3445.5,3443.1,355.3,314.4,327.5,315.9,276.0,257.6,3469.8,3471.0,505.1,381.7,425.5,825.2,638.4,410.6,-6.0,24.0,8.0,9286.0,-10517.0,-4584.0,7113.0,-239.0,32.0,-20.0,-10.0,-2.0,36.0,8305.0,-12769.0,-2710.0,5392.0,-606.0,262.0,-80.0,1.0
2022-05-08 16:17:34.369770-07:00,645.7,738.1,1134.0,946.6,363.8,289.0,873.8,698.7,3473.4,3463.7,1084.2,710.1,537.0,3464.9,1079.9,789.4,3438.2,3452.8,353.7,314.4,322.1,315.9,276.0,257.6,3463.7,3460.1,507.5,381.7,421.5,825.2,638.4,410.6,-3.0,11.0,-23.0,9252.0,-10519.0,-4659.0,7105.0,-43.0,-210.0,-123.0,-10.0,18.0,-5.0,8172.0,-12896.0,-2765.0,5262.0,-405.0,186.0,-120.0,1.0
2022-05-08 16:17:34.429831-07:00,639.2,776.9,1141.0,946.6,367.7,289.0,873.8,698.7,3471.0,3473.4,1080.8,710.1,533.8,3464.9,1079.9,789.4,3438.2,3452.8,353.7,316.7,322.1,313.6,272.9,257.6,3463.7,3460.1,507.5,380.2,421.5,817.7,632.7,405.9,8.0,-27.0,1.0,9203.0,-10510.0,-4768.0,7109.0,-199.0,-166.0,-106.0,-5.0,-13.0,2.0,8037.0,-13018.0,-2832.0,5133.0,-516.0,188.0,-108.0,1.0
2022-05-08 16:17:34.459828-07:00,639.2,776.9,1141.0,939.0,367.7,291.3,854.5,701.1,3471.0,3473.4,1080.8,708.5,533.8,3467.4,1082.5,791.9,3450.4,3446.7,360.0,316.7,322.1,313.6,272.9,257.6,3457.6,3463.7,509.9,380.2,416.1,817.7,632.7,405.9,5.0,-15.0,7.0,9156.0,-10504.0,-4854.0,7120.0,-91.0,-155.0,-66.0,-10.0,2.0,4.0,7919.0,-13118.0,-2894.0,5028.0,-360.0,121.0,-107.0,1.0
2022-05-08 16:17:34.520764-07:00,640.0,800.2,1011.6,939.0,365.4,291.3,854.5,701.1,3475.9,3468.6,1061.7,708.5,534.6,3467.4,1082.5,791.9,3450.4,3446.7,360.0,315.1,322.1,315.1,273.7,259.9,3457.6,3463.7,509.9,377.8,416.1,821.0,620.5,401.2,-4.0,-1.0,12.0,9144.0,-10482.0,-4902.0,7135.0,-73.0,-97.0,-66.0,-10.0,-18.0,16.0,7840.0,-13184.0,-2940.0,4952.0,-304.0,123.0,-84.0,1.0
2022-05-08 16:17:34.579711-07:00,640.0,800.2,1011.6,933.9,365.4,294.4,856.2,697.0,3475.9,3468.6,1061.7,710.1,534.6,3462.5,1074.7,784.4,3444.3,3438.2,362.3,315.1,321.3,315.1,273.7,259.9,3468.6,3467.4,514.7,377.8,418.4,821.0,620.5,401.2,13.0,0.0,12.0,9108.0,-10489.0,-4977.0,7120.0,-194.0,-29.0,-77.0,-4.0,3.0,2.0,7740.0,-13264.0,-2989.0,4864.0,-380.0,133.0,-83.0,1.0
2022-05-08 16:17:34.611650-07:00,646.5,812.7,942.4,933.9,363.1,294.4,856.2,697.0,3473.4,3462.5,1052.2,710.1,533.8,3462.5,1074.7,784.4,3444.3,3438.2,362.3,313.6,321.3,318.2,278.3,260.7,3468.6,3467.4,514.7,378.6,418.4,818.5,620.5,401.2,2.0,-9.0,14.0,9076.0,-10524.0,-5016.0,7082.0,-115.0,47.0,-23.0,-6.0,0.0,2.0,7660.0,-13329.0,-3020.0,4794.0,-188.0,90.0,-30.0,1.0
2022-05-08 16:17:34.639940-07:00,646.5,812.7,942.4,943.2,362.3,289.8,854.5,706.0,3473.4,3462.5,1052.2,710.1,530.6,3478.3,1079.9,790.2,3447.9,3451.6,356.1,310.5,323.6,318.2,278.3,260.7,3457.6,3469.8,513.9,376.3,413.7,818.5,620.5,401.2,12.0,1.0,-8.0,9050.0,-10559.0,-5034.0,7050.0,-140.0,27.0,-17.0,0.0,2.0,-4.0,7596.0,-13380.0,-3040.0,4740.0,-228.0,84.0,-35.0,1.0
2022-05-08 16:17:34.699754-07:00,650.5,817.7,905.0,931.3,362.3,289.8,854.5,706.0,3461.3,3478.3,1047.0,715.9,530.6,3478.3,1079.9,790.2,3447.9,3451.6,356.1,310.5,323.6,312.8,276.0,260.7,3457.6,3469.8,513.9,376.3,417.6,818.5,620.5,396.5,2.0,-9.0,-3.0,9041.0,-10577.0,-5038.0,7032.0,-18.0,43.0,-15.0,-9.0,-10.0,-3.0,7568.0,-13403.0,-3050.0,4713.0,-50.0,18.0,-10.0,1.0
2022-05-08 16:17:34.759740-07:00,650.5,817.7,905.0,931.3,362.3,290.5,854.5,693.8,3461.3,3478.3,1047.0,715.9,532.2,3466.1,1086.0,789.4,3449.1,3444.3,361.5,317.4,323.6,312.8,276.0,260.7,3468.6,3466.1,517.9,378.6,417.6,818.5,620.5,396.5,-1.0,12.0,-5.0,9058.0,-10578.0,-5035.0,7010.0,26.0,18.0,-32.0,-7.0,12.0,10.0,7562.0,-13406.0,-3057.0,4709.0,-12.0,10.0,-20.0,1.0
2022-05-08 16:17:34.789731-07:00,651.4,826.9,886.5,933.0,362.3,290.5,854.5,693.8,3468.6,3467.4,1036.6,719.2,532.2,3466.1,1086.0,789.4,3449.1,3444.3,361.5,317.4,327.5,315.1,274.4,263.0,3468.6,3466.1,517.9,378.6,417.6,821.9,616.5,402.0,4.0,-26.0,10.0,9060.0,-10574.0,-5048.0,7005.0,41.0,-17.0,-11.0,-9.0,-14.0,4.0,7556.0,-13411.0,-3059.0,4704.0,39.0,-15.0,3.0,1.0
2022-05-08 16:17:34.849452-07:00,651.4,826.9,886.5,933.0,363.8,287.5,846.1,701.1,3468.6,3467.4,1036.6,719.2,535.4,3467.4,1079.9,788.6,3443.1,3451.6,355.3,310.5,327.5,315.1,274.4,263.0,3468.6,3471.0,512.3,375.5,417.6,821.9,616.5,402.0,-1.0,9.0,-5.0,9070.0,-10570.0,-5039.0,7003.0,-17.0,21.0,-1.0,-8.0,6.0,6.0,7567.0,-13403.0,-3057.0,4712.0,-8.0,5.0,1.0,1.0
2022-05-08 16:17:34.910471-07:00,652.2,816.9,870.5,925.4,363.8,287.5,846.1,701.1,3477.1,3469.8,1036.6,714.2,535.4,3467.4,1079.9,788.6,3443.1,3451.6,355.3,310.5,319.7,311.3,278.3,260.7,3468.6,3471.0,512.3,375.5,422.3,820.2,616.5,404.3,4.0,3.0,-5.0,9070.0,-10576.0,-5033.0,6999.0,-2.0,-4.0,14.0,-2.0,-1.0,8.0,7568.0,-13402.0,-3056.0,4714.0,5.0,2.0,4.0,1.0
2022-05-08 16:17:34.969520-07:00,652.2,816.9,870.5,925.4,364.6,293.6,842.8,696.2,3469.8,3469.8,1036.6,714.2,530.6,3471.0,1072.9,790.2,3438.2,3447.9,356.1,317.4,319.7,311.3,278.3,259.9,3454.0,3466.1,508.3,372.4,422.3,820.2,616.5,401.2,11.0,-1.0,2.0,9065.0,-10580.0,-5030.0,7001.0,-7.0,15.0,15.0,-4.0,-1.0,-2.0,7568.0,-13401.0,-3056.0,4714.0,4.0,-1.0,2.0,1.0
2022-05-08 16:17:34.999554-07:00,652.2,810.2,872.1,933.0,364.6,293.6,842.8,692.1,3469.8,3455.2,1042.6,713.4,530.6,3471.0,1072.9,788.6,3449.1,3447.9,356.1,317.4,323.6,316.7,275.2,259.9,3462.5,3466.1,508.3,372.4,413.7,819.4,614.9,401.2,7.0,6.0,0.0,9066.0,-10586.0,-5024.0,6994.0,-21.0,9.0,-7.0,4.0,-2.0,6.0,7568.0,-13401.0,-3056.0,4714.0,-14.0,9.0,1.0,1.0
2022-05-08 16:17:35.059901-07:00,653.8,810.2,872.1,933.0,360.7,296.7,846.1,692.1,3469.8,3455.2,1042.6,713.4,533.8,3464.9,1072.9,788.6,3449.1,3446.7,354.5,312.0,323.6,316.7,275.2,257.6,3462.5,3462.5,505.9,373.2,413.7,819.4,614.9,402.0,6.0,-4.0,1.0,9064.0,-10585.0,-5033.0,6994.0,-6.0,-18.0,-2.0,0.0,2.0,2.0,7566.0,-13402.0,-3057.0,4714.0,3.0,4.0,-3.0,1.0
2022-05-08 16:17:35.089493-07:00,653.8,818.5,862.1,918.6,360.7,296.7,846.1,695.4,3469.8,3473.4,1037.5,717.5,533.8,3464.9,1072.9,791.0,3458.9,3446.7,354.5,312.0,326.7,317.4,272.9,257.6,3466.1,3462.5,505.9,373.2,421.5,819.4,616.5,402.0,11.0,-3.0,0.0,9051.0,-10588.0,-5038.0,7001.0,-23.0,-16.0,31.0,-3.0,5.0,-2.0,7565.0,-13403.0,-3057.0,4714.0,-7.0,0.0,10.0,1.0
2022-05-08 16:17:35.149966-07:00,651.4,818.5,862.1,918.6,360.0,293.6,841.9,695.4,3463.7,3473.4,1037.5,717.5,537.0,3471.0,1062.5,791.0,3458.9,3447.9,356.1,310.5,326.7,317.4,272.9,258.4,3466.1,3461.3,508.3,377.8,421.5,819.4,616.5,398.1,0.0,12.0,4.0,9046.0,-10594.0,-5034.0,7003.0,1.0,18.0,16.0,-10.0,6.0,11.0,7565.0,-13403.0,-3055.0,4715.0,9.0,-1.0,5.0,1.0
2022-05-08 16:17:35.209518-07:00,651.4,809.4,860.4,940.7,360.0,293.6,841.9,691.3,3463.7,3463.7,1038.3,709.3,537.0,3471.0,1062.5,785.2,3446.7,3447.9,356.1,310.5,317.4,315.1,272.9,258.4,3466.1,3461.3,508.3,377.8,417.6,814.4,613.3,398.1,-11.0,0.0,2.0,9043.0,-10598.0,-5033.0,7000.0,-22.0,-9.0,-3.0,-19.0,-2.0,9.0,7561.0,-13405.0,-3054.0,4717.0,-13.0,6.0,3.0,1.0
2022-05-08 16:17:35.239570-07:00,647.3,809.4,860.4,940.7,369.3,290.5,837.7,691.3,3462.5,3471.0,1038.3,709.3,539.4,3480.7,1077.3,785.2,3446.7,3441.9,360.0,309.7,317.4,315.1,272.1,260.7,3466.1,3463.7,507.5,380.2,417.6,814.4,613.3,398.1,1.0,0.0,1.0,9040.0,-10602.0,-5031.0,7000.0,-16.0,11.0,8.0,-7.0,-3.0,0.0,7560.0,-13405.0,-3053.0,4719.0,-12.0,3.0,4.0,1.0
2022-05-08 16:17:35.329336-07:00,647.3,809.4,852.0,926.2,369.3,290.5,841.9,693.8,3462.5,3471.0,1028.0,715.1,539.4,3480.7,1079.9,791.9,3443.1,3450.4,360.0,309.7,322.8,314.4,272.1,260.7,3463.7,3461.3,507.5,380.2,417.6,817.7,613.3,398.1,10.0,2.0,0.0,9039.0,-10605.0,-5032.0,6996.0,10.0,4.0,-1.0,-1.0,0.0,4.0,7560.0,-13405.0,-3053.0,4720.0,15.0,-6.0,0.0,1.0
2022-05-08 16:17:35.359266-07:00,645.7,806.9,852.0,926.2,357.6,290.5,841.9,693.8,3467.4,3469.8,1028.0,715.1,533.0,3461.3,1079.9,791.9,3443.1,3450.4,351.4,306.7,322.8,314.4,269.9,259.9,3463.7,3461.3,503.6,377.8,417.6,817.7,614.9,401.2,7.0,-2.0,0.0,9039.0,-10603.0,-5034.0,6998.0,8.0,-3.0,2.0,-2.0,2.0,-2.0,7561.0,-13404.0,-3052.0,4720.0,10.0,-6.0,-1.0,1.0
2022-05-08 16:17:35.389276-07:00,645.7,806.9,855.3,922.8,357.6,290.5,836.9,685.6,3467.4,3469.8,1033.2,711.0,533.0,3461.3,1077.3,782.7,3432.2,3449.1,351.4,306.7,325.1,313.6,269.9,259.9,3450.4,3466.1,503.6,377.8,411.4,819.4,614.9,401.2,2.0,2.0,-4.0,9039.0,-10602.0,-5036.0,6998.0,5.0,-19.0,6.0,-4.0,3.0,6.0,7564.0,-13402.0,-3051.0,4722.0,12.0,-10.0,-3.0,1.0
2022-05-08 16:17:35.479231-07:00,650.5,802.7,855.3,922.8,357.6,293.6,836.9,685.6,3467.4,3463.7,1033.2,711.0,536.2,3478.3,1077.3,782.7,3432.2,3449.1,353.7,313.6,325.1,313.6,270.6,255.3,3450.4,3466.1,505.1,371.6,411.4,819.4,615.7,399.6,-1.0,0.0,6.0,9040.0,-10597.0,-5037.0,7004.0,20.0,-5.0,9.0,-12.0,1.0,3.0,7569.0,-13397.0,-3051.0,4728.0,25.0,-11.0,1.0,1.0
2022-05-08 16:17:35.509333-07:00,650.5,802.7,856.2,922.8,357.6,293.6,844.4,697.9,3467.4,3463.7,1034.9,705.2,536.2,3478.3,1075.6,786.9,3451.6,3449.1,353.7,313.6,327.5,318.2,270.6,255.3,3460.1,3457.6,505.1,371.6,415.3,819.4,615.7,399.6,-2.0,4.0,0.0,9045.0,-10594.0,-5033.0,7004.0,8.0,3.0,2.0,-9.0,1.0,5.0,7574.0,-13393.0,-3049.0,4731.0,11.0,-1.0,1.0,1.0
2022-05-08 16:17:35.539432-07:00,654.6,811.9,856.2,922.8,361.5,295.1,844.4,697.9,3463.7,3474.6,1034.9,705.2,532.2,3468.6,1075.6,786.9,3451.6,3449.1,353.0,315.9,327.5,318.2,274.4,259.9,3460.1,3457.6,508.3,380.2,415.3,819.4,618.1,395.0,5.0,0.0,3.0,9046.0,-10592.0,-5033.0,7006.0,19.0,-14.0,-4.0,-1.0,-5.0,3.0,7577.0,-13392.0,-3048.0,4732.0,15.0,-9.0,-2.0,1.0
2022-05-08 16:17:35.599205-07:00,654.6,811.9,844.4,936.4,361.5,289.8,837.7,691.3,3463.7,3474.6,1031.4,711.0,532.2,3468.6,1077.3,786.9,3443.1,3445.5,353.0,315.9,317.4,313.6,274.4,259.9,3464.9,3463.7,504.4,380.2,412.1,819.4,618.1,395.0,0.0,4.0,1.0,9049.0,-10586.0,-5032.0,7012.0,0.0,-5.0,4.0,-6.0,1.0,5.0,7584.0,-13387.0,-3046.0,4736.0,13.0,-8.0,-6.0,1.0
2022-05-08 16:17:35.659054-07:00,648.1,801.9,843.6,936.4,360.7,289.8,837.7,691.3,3469.8,3472.2,1027.1,711.0,534.6,3468.6,1077.3,786.9,3443.1,3445.5,353.0,310.5,317.4,314.4,271.4,256.9,3464.9,3463.7,504.4,373.2,412.1,817.7,611.7,397.3,0.0,-1.0,4.0,9048.0,-10584.0,-5035.0,7014.0,5.0,-20.0,1.0,-7.0,-7.0,7.0,7585.0,-13386.0,-3045.0,4737.0,13.0,-8.0,-2.0,1.0
2022-05-08 16:17:35.689044-07:00,648.1,801.9,843.6,926.2,360.7,289.8,844.4,695.4,3469.8,3472.2,1027.1,712.6,534.6,3469.8,1072.9,789.4,3450.4,3449.1,354.5,310.5,322.1,314.4,271.4,256.9,3463.7,3458.9,506.7,373.2,416.8,817.7,611.7,397.3,0.0,-1.0,8.0,9050.0,-10580.0,-5035.0,7018.0,9.0,14.0,4.0,-7.0,-5.0,8.0,7590.0,-13382.0,-3045.0,4742.0,10.0,-6.0,4.0,1.0
2022-05-08 16:17:35.748972-07:00,647.3,798.5,842.8,926.2,360.7,289.8,844.4,695.4,3483.2,3457.6,1033.2,712.6,542.6,3469.8,1072.9,789.4,3450.4,3449.1,354.5,315.9,322.1,312.8,272.1,259.9,3463.7,3458.9,506.7,378.6,416.8,818.5,609.2,402.0,6.0,3.0,0.0,9049.0,-10587.0,-5032.0,7011.0,-19.0,12.0,-9.0,3.0,-4.0,4.0,7587.0,-13385.0,-3044.0,4739.0,-23.0,11.0,2.0,1.0
2022-05-08 16:17:35.869102-07:00,647.3,798.5,842.8,927.9,360.7,290.5,837.7,694.6,3483.2,3457.6,1033.2,715.1,542.6,3467.4,1080.8,790.2,3449.1,3432.2,358.4,315.9,323.6,312.8,272.1,259.9,3460.1,3455.2,502.0,378.6,416.1,818.5,609.2,402.0,3.0,-7.0,1.0,9046.0,-10587.0,-5035.0,7012.0,1.0,-14.0,9.0,-5.0,-1.0,-2.0,7589.0,-13383.0,-3044.0,4740.0,13.0,-14.0,1.0,1.0
2022-05-08 16:17:35.899158-07:00,649.7,801.9,837.7,927.9,363.1,290.5,837.7,694.6,3471.0,3469.8,1022.8,715.1,536.2,3467.4,1080.8,790.2,3449.1,3432.2,358.4,313.6,323.6,315.1,271.4,263.0,3460.1,3455.2,502.0,375.5,416.1,820.2,610.8,394.2,1.0,9.0,4.0,9044.0,-10589.0,-5031.0,7015.0,-19.0,25.0,13.0,-9.0,5.0,-2.0,7590.0,-13381.0,-3041.0,4747.0,-2.0,3.0,12.0,1.0
2022-05-08 16:17:35.901463-07:00,649.7,801.9,837.7,924.5,367.7,289.0,832.7,692.1,3471.0,3469.8,1022.8,709.3,536.2,3467.4,1080.8,790.2,3443.1,3450.4,354.5,315.1,328.2,315.1,271.4,263.0,3469.8,3458.9,507.5,373.9,413.7,820.2,610.8,394.2,2.0,1.0,-2.0,9045.0,-10598.0,-5022.0,7006.0,-5.0,9.0,-1.0,-6.0,-9.0,8.0,7590.0,-13381.0,-3040.0,4747.0,3.0,7.0,3.0,1.0
